dataset,role,profile_id,method,horizon,node,rmse_c,mae_c,max_abs_c,clip_count,nonfinite_count,n_seconds
primary_52kw,validation,10,initial_state_persistence,matched_20min,temp_winding,7.793836711924264,5.561891110738118,19.74151611328125,0,0,1200
primary_52kw,validation,10,initial_state_persistence,matched_20min,temp_stator_core,6.384347425754713,5.303123661677042,13.057844161987305,0,0,1200
primary_52kw,validation,10,initial_state_persistence,matched_20min,temp_rotor,21.818655962484673,19.71825114885966,35.14281463623047,0,0,1200
primary_52kw,validation,10,initial_state_persistence,matched_20min,macro,11.998946700054551,10.194421973758274,22.64739163716634,0,0,1200
primary_52kw,validation,10,boundary_shift_persistence,matched_20min,temp_winding,7.407842436318425,5.410841669638952,18.553012371063232,0,0,1200
primary_52kw,validation,10,boundary_shift_persistence,matched_20min,temp_stator_core,5.8571268966372205,4.799593641360601,12.124959945678711,0,0,1200
primary_52kw,validation,10,boundary_shift_persistence,matched_20min,temp_rotor,21.24023574566891,19.214721128543218,34.20148754119873,0,0,1200
primary_52kw,validation,10,boundary_shift_persistence,matched_20min,macro,11.501735026208186,9.80838547984759,21.626486619313557,0,0,1200
primary_52kw,validation,10,source_ridge_arx,matched_20min,temp_winding,9.02851276801257,6.31963741269401,22.161870120682252,0,0,1200
primary_52kw,validation,10,source_ridge_arx,matched_20min,temp_stator_core,4.312613609658419,2.8745414670138403,10.143693302396493,0,0,1200
primary_52kw,validation,10,source_ridge_arx,matched_20min,temp_rotor,9.9186733279534,8.833459180649513,17.92884158550855,0,0,1200
primary_52kw,validation,10,source_ridge_arx,matched_20min,macro,7.753266568541463,6.009212686785787,16.7448016695291,0,0,1200
primary_52kw,validation,10,source_positive_thermal_network_raw,matched_20min,temp_winding,1.3838665174559048,1.0896583394309423,3.2826898470661376,0,0,1200
primary_52kw,validation,10,source_positive_thermal_network_raw,matched_20min,temp_stator_core,0.999076042102973,0.8742542123197069,1.974199595356069,0,0,1200
primary_52kw,validation,10,source_positive_thermal_network_raw,matched_20min,temp_rotor,1.2241590352267893,1.002119448621456,1.981479440541932,0,0,1200
primary_52kw,validation,10,source_positive_thermal_network_raw,matched_20min,macro,1.202367198261889,0.9886773334573684,2.4127896276547127,0,0,1200
primary_52kw,validation,10,source_positive_thermal_network_normalized,matched_20min,temp_winding,17.71717379666505,14.482210989036457,35.65295264471624,0,0,1200
primary_52kw,validation,10,source_positive_thermal_network_normalized,matched_20min,temp_stator_core,9.149666961864158,7.490004550679712,17.55117915693762,0,0,1200
primary_52kw,validation,10,source_positive_thermal_network_normalized,matched_20min,temp_rotor,14.256141325096637,12.68223901578576,24.60941862781064,0,0,1200
primary_52kw,validation,10,source_positive_thermal_network_normalized,matched_20min,macro,13.707660694541948,11.551484851833976,25.937850143154833,0,0,1200
primary_52kw,validation,10,target_only_prefix_positive_thermal_network,matched_20min,temp_winding,10.193350604660644,9.267685265704765,14.871437091894727,0,0,1200
primary_52kw,validation,10,target_only_prefix_positive_thermal_network,matched_20min,temp_stator_core,2.7690354214897726,2.3602523188408706,4.839144440218156,0,0,1200
primary_52kw,validation,10,target_only_prefix_positive_thermal_network,matched_20min,temp_rotor,33.88402478791135,27.04331804615868,66.9920696371392,0,0,1200
primary_52kw,validation,10,target_only_prefix_positive_thermal_network,matched_20min,macro,15.615470271353923,12.890418543568105,28.900883723084025,0,0,1200
primary_52kw,validation,10,source_prior_prefix_calibrated_thermal_network,matched_20min,temp_winding,59.86295745492984,53.287880133082204,105.7874312184741,0,0,1200
primary_52kw,validation,10,source_prior_prefix_calibrated_thermal_network,matched_20min,temp_stator_core,33.91897317256046,30.109704301490133,57.91772132311492,0,0,1200
primary_52kw,validation,10,source_prior_prefix_calibrated_thermal_network,matched_20min,temp_rotor,38.448250692746086,32.23974585763478,72.05810209289089,0,0,1200
primary_52kw,validation,10,source_prior_prefix_calibrated_thermal_network,matched_20min,macro,44.076727106745466,38.54577676406904,78.58775154482665,0,0,1200
primary_52kw,validation,10,source_thermal_network_plus_hist_gradient_residual,matched_20min,temp_winding,13.42212995447157,9.774677991163525,28.562396006056346,0,0,1200
primary_52kw,validation,10,source_thermal_network_plus_hist_gradient_residual,matched_20min,temp_stator_core,6.242692832281467,4.36484925022132,13.238169853212256,0,0,1200
primary_52kw,validation,10,source_thermal_network_plus_hist_gradient_residual,matched_20min,temp_rotor,4.60858170378112,2.7528580491868215,10.730565347357533,0,0,1200
primary_52kw,validation,10,source_thermal_network_plus_hist_gradient_residual,matched_20min,macro,8.091134830178051,5.630795096857223,17.51037706887538,0,0,1200
primary_52kw,validation,10,initial_state_persistence,long_55min,temp_winding,25.385522198080213,19.499295921903666,46.07834815979004,0,0,3300
primary_52kw,validation,10,initial_state_persistence,long_55min,temp_stator_core,11.017352741825007,9.234672086889093,20.74926471710205,0,0,3300
primary_52kw,validation,10,initial_state_persistence,long_55min,temp_rotor,19.799217138928167,18.044454231262208,35.14281463623047,0,0,3300
primary_52kw,validation,10,initial_state_persistence,long_55min,macro,18.73403069294446,15.592807413351656,33.990142504374184,0,0,3300
primary_52kw,validation,10,boundary_shift_persistence,long_55min,temp_winding,25.995446475206712,19.955318547451135,47.27612495422363,0,0,3300
primary_52kw,validation,10,boundary_shift_persistence,long_55min,temp_stator_core,11.428367909531996,9.354490951480287,21.892531394958496,0,0,3300
primary_52kw,validation,10,boundary_shift_persistence,long_55min,temp_rotor,18.974837075797772,17.181491876948964,34.20148754119873,0,0,3300
primary_52kw,validation,10,boundary_shift_persistence,long_55min,macro,18.799550486845494,15.497100458626795,34.45671463012695,0,0,3300
primary_52kw,validation,10,source_ridge_arx,long_55min,temp_winding,17.963256552614087,14.777370135418195,35.575437734426856,0,0,3300
primary_52kw,validation,10,source_ridge_arx,long_55min,temp_stator_core,9.081609717928886,7.357168973905156,15.722120468446064,0,0,3300
primary_52kw,validation,10,source_ridge_arx,long_55min,temp_rotor,8.538858481466644,7.2870048161460845,17.92884158550855,0,0,3300
primary_52kw,validation,10,source_ridge_arx,long_55min,macro,11.861241584003205,9.807181308489811,23.075466596127157,0,0,3300
primary_52kw,validation,10,source_positive_thermal_network_raw,long_55min,temp_winding,1.5304834755216115,1.0975815235046849,6.93055482379927,0,0,3300
primary_52kw,validation,10,source_positive_thermal_network_raw,long_55min,temp_stator_core,1.2866030752007311,1.0486166444679061,4.086521146229572,0,0,3300
primary_52kw,validation,10,source_positive_thermal_network_raw,long_55min,temp_rotor,4.4142696127960415,3.4222504518352777,9.410008679719297,0,0,3300
primary_52kw,validation,10,source_positive_thermal_network_raw,long_55min,macro,2.4104520545061283,1.8561495399359564,6.809028216582713,0,0,3300
primary_52kw,validation,10,source_positive_thermal_network_normalized,long_55min,temp_winding,17.826492315591405,12.992295378166784,51.04357925537327,0,0,3300
primary_52kw,validation,10,source_positive_thermal_network_normalized,long_55min,temp_stator_core,9.544973597743382,6.987850401306468,23.883030988849303,0,0,3300
primary_52kw,validation,10,source_positive_thermal_network_normalized,long_55min,temp_rotor,13.964993767289306,12.415003482950414,24.60941862781064,0,0,3300
primary_52kw,validation,10,source_positive_thermal_network_normalized,long_55min,macro,13.778819893541366,10.798383087474555,33.178676290677735,0,0,3300
primary_52kw,validation,10,target_only_prefix_positive_thermal_network,long_55min,temp_winding,9.915211002258943,9.259183663379329,14.871437091894727,0,0,3300
primary_52kw,validation,10,target_only_prefix_positive_thermal_network,long_55min,temp_stator_core,3.2331036683301826,2.8562747668794843,5.667428655962446,0,0,3300
primary_52kw,validation,10,target_only_prefix_positive_thermal_network,long_55min,temp_rotor,84.82846698461562,74.38791035595933,138.2980749333059,0,0,3300
primary_52kw,validation,10,target_only_prefix_positive_thermal_network,long_55min,macro,32.65892721840158,28.834456262072717,52.945646893721026,0,0,3300
primary_52kw,validation,10,source_prior_prefix_calibrated_thermal_network,long_55min,temp_winding,127.12178138165967,115.54186367417576,204.7751659079178,18,0,3300
primary_52kw,validation,10,source_prior_prefix_calibrated_thermal_network,long_55min,temp_stator_core,71.94759114072322,65.34542866717669,116.58849929725883,18,0,3300
primary_52kw,validation,10,source_prior_prefix_calibrated_thermal_network,long_55min,temp_rotor,103.87754766587217,91.00280548483796,173.51017507687476,18,0,3300
primary_52kw,validation,10,source_prior_prefix_calibrated_thermal_network,long_55min,macro,100.98230672941834,90.63003260873013,164.9579467606838,18,0,3300
primary_52kw,validation,10,source_thermal_network_plus_hist_gradient_residual,long_55min,temp_winding,16.903296995738934,12.795362051501407,49.571439260786285,0,0,3300
primary_52kw,validation,10,source_thermal_network_plus_hist_gradient_residual,long_55min,temp_stator_core,8.771464641077545,6.907320567471223,22.396202028044527,0,0,3300
primary_52kw,validation,10,source_thermal_network_plus_hist_gradient_residual,long_55min,temp_rotor,6.90734702637552,5.558286750287007,13.84106104991583,0,0,3300
primary_52kw,validation,10,source_thermal_network_plus_hist_gradient_residual,long_55min,macro,10.860702887730666,8.420323123086545,28.60290077958221,0,0,3300
primary_52kw,validation,13,initial_state_persistence,matched_20min,temp_winding,4.62452019651127,4.4199594847361245,5.575004577636719,0,0,1200
primary_52kw,validation,13,initial_state_persistence,matched_20min,temp_stator_core,3.4016552682600114,3.25872350692749,4.020110130310059,0,0,1200
primary_52kw,validation,13,initial_state_persistence,matched_20min,temp_rotor,2.869305205441537,2.5475189034144083,4.610263824462891,0,0,1200
primary_52kw,validation,13,initial_state_persistence,matched_20min,macro,3.6318268900709394,3.408733965026008,4.73512617746989,0,0,1200
primary_52kw,validation,13,boundary_shift_persistence,matched_20min,temp_winding,4.76924251769831,4.569487857818603,5.987443447113037,0,0,1200
primary_52kw,validation,13,boundary_shift_persistence,matched_20min,temp_stator_core,3.5467247708171676,3.408233626683553,4.504123210906982,0,0,1200
primary_52kw,validation,13,boundary_shift_persistence,matched_20min,temp_rotor,3.0086284944641752,2.6970520639419555,4.907471656799316,0,0,1200
primary_52kw,validation,13,boundary_shift_persistence,matched_20min,macro,3.774865260993218,3.5582578494813704,5.133012771606445,0,0,1200
primary_52kw,validation,13,source_ridge_arx,matched_20min,temp_winding,21.94493697303979,19.69582308963344,32.8692830995651,0,0,1200
primary_52kw,validation,13,source_ridge_arx,matched_20min,temp_stator_core,11.923760187134656,10.574680326937548,18.34941013869833,0,0,1200
primary_52kw,validation,13,source_ridge_arx,matched_20min,temp_rotor,11.30635277521096,9.701282492210165,19.56241895981851,0,0,1200
primary_52kw,validation,13,source_ridge_arx,matched_20min,macro,15.058349978461804,13.323928636260385,23.593704066027314,0,0,1200
primary_52kw,validation,13,source_positive_thermal_network_raw,matched_20min,temp_winding,0.883663475172225,0.8558724181001802,1.117276531580849,0,0,1200
primary_52kw,validation,13,source_positive_thermal_network_raw,matched_20min,temp_stator_core,0.7660656453186366,0.7360944275445244,0.9412053073562596,0,0,1200
primary_52kw,validation,13,source_positive_thermal_network_raw,matched_20min,temp_rotor,0.44268068712889097,0.3840563058054598,0.8805357574605743,0,0,1200
primary_52kw,validation,13,source_positive_thermal_network_raw,matched_20min,macro,0.6974699358732508,0.6586743838167215,0.979672532132561,0,0,1200
primary_52kw,validation,13,source_positive_thermal_network_normalized,matched_20min,temp_winding,22.395329017284254,20.25585540294302,33.00229232444742,0,0,1200
primary_52kw,validation,13,source_positive_thermal_network_normalized,matched_20min,temp_stator_core,11.975790896218191,10.688323295000133,18.209241500906444,0,0,1200
primary_52kw,validation,13,source_positive_thermal_network_normalized,matched_20min,temp_rotor,10.737259850011126,9.13436566350082,18.85473071264971,0,0,1200
primary_52kw,validation,13,source_positive_thermal_network_normalized,matched_20min,macro,15.036126587837858,13.359514787147992,23.355421512667856,0,0,1200
primary_52kw,validation,13,target_only_prefix_positive_thermal_network,matched_20min,temp_winding,0.5504137528244428,0.49836275644730627,0.881490045263952,0,0,1200
primary_52kw,validation,13,target_only_prefix_positive_thermal_network,matched_20min,temp_stator_core,0.35794205245094657,0.33301484045143703,0.5600755045131791,0,0,1200
primary_52kw,validation,13,target_only_prefix_positive_thermal_network,matched_20min,temp_rotor,1.5530533317087805,1.303477159383509,2.8916332477418294,0,0,1200
primary_52kw,validation,13,target_only_prefix_positive_thermal_network,matched_20min,macro,0.8204697123280567,0.7116182520940842,1.4443995991729868,0,0,1200
primary_52kw,validation,13,source_prior_prefix_calibrated_thermal_network,matched_20min,temp_winding,0.357404055422316,0.31792453972543216,0.6299463156454195,0,0,1200
primary_52kw,validation,13,source_prior_prefix_calibrated_thermal_network,matched_20min,temp_stator_core,0.26175764446416705,0.24389285128241356,0.45653199930259447,0,0,1200
primary_52kw,validation,13,source_prior_prefix_calibrated_thermal_network,matched_20min,temp_rotor,1.1984392062282496,0.9978626579908485,2.29319120614014,0,0,1200
primary_52kw,validation,13,source_prior_prefix_calibrated_thermal_network,matched_20min,macro,0.6058669687049109,0.5198933496662314,1.1265565070293846,0,0,1200
primary_52kw,validation,13,source_thermal_network_plus_hist_gradient_residual,matched_20min,temp_winding,22.47319912800322,21.31519479517563,28.71702499176501,0,0,1200
primary_52kw,validation,13,source_thermal_network_plus_hist_gradient_residual,matched_20min,temp_stator_core,12.057760036540206,11.214089009527852,16.15558398546971,0,0,1200
primary_52kw,validation,13,source_thermal_network_plus_hist_gradient_residual,matched_20min,temp_rotor,11.004607752779405,9.548394976586684,18.76041592013273,0,0,1200
primary_52kw,validation,13,source_thermal_network_plus_hist_gradient_residual,matched_20min,macro,15.178522305774278,14.025892927096722,21.211008299122483,0,0,1200
primary_52kw,validation,13,initial_state_persistence,long_55min,temp_winding,5.36570575954377,5.2636377253676905,5.883644104003899,0,0,3300
primary_52kw,validation,13,initial_state_persistence,long_55min,temp_stator_core,3.864038157136699,3.7967867215474445,4.355744361877441,0,0,3300
primary_52kw,validation,13,initial_state_persistence,long_55min,temp_rotor,5.543764514909346,5.0855794634963525,7.908987045288082,0,0,3300
primary_52kw,validation,13,initial_state_persistence,long_55min,macro,4.924502810529938,4.715334636803829,6.049458503723141,0,0,3300
primary_52kw,validation,13,boundary_shift_persistence,long_55min,temp_winding,5.525134035024801,5.421993693293947,7.482499122619629,0,0,3300
primary_52kw,validation,13,boundary_shift_persistence,long_55min,temp_stator_core,4.02439908014582,3.955136051900459,5.799843788146973,0,0,3300
primary_52kw,validation,13,boundary_shift_persistence,long_55min,temp_rotor,5.699393024017009,5.243937172311725,9.43929576873779,0,0,3300
primary_52kw,validation,13,boundary_shift_persistence,long_55min,macro,5.08297537972921,4.873688972502044,7.573879559834797,0,0,3300
primary_52kw,validation,13,source_ridge_arx,long_55min,temp_winding,33.711077193861634,31.85651769132287,41.00023981604074,0,0,3300
primary_52kw,validation,13,source_ridge_arx,long_55min,temp_stator_core,19.258022178866177,18.06460999976478,23.94785833112158,0,0,3300
primary_52kw,validation,13,source_ridge_arx,long_55min,temp_rotor,26.22190810678669,23.4085926744325,39.05498124006877,0,0,3300
primary_52kw,validation,13,source_ridge_arx,long_55min,macro,26.3970024931715,24.44324012184005,34.66769312907703,0,0,3300
primary_52kw,validation,13,source_positive_thermal_network_raw,long_55min,temp_winding,0.9749715108686947,0.961603130068197,1.1973493537905853,0,0,3300
primary_52kw,validation,13,source_positive_thermal_network_raw,long_55min,temp_stator_core,0.931150736772495,0.9114318427744921,1.2118323077299458,0,0,3300
primary_52kw,validation,13,source_positive_thermal_network_raw,long_55min,temp_rotor,1.647545364460909,1.3769076753340288,2.966683100113549,0,0,3300
primary_52kw,validation,13,source_positive_thermal_network_raw,long_55min,macro,1.1845558707006996,1.083314216058906,1.7919549205446934,0,0,3300
primary_52kw,validation,13,source_positive_thermal_network_normalized,long_55min,temp_winding,33.39887915687432,31.70186023610636,40.264823176401265,0,0,3300
primary_52kw,validation,13,source_positive_thermal_network_normalized,long_55min,temp_stator_core,18.95762433690624,17.83978831542869,23.50861162145889,0,0,3300
primary_52kw,validation,13,source_positive_thermal_network_normalized,long_55min,temp_rotor,25.467954098330665,22.656098459920887,37.98939762938929,0,0,3300
primary_52kw,validation,13,source_positive_thermal_network_normalized,long_55min,macro,25.941485864037077,24.06591567048531,33.92094414241648,0,0,3300
primary_52kw,validation,13,target_only_prefix_positive_thermal_network,long_55min,temp_winding,0.7909346693980762,0.7510411378322808,1.0817011663488643,0,0,3300
primary_52kw,validation,13,target_only_prefix_positive_thermal_network,long_55min,temp_stator_core,0.4268726858169874,0.40995055276520703,0.6334012196558447,0,0,3300
primary_52kw,validation,13,target_only_prefix_positive_thermal_network,long_55min,temp_rotor,3.8813073660077704,3.4240144892654447,6.032655053806149,0,0,3300
primary_52kw,validation,13,target_only_prefix_positive_thermal_network,long_55min,macro,1.6997049070742782,1.5283353932876442,2.582585813270286,0,0,3300
primary_52kw,validation,13,source_prior_prefix_calibrated_thermal_network,long_55min,temp_winding,0.5628684005481036,0.52654404013964,0.8307313157218914,0,0,3300
primary_52kw,validation,13,source_prior_prefix_calibrated_thermal_network,long_55min,temp_stator_core,0.3080247746305337,0.29302935029327243,0.4991257726295544,0,0,3300
primary_52kw,validation,13,source_prior_prefix_calibrated_thermal_network,long_55min,temp_rotor,3.293919882960372,2.8679615727776997,5.274044323809736,0,0,3300
primary_52kw,validation,13,source_prior_prefix_calibrated_thermal_network,long_55min,macro,1.38827101937967,1.229178321070204,2.201300470720394,0,0,3300
primary_52kw,validation,13,source_thermal_network_plus_hist_gradient_residual,long_55min,temp_winding,35.163187461852004,33.03136044424287,51.79221585329002,0,0,3300
primary_52kw,validation,13,source_thermal_network_plus_hist_gradient_residual,long_55min,temp_stator_core,19.723151180569864,18.370850907512146,29.54798745045492,0,0,3300
primary_52kw,validation,13,source_thermal_network_plus_hist_gradient_residual,long_55min,temp_rotor,29.88272624263885,25.887187801776612,50.4604332894276,0,0,3300
primary_52kw,validation,13,source_thermal_network_plus_hist_gradient_residual,long_55min,macro,28.256354961686906,25.76313305117721,43.93354553105752,0,0,3300
primary_52kw,validation,23,initial_state_persistence,matched_20min,temp_winding,25.66940710031317,24.478336308797214,29.330345153808608,0,0,1200
primary_52kw,validation,23,initial_state_persistence,matched_20min,temp_stator_core,17.911980003442398,17.044373925526937,21.4663143157959,0,0,1200
primary_52kw,validation,23,initial_state_persistence,matched_20min,temp_rotor,32.32279268605189,30.006677163441974,44.5918083190918,0,0,1200
primary_52kw,validation,23,initial_state_persistence,matched_20min,macro,25.30139326326915,23.84312913258871,31.796155929565433,0,0,1200
primary_52kw,validation,23,boundary_shift_persistence,matched_20min,temp_winding,24.640214146558957,23.519270956118913,28.772124290466323,0,0,1200
primary_52kw,validation,23,boundary_shift_persistence,matched_20min,temp_stator_core,16.877168029448907,16.08531748652458,20.141897678375244,0,0,1200
primary_52kw,validation,23,boundary_shift_persistence,matched_20min,temp_rotor,31.270905901070098,29.04762072443962,43.09916067123413,0,0,1200
primary_52kw,validation,23,boundary_shift_persistence,matched_20min,macro,24.26276269235932,22.884069722361037,30.671060880025234,0,0,1200
primary_52kw,validation,23,source_ridge_arx,matched_20min,temp_winding,24.72711015269613,22.72881260537032,33.74906739812583,0,0,1200
primary_52kw,validation,23,source_ridge_arx,matched_20min,temp_stator_core,11.893513607616448,10.744745510173967,16.92673959600245,0,0,1200
primary_52kw,validation,23,source_ridge_arx,matched_20min,temp_rotor,15.961386450722072,15.13798375129864,20.195055477343217,0,0,1200
primary_52kw,validation,23,source_ridge_arx,matched_20min,macro,17.527336737011552,16.203847288947642,23.62362082382383,0,0,1200
primary_52kw,validation,23,source_positive_thermal_network_raw,matched_20min,temp_winding,2.575929092376012,2.3244592598786693,3.84552434131831,0,0,1200
primary_52kw,validation,23,source_positive_thermal_network_raw,matched_20min,temp_stator_core,2.1291757012504595,1.9622024629069525,2.718768123892204,0,0,1200
primary_52kw,validation,23,source_positive_thermal_network_raw,matched_20min,temp_rotor,2.2803455942473825,2.032978957595323,3.50416735559066,0,0,1200
primary_52kw,validation,23,source_positive_thermal_network_raw,matched_20min,macro,2.328483462624618,2.106546893460315,3.356153273600391,0,0,1200
primary_52kw,validation,23,source_positive_thermal_network_normalized,matched_20min,temp_winding,31.801765910296705,30.204745427818313,38.338214125514256,0,0,1200
primary_52kw,validation,23,source_positive_thermal_network_normalized,matched_20min,temp_stator_core,15.733987082090081,14.677418847342855,19.714060194524038,0,0,1200
primary_52kw,validation,23,source_positive_thermal_network_normalized,matched_20min,temp_rotor,18.040704937782014,17.070853449285064,22.854705249472303,0,0,1200
primary_52kw,validation,23,source_positive_thermal_network_normalized,matched_20min,macro,21.858819310056266,20.651005908148743,26.968993189836866,0,0,1200
primary_52kw,validation,23,target_only_prefix_positive_thermal_network,matched_20min,temp_winding,4.81065766148044,4.279934229185301,7.644965402652289,0,0,1200
primary_52kw,validation,23,target_only_prefix_positive_thermal_network,matched_20min,temp_stator_core,5.178643935580893,4.702642957563281,7.593961097785311,0,0,1200
primary_52kw,validation,23,target_only_prefix_positive_thermal_network,matched_20min,temp_rotor,23.978057731472443,21.77402802257758,35.43128039233673,0,0,1200
primary_52kw,validation,23,target_only_prefix_positive_thermal_network,matched_20min,macro,11.322453109511258,10.252201736442053,16.89006896425811,0,0,1200
primary_52kw,validation,23,source_prior_prefix_calibrated_thermal_network,matched_20min,temp_winding,1.4242898459623003,1.3357590653047786,4.432330747102952,0,0,1200
primary_52kw,validation,23,source_prior_prefix_calibrated_thermal_network,matched_20min,temp_stator_core,2.2877885679092222,2.085488652018882,3.4102275118752345,0,0,1200
primary_52kw,validation,23,source_prior_prefix_calibrated_thermal_network,matched_20min,temp_rotor,22.1313897985101,20.12440899700901,32.65560736100991,0,0,1200
primary_52kw,validation,23,source_prior_prefix_calibrated_thermal_network,matched_20min,macro,8.614489404127207,7.84855223811089,13.499388539996033,0,0,1200
primary_52kw,validation,23,source_thermal_network_plus_hist_gradient_residual,matched_20min,temp_winding,10.598832866960267,10.334030056591882,12.820939510110136,0,0,1200
primary_52kw,validation,23,source_thermal_network_plus_hist_gradient_residual,matched_20min,temp_stator_core,4.997730717157958,4.8487634021176245,5.784089794318092,0,0,1200
primary_52kw,validation,23,source_thermal_network_plus_hist_gradient_residual,matched_20min,temp_rotor,3.7878059581469787,3.375486371953708,5.654379150331451,0,0,1200
primary_52kw,validation,23,source_thermal_network_plus_hist_gradient_residual,matched_20min,macro,6.461456514088401,6.186093276887738,8.086469484919894,0,0,1200
primary_52kw,validation,23,initial_state_persistence,long_55min,temp_winding,28.70723577186649,27.638229586283376,49.45614624023436,0,0,3300
primary_52kw,validation,23,initial_state_persistence,long_55min,temp_stator_core,19.303453987694308,18.432324870716442,22.392019271850586,0,0,3300
primary_52kw,validation,23,initial_state_persistence,long_55min,temp_rotor,42.084627502628955,40.30679812344638,52.07144546508789,0,0,3300
primary_52kw,validation,23,initial_state_persistence,long_55min,macro,30.03177242072992,28.792450860148733,41.306536992390946,0,0,3300
primary_52kw,validation,23,boundary_shift_persistence,long_55min,temp_winding,27.695081388209854,26.49977134906885,52.1237072944641,0,0,3300
primary_52kw,validation,23,boundary_shift_persistence,long_55min,temp_stator_core,17.813554401217537,17.13092103726936,20.24961519241333,0,0,3300
primary_52kw,validation,23,boundary_shift_persistence,long_55min,temp_rotor,40.230432682348436,38.52929521416173,49.53614044189453,0,0,3300
primary_52kw,validation,23,boundary_shift_persistence,long_55min,macro,28.579689490591942,27.386662533499976,40.63648764292399,0,0,3300
primary_52kw,validation,23,source_ridge_arx,long_55min,temp_winding,31.337100269784674,29.382616438267075,40.244422740808545,0,0,3300
primary_52kw,validation,23,source_ridge_arx,long_55min,temp_stator_core,15.843725432457147,14.643061406633574,20.81157946840986,0,0,3300
primary_52kw,validation,23,source_ridge_arx,long_55min,temp_rotor,17.312682541503676,16.34217535122882,20.43212206316136,0,0,3300
primary_52kw,validation,23,source_ridge_arx,long_55min,macro,21.497836081248497,20.122617732043157,27.162708090793256,0,0,3300
primary_52kw,validation,23,source_positive_thermal_network_raw,long_55min,temp_winding,3.2456472642838112,3.032451593905936,7.439462319795908,0,0,3300
primary_52kw,validation,23,source_positive_thermal_network_raw,long_55min,temp_stator_core,2.22889169411259,2.117654509145976,4.078191129190088,0,0,3300
primary_52kw,validation,23,source_positive_thermal_network_raw,long_55min,temp_rotor,5.398525188585545,4.785918702197596,9.415345160151588,0,0,3300
primary_52kw,validation,23,source_positive_thermal_network_raw,long_55min,macro,3.624354715660649,3.3120082684165024,6.977666203045861,0,0,3300
primary_52kw,validation,23,source_positive_thermal_network_normalized,long_55min,temp_winding,34.20343000049136,31.96646693346731,40.8907883302134,0,0,3300
primary_52kw,validation,23,source_positive_thermal_network_normalized,long_55min,temp_stator_core,17.59492145794416,16.299650279854788,21.22219432184881,0,0,3300
primary_52kw,validation,23,source_positive_thermal_network_normalized,long_55min,temp_rotor,19.438172114744003,18.346252887645804,23.004774588590337,0,0,3300
primary_52kw,validation,23,source_positive_thermal_network_normalized,long_55min,macro,23.74550785772651,22.204123366989297,28.37258574688418,0,0,3300
primary_52kw,validation,23,target_only_prefix_positive_thermal_network,long_55min,temp_winding,8.868030318319757,8.08936776914537,15.992344230672593,0,0,3300
primary_52kw,validation,23,target_only_prefix_positive_thermal_network,long_55min,temp_stator_core,8.563820848900113,7.954051697766525,14.531952932680731,0,0,3300
primary_52kw,validation,23,target_only_prefix_positive_thermal_network,long_55min,temp_rotor,36.370875574863334,34.459792272489956,48.82396410630747,0,0,3300
primary_52kw,validation,23,target_only_prefix_positive_thermal_network,long_55min,macro,17.934242247361066,16.83440391313395,26.449420423220264,0,0,3300
primary_52kw,validation,23,source_prior_prefix_calibrated_thermal_network,long_55min,temp_winding,4.542347867083896,2.296931665365602,14.264186533747079,0,0,3300
primary_52kw,validation,23,source_prior_prefix_calibrated_thermal_network,long_55min,temp_stator_core,3.391441104424733,3.0679747488468574,4.997818914214008,0,0,3300
primary_52kw,validation,23,source_prior_prefix_calibrated_thermal_network,long_55min,temp_rotor,32.82267805853375,31.197279773452202,40.97777897490448,0,0,3300
primary_52kw,validation,23,source_prior_prefix_calibrated_thermal_network,long_55min,macro,13.585489010014124,12.187395395888222,20.07992814095519,0,0,3300
primary_52kw,validation,23,source_thermal_network_plus_hist_gradient_residual,long_55min,temp_winding,10.547041219154494,10.132529348074968,15.042915004832508,0,0,3300
primary_52kw,validation,23,source_thermal_network_plus_hist_gradient_residual,long_55min,temp_stator_core,5.193274569347819,5.040827430031279,7.132997056238921,0,0,3300
primary_52kw,validation,23,source_thermal_network_plus_hist_gradient_residual,long_55min,temp_rotor,4.451851076280515,3.9826468950836924,7.4830478378241025,0,0,3300
primary_52kw,validation,23,source_thermal_network_plus_hist_gradient_residual,long_55min,macro,6.730722288260942,6.38533455772998,9.88631996629851,0,0,3300
primary_52kw,validation,31,initial_state_persistence,matched_20min,temp_winding,18.225082064255073,17.354077860514323,22.26495361328125,0,0,1200
primary_52kw,validation,31,initial_state_persistence,matched_20min,temp_stator_core,13.171063019939549,12.5120769627889,16.7087459564209,0,0,1200
primary_52kw,validation,31,initial_state_persistence,matched_20min,temp_rotor,26.171653106298987,24.151841239929198,36.71448516845703,0,0,1200
primary_52kw,validation,31,initial_state_persistence,matched_20min,macro,19.18926606349787,18.00599868774414,25.229394912719727,0,0,1200
primary_52kw,validation,31,boundary_shift_persistence,matched_20min,temp_winding,18.473167357969352,17.583518274227778,23.443506717681885,0,0,1200
primary_52kw,validation,31,boundary_shift_persistence,matched_20min,temp_stator_core,13.421965806581719,12.741517376502355,17.744277954101562,0,0,1200
primary_52kw,validation,31,boundary_shift_persistence,matched_20min,temp_rotor,26.416876417253167,24.381281653642656,37.409170150756836,0,0,1200
primary_52kw,validation,31,boundary_shift_persistence,matched_20min,macro,19.437336527268076,18.235439101457597,26.19898494084676,0,0,1200
primary_52kw,validation,31,source_ridge_arx,matched_20min,temp_winding,14.617098789360744,13.306851874782506,20.546297590073237,0,0,1200
primary_52kw,validation,31,source_ridge_arx,matched_20min,temp_stator_core,7.7415582916918355,6.911608047983397,11.55387937471896,0,0,1200
primary_52kw,validation,31,source_ridge_arx,matched_20min,temp_rotor,14.694891502384579,13.761986748678689,19.34912995919801,0,0,1200
primary_52kw,validation,31,source_ridge_arx,matched_20min,macro,12.351182861145722,11.326815557148196,17.149768974663402,0,0,1200
primary_52kw,validation,31,source_positive_thermal_network_raw,matched_20min,temp_winding,0.589137768835087,0.5263464417385691,1.313934529030206,0,0,1200
primary_52kw,validation,31,source_positive_thermal_network_raw,matched_20min,temp_stator_core,0.34175100243754974,0.2632537550317238,1.0266110310047907,0,0,1200
primary_52kw,validation,31,source_positive_thermal_network_raw,matched_20min,temp_rotor,1.6436882671179742,1.439247580031271,2.643886146972349,0,0,1200
primary_52kw,validation,31,source_positive_thermal_network_raw,matched_20min,macro,0.8581923461302036,0.7429492589338547,1.6614772356691152,0,0,1200
primary_52kw,validation,31,source_positive_thermal_network_normalized,matched_20min,temp_winding,19.025155329795904,18.111153663059323,23.215643010695302,0,0,1200
primary_52kw,validation,31,source_positive_thermal_network_normalized,matched_20min,temp_stator_core,10.14177264646387,9.4409964053405,13.138711719364238,0,0,1200
primary_52kw,validation,31,source_positive_thermal_network_normalized,matched_20min,temp_rotor,16.301241136526624,15.261141738130991,21.366471278549028,0,0,1200
primary_52kw,validation,31,source_positive_thermal_network_normalized,matched_20min,macro,15.1560563709288,14.271097268843604,19.240275336202856,0,0,1200
primary_52kw,validation,31,target_only_prefix_positive_thermal_network,matched_20min,temp_winding,4.134582879435771,3.68637397716244,5.962249507618111,0,0,1200
primary_52kw,validation,31,target_only_prefix_positive_thermal_network,matched_20min,temp_stator_core,4.962648168205389,4.525274567545024,6.774589404583054,0,0,1200
primary_52kw,validation,31,target_only_prefix_positive_thermal_network,matched_20min,temp_rotor,11.372590278653465,9.711984734095559,18.56433600015255,0,0,1200
primary_52kw,validation,31,target_only_prefix_positive_thermal_network,matched_20min,macro,6.823273775431542,5.974544426267674,10.433724970784573,0,0,1200
primary_52kw,validation,31,source_prior_prefix_calibrated_thermal_network,matched_20min,temp_winding,8.451456082299345,7.795087590970321,12.203584777965446,0,0,1200
primary_52kw,validation,31,source_prior_prefix_calibrated_thermal_network,matched_20min,temp_stator_core,1.9312266829372895,1.7350324634407563,2.973811184662466,0,0,1200
primary_52kw,validation,31,source_prior_prefix_calibrated_thermal_network,matched_20min,temp_rotor,2.172277722329611,2.0508247053332638,2.8147002133540866,0,0,1200
primary_52kw,validation,31,source_prior_prefix_calibrated_thermal_network,matched_20min,macro,4.184986829188748,3.860314919914781,5.997365391993999,0,0,1200
primary_52kw,validation,31,source_thermal_network_plus_hist_gradient_residual,matched_20min,temp_winding,2.110374243273541,1.861251651360248,4.969096628537244,0,0,1200
primary_52kw,validation,31,source_thermal_network_plus_hist_gradient_residual,matched_20min,temp_stator_core,1.229724041718817,1.1274706521205693,2.2670420293324796,0,0,1200
primary_52kw,validation,31,source_thermal_network_plus_hist_gradient_residual,matched_20min,temp_rotor,2.5875022842556366,2.355440917492938,3.7889788286198964,0,0,1200
primary_52kw,validation,31,source_thermal_network_plus_hist_gradient_residual,matched_20min,macro,1.9758668564159982,1.781387740324585,3.675039162163207,0,0,1200
primary_52kw,validation,31,initial_state_persistence,long_55min,temp_winding,17.15060911580804,16.2847424697876,22.26495361328125,0,0,3300
primary_52kw,validation,31,initial_state_persistence,long_55min,temp_stator_core,9.039144199976805,7.484881854779792,16.755037307739258,0,0,3300
primary_52kw,validation,31,initial_state_persistence,long_55min,temp_rotor,22.360695900270887,20.79061247738925,36.821083068847656,0,0,3300
primary_52kw,validation,31,initial_state_persistence,long_55min,macro,16.18348307201858,14.85341226731888,25.280357996622723,0,0,3300
primary_52kw,validation,31,boundary_shift_persistence,long_55min,temp_winding,17.28273543307851,16.395634793657244,23.443506717681885,0,0,3300
primary_52kw,validation,31,boundary_shift_persistence,long_55min,temp_stator_core,9.16488807647604,7.56959312583461,17.744277954101562,0,0,3300
primary_52kw,validation,31,boundary_shift_persistence,long_55min,temp_rotor,22.39340949080048,20.79399187521501,37.409170150756836,0,0,3300
primary_52kw,validation,31,boundary_shift_persistence,long_55min,macro,16.280344333451676,14.919739931568955,26.19898494084676,0,0,3300
primary_52kw,validation,31,source_ridge_arx,long_55min,temp_winding,11.538440226065152,9.168479537575863,30.732647954765582,0,0,3300
primary_52kw,validation,31,source_ridge_arx,long_55min,temp_stator_core,5.77160413995776,4.255230816380645,14.577065676072202,0,0,3300
primary_52kw,validation,31,source_ridge_arx,long_55min,temp_rotor,10.125209985706007,7.977862501290436,19.34912995919801,0,0,3300
primary_52kw,validation,31,source_ridge_arx,long_55min,macro,9.14508478390964,7.1338576184156475,21.552947863345263,0,0,3300
primary_52kw,validation,31,source_positive_thermal_network_raw,long_55min,temp_winding,2.4335625720200937,2.034425514497372,5.846317636887804,0,0,3300
primary_52kw,validation,31,source_positive_thermal_network_raw,long_55min,temp_stator_core,1.2247539502980005,0.9484048699697204,3.8143383782407767,0,0,3300
primary_52kw,validation,31,source_positive_thermal_network_raw,long_55min,temp_rotor,7.55188476337492,6.273188173616405,11.446914133615152,0,0,3300
primary_52kw,validation,31,source_positive_thermal_network_raw,long_55min,macro,3.7367337618976713,3.0853395193611655,7.035856716247911,0,0,3300
primary_52kw,validation,31,source_positive_thermal_network_normalized,long_55min,temp_winding,15.884939969684623,13.30144246130187,40.27752573129822,0,0,3300
primary_52kw,validation,31,source_positive_thermal_network_normalized,long_55min,temp_stator_core,8.68963659501206,7.653540934606611,20.29614344592344,0,0,3300
primary_52kw,validation,31,source_positive_thermal_network_normalized,long_55min,temp_rotor,12.403010049558208,10.68668494585625,23.10410397806409,0,0,3300
primary_52kw,validation,31,source_positive_thermal_network_normalized,long_55min,macro,12.32586220475163,10.547222780588244,27.892591051761915,0,0,3300
primary_52kw,validation,31,target_only_prefix_positive_thermal_network,long_55min,temp_winding,9.405499995223161,8.472355701980794,13.366419719423554,0,0,3300
primary_52kw,validation,31,target_only_prefix_positive_thermal_network,long_55min,temp_stator_core,7.202614155006191,6.825129606552336,9.674390788839318,0,0,3300
primary_52kw,validation,31,target_only_prefix_positive_thermal_network,long_55min,temp_rotor,17.907072621580074,16.699477568667294,23.047097511861693,0,0,3300
primary_52kw,validation,31,target_only_prefix_positive_thermal_network,long_55min,macro,11.505062257269808,10.665654292400141,15.362636006708188,0,0,3300
primary_52kw,validation,31,source_prior_prefix_calibrated_thermal_network,long_55min,temp_winding,17.535669863746357,16.070738981570276,24.082847806126424,0,0,3300
primary_52kw,validation,31,source_prior_prefix_calibrated_thermal_network,long_55min,temp_stator_core,6.007834057913667,5.2624697593690515,8.813711627947008,0,0,3300
primary_52kw,validation,31,source_prior_prefix_calibrated_thermal_network,long_55min,temp_rotor,3.8158803699304067,3.5036565277683285,5.135093769883085,0,0,3300
primary_52kw,validation,31,source_prior_prefix_calibrated_thermal_network,long_55min,macro,9.119794763863476,8.278955089569218,12.677217734652173,0,0,3300
primary_52kw,validation,31,source_thermal_network_plus_hist_gradient_residual,long_55min,temp_winding,8.224329810209142,5.307924170816719,29.709931046753,0,0,3300
primary_52kw,validation,31,source_thermal_network_plus_hist_gradient_residual,long_55min,temp_stator_core,3.6987871423490835,2.5570054659451045,13.47257671198605,0,0,3300
primary_52kw,validation,31,source_thermal_network_plus_hist_gradient_residual,long_55min,temp_rotor,8.35325645816587,7.034783025593849,14.064533963936,0,0,3300
primary_52kw,validation,31,source_thermal_network_plus_hist_gradient_residual,long_55min,macro,6.758791136908031,4.966570887451891,19.082347240891682,0,0,3300
primary_52kw,validation,32,initial_state_persistence,matched_20min,temp_winding,59.37406295099941,49.700042152404784,84.5393295288086,0,0,1200
primary_52kw,validation,32,initial_state_persistence,matched_20min,temp_stator_core,29.5772369080221,24.26054898262024,43.12060832977295,0,0,1200
primary_52kw,validation,32,initial_state_persistence,matched_20min,temp_rotor,22.95650348232586,18.922329664230347,40.65883255004883,0,0,1200
primary_52kw,validation,32,initial_state_persistence,matched_20min,macro,37.30260111378245,30.960973599751792,56.10625680287679,0,0,1200
primary_52kw,validation,32,boundary_shift_persistence,matched_20min,temp_winding,58.194834514653934,48.5213676905632,83.22904014587402,0,0,1200
primary_52kw,validation,32,boundary_shift_persistence,matched_20min,temp_stator_core,28.42112122592685,23.08201553185781,41.81879949569702,0,0,1200
primary_52kw,validation,32,boundary_shift_persistence,matched_20min,temp_rotor,21.808827638507054,17.743771971066792,39.16430377960205,0,0,1200
primary_52kw,validation,32,boundary_shift_persistence,matched_20min,macro,36.141594459695945,29.782385064495937,54.73738114039103,0,0,1200
primary_52kw,validation,32,source_ridge_arx,matched_20min,temp_winding,16.00540201082294,11.572475254422212,44.40516317193192,0,0,1200
primary_52kw,validation,32,source_ridge_arx,matched_20min,temp_stator_core,7.125795176494672,5.108818494164071,20.165374811697745,0,0,1200
primary_52kw,validation,32,source_ridge_arx,matched_20min,temp_rotor,2.615140338693297,2.25689678037644,4.579808081584872,0,0,1200
primary_52kw,validation,32,source_ridge_arx,matched_20min,macro,8.582112508670305,6.312730176320908,23.05011535507151,0,0,1200
primary_52kw,validation,32,source_positive_thermal_network_raw,matched_20min,temp_winding,3.2475472061352595,2.4869991578705735,8.058477992829793,0,0,1200
primary_52kw,validation,32,source_positive_thermal_network_raw,matched_20min,temp_stator_core,2.414662045248681,1.8664223345401327,4.317487049649287,0,0,1200
primary_52kw,validation,32,source_positive_thermal_network_raw,matched_20min,temp_rotor,1.3309310553035638,1.1913519706181115,2.828076018668156,0,0,1200
primary_52kw,validation,32,source_positive_thermal_network_raw,matched_20min,macro,2.3310467688958347,1.8482578210096057,5.068013687049079,0,0,1200
primary_52kw,validation,32,source_positive_thermal_network_normalized,matched_20min,temp_winding,48.38950284796283,37.9634998701468,91.6367414043593,0,0,1200
primary_52kw,validation,32,source_positive_thermal_network_normalized,matched_20min,temp_stator_core,23.82194453703287,18.002185509569195,46.703099435902075,0,0,1200
primary_52kw,validation,32,source_positive_thermal_network_normalized,matched_20min,temp_rotor,11.637936943229326,7.717534862476443,26.741334745280255,0,0,1200
primary_52kw,validation,32,source_positive_thermal_network_normalized,matched_20min,macro,27.949794776075006,21.22774008073081,55.027058528513884,0,0,1200
primary_52kw,validation,32,target_only_prefix_positive_thermal_network,matched_20min,temp_winding,51.846040148274234,42.71045733019341,77.82053604032467,0,0,1200
primary_52kw,validation,32,target_only_prefix_positive_thermal_network,matched_20min,temp_stator_core,24.304456724619115,19.642477291269714,37.807280442993864,0,0,1200
primary_52kw,validation,32,target_only_prefix_positive_thermal_network,matched_20min,temp_rotor,14.904228365676014,11.697148983280508,25.121447331870357,0,0,1200
primary_52kw,validation,32,target_only_prefix_positive_thermal_network,matched_20min,macro,30.35157507952312,24.68336120158121,46.91642127172963,0,0,1200
primary_52kw,validation,32,source_prior_prefix_calibrated_thermal_network,matched_20min,temp_winding,9.005811688156603,7.683532964207943,12.188324813655242,0,0,1200
primary_52kw,validation,32,source_prior_prefix_calibrated_thermal_network,matched_20min,temp_stator_core,2.4507474988567055,2.198111836110892,3.7049980430571594,0,0,1200
primary_52kw,validation,32,source_prior_prefix_calibrated_thermal_network,matched_20min,temp_rotor,8.51068987512642,6.965128379740487,13.236726791034329,0,0,1200
primary_52kw,validation,32,source_prior_prefix_calibrated_thermal_network,matched_20min,macro,6.65574968737991,5.615591060019774,9.71001654924891,0,0,1200
primary_52kw,validation,32,source_thermal_network_plus_hist_gradient_residual,matched_20min,temp_winding,63.65316991554068,57.86507643794553,100.59973429916747,0,0,1200
primary_52kw,validation,32,source_thermal_network_plus_hist_gradient_residual,matched_20min,temp_stator_core,30.954384708402372,27.17424941589226,51.64725876607824,0,0,1200
primary_52kw,validation,32,source_thermal_network_plus_hist_gradient_residual,matched_20min,temp_rotor,19.254870666676943,14.927859737835837,38.45485090596043,0,0,1200
primary_52kw,validation,32,source_thermal_network_plus_hist_gradient_residual,matched_20min,macro,37.95414176354,33.322395197224544,63.56728132373538,0,0,1200
primary_52kw,validation,32,initial_state_persistence,long_55min,temp_winding,64.27538461861091,59.066962569265655,84.5393295288086,0,0,3300
primary_52kw,validation,32,initial_state_persistence,long_55min,temp_stator_core,34.388226129342684,31.735827203230425,43.12060832977295,0,0,3300
primary_52kw,validation,32,initial_state_persistence,long_55min,temp_rotor,44.032598834029166,40.011115952694055,60.4376106262207,0,0,3300
primary_52kw,validation,32,initial_state_persistence,long_55min,macro,47.56540319399426,43.604635241730044,62.69918282826742,0,0,3300
primary_52kw,validation,32,boundary_shift_persistence,long_55min,temp_winding,62.60922068050419,57.372681183092524,83.22904014587402,0,0,3300
primary_52kw,validation,32,boundary_shift_persistence,long_55min,temp_stator_core,32.69592507423616,30.041597093813348,41.81879949569702,0,0,3300
primary_52kw,validation,32,boundary_shift_persistence,long_55min,temp_rotor,42.290009609141116,38.31687702785839,58.651503562927246,0,0,3300
primary_52kw,validation,32,boundary_shift_persistence,long_55min,macro,45.86505178796049,41.91038510158808,61.23311440149943,0,0,3300
primary_52kw,validation,32,source_ridge_arx,long_55min,temp_winding,55.675010161431096,46.997278773992015,100.60851049874432,0,0,3300
primary_52kw,validation,32,source_ridge_arx,long_55min,temp_stator_core,29.03349799165176,24.25603197556357,53.478514352305695,0,0,3300
primary_52kw,validation,32,source_ridge_arx,long_55min,temp_rotor,27.26384495534521,20.310691617023448,61.84799336357375,0,0,3300
primary_52kw,validation,32,source_ridge_arx,long_55min,macro,37.32411770280935,30.52133412219301,71.97833940487459,0,0,3300
primary_52kw,validation,32,source_positive_thermal_network_raw,long_55min,temp_winding,3.0733066942703653,2.662194145473231,8.058477992829793,0,0,3300
primary_52kw,validation,32,source_positive_thermal_network_raw,long_55min,temp_stator_core,2.066113246566356,1.7474449999501662,4.317487049649287,0,0,3300
primary_52kw,validation,32,source_positive_thermal_network_raw,long_55min,temp_rotor,4.15096633093117,3.579244494527867,7.348091854043332,0,0,3300
primary_52kw,validation,32,source_positive_thermal_network_raw,long_55min,macro,3.09679542392263,2.662961213317088,6.574685632174138,0,0,3300
primary_52kw,validation,32,source_positive_thermal_network_normalized,long_55min,temp_winding,78.30975651400394,71.74207938650287,101.29640119762121,0,0,3300
primary_52kw,validation,32,source_positive_thermal_network_normalized,long_55min,temp_stator_core,42.121528121634604,38.117367962414775,54.97217087610552,0,0,3300
primary_52kw,validation,32,source_positive_thermal_network_normalized,long_55min,temp_rotor,48.14025240169033,39.539386975671015,82.26708390748487,0,0,3300
primary_52kw,validation,32,source_positive_thermal_network_normalized,long_55min,macro,56.19051234577629,49.79961144152955,79.51188532707053,0,0,3300
primary_52kw,validation,32,target_only_prefix_positive_thermal_network,long_55min,temp_winding,36.08121636916903,29.11645592128291,77.82053604032467,0,0,3300
primary_52kw,validation,32,target_only_prefix_positive_thermal_network,long_55min,temp_stator_core,16.020232696180752,11.806484257674764,37.807280442993864,0,0,3300
primary_52kw,validation,32,target_only_prefix_positive_thermal_network,long_55min,temp_rotor,21.172403013003343,19.454176296224368,29.021704043338005,0,0,3300
primary_52kw,validation,32,target_only_prefix_positive_thermal_network,long_55min,macro,24.424617359451045,20.12570549172735,48.21650684221885,0,0,3300
primary_52kw,validation,32,source_prior_prefix_calibrated_thermal_network,long_55min,temp_winding,16.759904344062527,14.887703631735397,26.07499192176759,0,0,3300
primary_52kw,validation,32,source_prior_prefix_calibrated_thermal_network,long_55min,temp_stator_core,4.87208240870149,4.198313474917068,9.116540870443721,0,0,3300
primary_52kw,validation,32,source_prior_prefix_calibrated_thermal_network,long_55min,temp_rotor,17.54313983310865,14.861204815090975,34.15434133780385,0,0,3300
primary_52kw,validation,32,source_prior_prefix_calibrated_thermal_network,long_55min,macro,13.058375528624223,11.315740640581145,23.11529137667172,0,0,3300
primary_52kw,validation,32,source_thermal_network_plus_hist_gradient_residual,long_55min,temp_winding,73.03473268154103,69.36266969811224,101.24019123659465,0,0,3300
primary_52kw,validation,32,source_thermal_network_plus_hist_gradient_residual,long_55min,temp_stator_core,39.42435776317949,37.14061184658649,53.35280711300672,0,0,3300
primary_52kw,validation,32,source_thermal_network_plus_hist_gradient_residual,long_55min,temp_rotor,53.01829470014925,46.169675240412886,76.0350692569643,0,0,3300
primary_52kw,validation,32,source_thermal_network_plus_hist_gradient_residual,long_55min,macro,55.159128381623255,50.8909855950372,76.8760225355219,0,0,3300
primary_52kw,validation,42,initial_state_persistence,matched_20min,temp_winding,3.4850616057460044,2.996906169253883,6.608821062306568,0,0,1200
primary_52kw,validation,42,initial_state_persistence,matched_20min,temp_stator_core,2.530545092628514,2.0196641551994854,4.673821543610764,0,0,1200
primary_52kw,validation,42,initial_state_persistence,matched_20min,temp_rotor,7.312492761748149,6.730574852573148,10.193767952254035,0,0,1200
primary_52kw,validation,42,initial_state_persistence,matched_20min,macro,4.442699820040889,3.915715059008839,7.158803519390456,0,0,1200
primary_52kw,validation,42,boundary_shift_persistence,matched_20min,temp_winding,3.6079371925299535,3.212207208500891,6.43753373029822,0,0,1200
primary_52kw,validation,42,boundary_shift_persistence,matched_20min,temp_stator_core,2.3252516877068032,1.8500965238358376,4.464376268549898,0,0,1200
primary_52kw,validation,42,boundary_shift_persistence,matched_20min,temp_rotor,6.943421399942362,6.388309504173619,9.71936018193447,0,0,1200
primary_52kw,validation,42,boundary_shift_persistence,matched_20min,macro,4.292203426726373,3.816871078836782,6.873756726927529,0,0,1200
primary_52kw,validation,42,source_ridge_arx,matched_20min,temp_winding,18.228356513641916,15.696190841187969,25.709470302956497,0,0,1200
primary_52kw,validation,42,source_ridge_arx,matched_20min,temp_stator_core,8.11611537120484,6.726286937504204,12.079962032600541,0,0,1200
primary_52kw,validation,42,source_ridge_arx,matched_20min,temp_rotor,4.2442716130381575,3.232413121557364,8.59195543597449,0,0,1200
primary_52kw,validation,42,source_ridge_arx,matched_20min,macro,10.196247832628304,8.551630300083179,15.46046259051051,0,0,1200
primary_52kw,validation,42,source_positive_thermal_network_raw,matched_20min,temp_winding,0.7257314121233072,0.5546855991651207,2.4322080510213127,0,0,1200
primary_52kw,validation,42,source_positive_thermal_network_raw,matched_20min,temp_stator_core,0.9155436647915141,0.8324448374784194,1.9655060174797185,0,0,1200
primary_52kw,validation,42,source_positive_thermal_network_raw,matched_20min,temp_rotor,1.4115034926822578,1.3104427134879126,2.1513822727172993,0,0,1200
primary_52kw,validation,42,source_positive_thermal_network_raw,matched_20min,macro,1.0175928565323595,0.8991910500438175,2.1830321137394435,0,0,1200
primary_52kw,validation,42,source_positive_thermal_network_normalized,matched_20min,temp_winding,16.83830775245324,15.426271599944966,21.370415432930848,0,0,1200
primary_52kw,validation,42,source_positive_thermal_network_normalized,matched_20min,temp_stator_core,7.25801860251841,6.395564708767244,10.042727607070631,0,0,1200
primary_52kw,validation,42,source_positive_thermal_network_normalized,matched_20min,temp_rotor,3.6735755993181343,2.93635230129245,6.927250032773522,0,0,1200
primary_52kw,validation,42,source_positive_thermal_network_normalized,matched_20min,macro,9.256633984763262,8.25272953666822,12.780131024258333,0,0,1200
primary_52kw,validation,42,target_only_prefix_positive_thermal_network,matched_20min,temp_winding,1.971050746187379,1.4335848962982043,6.1542011370992284,0,0,1200
primary_52kw,validation,42,target_only_prefix_positive_thermal_network,matched_20min,temp_stator_core,3.7611693759140814,2.783261624382114,9.804753622596039,0,0,1200
primary_52kw,validation,42,target_only_prefix_positive_thermal_network,matched_20min,temp_rotor,2.8132666916278297,2.469019123356711,4.743469603245728,0,0,1200
primary_52kw,validation,42,target_only_prefix_positive_thermal_network,matched_20min,macro,2.84849560457643,2.2286218813456764,6.900808120980332,0,0,1200
primary_52kw,validation,42,source_prior_prefix_calibrated_thermal_network,matched_20min,temp_winding,1.0475464306700544,0.8605949918671097,2.607401194184007,0,0,1200
primary_52kw,validation,42,source_prior_prefix_calibrated_thermal_network,matched_20min,temp_stator_core,1.5004050826045507,1.4281621919795269,2.37814891030861,0,0,1200
primary_52kw,validation,42,source_prior_prefix_calibrated_thermal_network,matched_20min,temp_rotor,5.715754709886042,4.914967306714442,8.52542249019379,0,0,1200
primary_52kw,validation,42,source_prior_prefix_calibrated_thermal_network,matched_20min,macro,2.7545687410535487,2.401241496853693,4.503657531562136,0,0,1200
primary_52kw,validation,42,source_thermal_network_plus_hist_gradient_residual,matched_20min,temp_winding,18.03254293589114,16.948617814544182,23.08938722612806,0,0,1200
primary_52kw,validation,42,source_thermal_network_plus_hist_gradient_residual,matched_20min,temp_stator_core,9.045656915392602,8.163864544667609,12.115206322148133,0,0,1200
primary_52kw,validation,42,source_thermal_network_plus_hist_gradient_residual,matched_20min,temp_rotor,10.688280122743702,8.828170536180647,18.603629354163616,0,0,1200
primary_52kw,validation,42,source_thermal_network_plus_hist_gradient_residual,matched_20min,macro,12.588826658009149,11.31355096513081,17.93607430081327,0,0,1200
primary_52kw,validation,42,initial_state_persistence,long_55min,temp_winding,22.925323098172257,15.932665372472076,56.00199321371474,0,0,3300
primary_52kw,validation,42,initial_state_persistence,long_55min,temp_stator_core,20.49182832270936,13.214266079116518,45.950410551639436,0,0,3300
primary_52kw,validation,42,initial_state_persistence,long_55min,temp_rotor,14.79461465585034,13.094022462245608,29.80220441677961,0,0,3300
primary_52kw,validation,42,initial_state_persistence,long_55min,macro,19.40392202557732,14.080317971278069,43.918202727377924,0,0,3300
primary_52kw,validation,42,boundary_shift_persistence,long_55min,temp_winding,13.24893534774805,10.160343029900266,38.11747569447282,0,0,3300
primary_52kw,validation,42,boundary_shift_persistence,long_55min,temp_stator_core,10.341081549097463,7.228098436376559,34.95041894106401,0,0,3300
primary_52kw,validation,42,boundary_shift_persistence,long_55min,temp_rotor,8.64379586108751,7.723251718150947,15.297270366627544,0,0,3300
primary_52kw,validation,42,boundary_shift_persistence,long_55min,macro,10.744604252644342,8.370564394809257,29.455055000721458,0,0,3300
primary_52kw,validation,42,source_ridge_arx,long_55min,temp_winding,25.11254072315533,23.04051353611328,41.361470338539945,0,0,3300
primary_52kw,validation,42,source_ridge_arx,long_55min,temp_stator_core,12.63152139639638,11.366192151615733,22.472042736838375,0,0,3300
primary_52kw,validation,42,source_ridge_arx,long_55min,temp_rotor,15.098097762330937,12.454896575960387,26.39641336665305,0,0,3300
primary_52kw,validation,42,source_ridge_arx,long_55min,macro,17.614053293960882,15.620534087896468,30.07664214734379,0,0,3300
primary_52kw,validation,42,source_positive_thermal_network_raw,long_55min,temp_winding,2.3474969535873482,1.6553402716574137,6.9241323727721635,0,0,3300
primary_52kw,validation,42,source_positive_thermal_network_raw,long_55min,temp_stator_core,1.2145372930092797,0.9432300296933053,3.0696972436105625,0,0,3300
primary_52kw,validation,42,source_positive_thermal_network_raw,long_55min,temp_rotor,1.5812506550655019,1.445274457453968,3.0733860438108707,0,0,3300
primary_52kw,validation,42,source_positive_thermal_network_raw,long_55min,macro,1.7144283005540435,1.3479482529348956,4.355738553397866,0,0,3300
primary_52kw,validation,42,source_positive_thermal_network_normalized,long_55min,temp_winding,20.92003626203177,19.8421719262434,32.50479311544521,0,0,3300
primary_52kw,validation,42,source_positive_thermal_network_normalized,long_55min,temp_stator_core,10.447091309229023,9.671301891128854,17.327042360646274,0,0,3300
primary_52kw,validation,42,source_positive_thermal_network_normalized,long_55min,temp_rotor,12.643678269907355,10.455150846629826,21.91070357132621,0,0,3300
primary_52kw,validation,42,source_positive_thermal_network_normalized,long_55min,macro,14.670268613722717,13.322874888000692,23.914179682472565,0,0,3300
primary_52kw,validation,42,target_only_prefix_positive_thermal_network,long_55min,temp_winding,7.616504149049937,5.285531134878976,22.158301803946713,0,0,3300
primary_52kw,validation,42,target_only_prefix_positive_thermal_network,long_55min,temp_stator_core,8.589763554511348,6.366804014460806,24.261608787616993,0,0,3300
primary_52kw,validation,42,target_only_prefix_positive_thermal_network,long_55min,temp_rotor,5.45483939940222,4.279559316363822,11.111576721176043,0,0,3300
primary_52kw,validation,42,target_only_prefix_positive_thermal_network,long_55min,macro,7.220369034321169,5.310631488567868,19.177162437579916,0,0,3300
primary_52kw,validation,42,source_prior_prefix_calibrated_thermal_network,long_55min,temp_winding,5.2474976995193305,3.8629271762088213,13.157274915151561,0,0,3300
primary_52kw,validation,42,source_prior_prefix_calibrated_thermal_network,long_55min,temp_stator_core,3.5745817425606816,2.766540312673264,9.509410116770525,0,0,3300
primary_52kw,validation,42,source_prior_prefix_calibrated_thermal_network,long_55min,temp_rotor,7.062692718076426,6.242217344605901,10.481103047440747,0,0,3300
primary_52kw,validation,42,source_prior_prefix_calibrated_thermal_network,long_55min,macro,5.294924053385479,4.290561611162662,11.049262693120944,0,0,3300
primary_52kw,validation,42,source_thermal_network_plus_hist_gradient_residual,long_55min,temp_winding,36.17849325834038,32.35251824450987,60.19411285919981,0,0,3300
primary_52kw,validation,42,source_thermal_network_plus_hist_gradient_residual,long_55min,temp_stator_core,19.092045674720815,16.89728680186763,33.242957740551496,0,0,3300
primary_52kw,validation,42,source_thermal_network_plus_hist_gradient_residual,long_55min,temp_rotor,22.60819451769854,20.272753842639904,33.04062684803243,0,0,3300
primary_52kw,validation,42,source_thermal_network_plus_hist_gradient_residual,long_55min,macro,25.959577816919914,23.174186296339133,42.15923248259458,0,0,3300
primary_52kw,validation,53,initial_state_persistence,matched_20min,temp_winding,17.80659072332581,16.107874856658476,31.91567524480095,0,0,1200
primary_52kw,validation,53,initial_state_persistence,matched_20min,temp_stator_core,5.3664341402594555,4.30384340707758,12.118345737537155,0,0,1200
primary_52kw,validation,53,initial_state_persistence,matched_20min,temp_rotor,1.0648250851972443,0.8475120400177535,3.16916223898005,0,0,1200
primary_52kw,validation,53,initial_state_persistence,matched_20min,macro,8.079283316260838,7.08641010125127,15.734394407106052,0,0,1200
primary_52kw,validation,53,boundary_shift_persistence,matched_20min,temp_winding,17.882459306866032,16.163270211582294,32.323485919035214,0,0,1200
primary_52kw,validation,53,boundary_shift_persistence,matched_20min,temp_stator_core,5.445935774504198,4.332825288220847,12.497754366564962,0,0,1200
primary_52kw,validation,53,boundary_shift_persistence,matched_20min,temp_rotor,1.1421766695532738,0.9119976327297684,3.3800227008749957,0,0,1200
primary_52kw,validation,53,boundary_shift_persistence,matched_20min,macro,8.156857250307835,7.136031044177636,16.06708766215839,0,0,1200
primary_52kw,validation,53,source_ridge_arx,matched_20min,temp_winding,14.520898996192864,12.50168912094115,27.13773465535509,0,0,1200
primary_52kw,validation,53,source_ridge_arx,matched_20min,temp_stator_core,6.74440554822493,5.659098012763672,12.555013535289142,0,0,1200
primary_52kw,validation,53,source_ridge_arx,matched_20min,temp_rotor,5.597940289595395,5.09047786584424,9.138713421682219,0,0,1200
primary_52kw,validation,53,source_ridge_arx,matched_20min,macro,8.954414944671063,7.7504216665163534,16.277153870775482,0,0,1200
primary_52kw,validation,53,source_positive_thermal_network_raw,matched_20min,temp_winding,1.4713467139788352,1.2663938543174198,3.60401740570596,0,0,1200
primary_52kw,validation,53,source_positive_thermal_network_raw,matched_20min,temp_stator_core,0.6227222840582268,0.4969740878931873,1.5236484061608309,0,0,1200
primary_52kw,validation,53,source_positive_thermal_network_raw,matched_20min,temp_rotor,2.1309950740660617,1.8962061820411422,3.7499924195124024,0,0,1200
primary_52kw,validation,53,source_positive_thermal_network_raw,matched_20min,macro,1.4083546907010411,1.2198580414172497,2.959219410459731,0,0,1200
primary_52kw,validation,53,source_positive_thermal_network_normalized,matched_20min,temp_winding,10.828922452416718,8.201643069077734,24.01097398235295,0,0,1200
primary_52kw,validation,53,source_positive_thermal_network_normalized,matched_20min,temp_stator_core,5.55126087854988,4.2530050819297855,11.775377371785801,0,0,1200
primary_52kw,validation,53,source_positive_thermal_network_normalized,matched_20min,temp_rotor,2.242079029489937,1.7002117644389425,5.003756587320993,0,0,1200
primary_52kw,validation,53,source_positive_thermal_network_normalized,matched_20min,macro,6.207420786818845,4.718286638482154,13.596702647153249,0,0,1200
primary_52kw,validation,53,target_only_prefix_positive_thermal_network,matched_20min,temp_winding,1.6453192610506144,1.3840116843861707,4.0200484326975285,0,0,1200
primary_52kw,validation,53,target_only_prefix_positive_thermal_network,matched_20min,temp_stator_core,1.5498458606203194,1.3063323446168669,3.2453362218090476,0,0,1200
primary_52kw,validation,53,target_only_prefix_positive_thermal_network,matched_20min,temp_rotor,3.975323479922342,3.0842741520713517,8.211840723212347,0,0,1200
primary_52kw,validation,53,target_only_prefix_positive_thermal_network,matched_20min,macro,2.3901628671977586,1.9248727270247965,5.159075125906308,0,0,1200
primary_52kw,validation,53,source_prior_prefix_calibrated_thermal_network,matched_20min,temp_winding,16.201760895309768,15.390537552418824,25.11720406050612,0,0,1200
primary_52kw,validation,53,source_prior_prefix_calibrated_thermal_network,matched_20min,temp_stator_core,6.597652283633309,5.9838029830561705,11.752298767926717,0,0,1200
primary_52kw,validation,53,source_prior_prefix_calibrated_thermal_network,matched_20min,temp_rotor,1.744860153205352,1.39063652600336,3.7537369865834123,0,0,1200
primary_52kw,validation,53,source_prior_prefix_calibrated_thermal_network,matched_20min,macro,8.181424444049476,7.58832568715945,13.541079938338749,0,0,1200
primary_52kw,validation,53,source_thermal_network_plus_hist_gradient_residual,matched_20min,temp_winding,7.902639274490255,6.097995708966703,18.536455872345975,0,0,1200
primary_52kw,validation,53,source_thermal_network_plus_hist_gradient_residual,matched_20min,temp_stator_core,3.870940876151282,3.03925094412959,8.284825139480027,0,0,1200
primary_52kw,validation,53,source_thermal_network_plus_hist_gradient_residual,matched_20min,temp_rotor,3.5428275767345982,3.067665875429919,6.120219236190387,0,0,1200
primary_52kw,validation,53,source_thermal_network_plus_hist_gradient_residual,matched_20min,macro,5.105469242458712,4.0683041761754035,10.98050008267213,0,0,1200
primary_52kw,validation,53,initial_state_persistence,long_55min,temp_winding,17.10470367083364,15.785752734240416,31.91567524480095,0,0,3300
primary_52kw,validation,53,initial_state_persistence,long_55min,temp_stator_core,4.836304226450129,3.8707243153888284,12.118345737537155,0,0,3300
primary_52kw,validation,53,initial_state_persistence,long_55min,temp_rotor,1.7123092190059321,1.286057895449961,5.674169788980755,0,0,3300
primary_52kw,validation,53,initial_state_persistence,long_55min,macro,7.884439038763233,6.980844981693068,16.569396923772953,0,0,3300
primary_52kw,validation,53,boundary_shift_persistence,long_55min,temp_winding,18.649951245937306,17.548182220513098,32.323485919035214,0,0,3300
primary_52kw,validation,53,boundary_shift_persistence,long_55min,temp_stator_core,5.3451938300150195,4.527046743152619,12.497754366564962,0,0,3300
primary_52kw,validation,53,boundary_shift_persistence,long_55min,temp_rotor,2.190610953746277,1.6290870025401838,7.787191404926929,0,0,3300
primary_52kw,validation,53,boundary_shift_persistence,long_55min,macro,8.728585343232867,7.901438655401967,17.53614389684237,0,0,3300
primary_52kw,validation,53,source_ridge_arx,long_55min,temp_winding,10.075785021506581,7.898281727790575,27.13773465535509,0,0,3300
primary_52kw,validation,53,source_ridge_arx,long_55min,temp_stator_core,4.582130808514852,3.474654975028213,12.555013535289142,0,0,3300
primary_52kw,validation,53,source_ridge_arx,long_55min,temp_rotor,6.131379630257166,5.844997948064415,9.859748729637921,0,0,3300
primary_52kw,validation,53,source_ridge_arx,long_55min,macro,6.9297651534262,5.7393115502944,16.517498973427383,0,0,3300
primary_52kw,validation,53,source_positive_thermal_network_raw,long_55min,temp_winding,1.2500693173020079,0.9921453064100032,3.60401740570596,0,0,3300
primary_52kw,validation,53,source_positive_thermal_network_raw,long_55min,temp_stator_core,0.9117780598168399,0.7046394581748022,2.8602280420284956,0,0,3300
primary_52kw,validation,53,source_positive_thermal_network_raw,long_55min,temp_rotor,2.514112903122187,2.2206946510799495,5.433231845987812,0,0,3300
primary_52kw,validation,53,source_positive_thermal_network_raw,long_55min,macro,1.5586534267470118,1.3058264718882515,3.9658257645740895,0,0,3300
primary_52kw,validation,53,source_positive_thermal_network_normalized,long_55min,temp_winding,16.75632842292942,14.872440658204784,29.010202166772153,0,0,3300
primary_52kw,validation,53,source_positive_thermal_network_normalized,long_55min,temp_stator_core,9.527446097493007,8.507560617778466,14.625260059905052,0,0,3300
primary_52kw,validation,53,source_positive_thermal_network_normalized,long_55min,temp_rotor,9.128643021938762,7.484785600647462,16.85873627337302,0,0,3300
primary_52kw,validation,53,source_positive_thermal_network_normalized,long_55min,macro,11.804139180787063,10.288262292210238,20.164732833350076,0,0,3300
primary_52kw,validation,53,target_only_prefix_positive_thermal_network,long_55min,temp_winding,3.638791525233293,2.660497261732423,8.870907246736628,0,0,3300
primary_52kw,validation,53,target_only_prefix_positive_thermal_network,long_55min,temp_stator_core,2.361148193315737,2.015557837487504,5.0391795280344525,0,0,3300
primary_52kw,validation,53,target_only_prefix_positive_thermal_network,long_55min,temp_rotor,4.693446617994727,3.9937774675256486,9.265271475484518,0,0,3300
primary_52kw,validation,53,target_only_prefix_positive_thermal_network,long_55min,macro,3.564462112181252,2.8899441889151922,7.725119416751866,0,0,3300
primary_52kw,validation,53,source_prior_prefix_calibrated_thermal_network,long_55min,temp_winding,17.607648521578234,17.1008425456099,25.11720406050612,0,0,3300
primary_52kw,validation,53,source_prior_prefix_calibrated_thermal_network,long_55min,temp_stator_core,7.471710667237555,7.14325590446889,11.98503619584433,0,0,3300
primary_52kw,validation,53,source_prior_prefix_calibrated_thermal_network,long_55min,temp_rotor,2.865450192702644,2.594355041514201,5.716035344398122,0,0,3300
primary_52kw,validation,53,source_prior_prefix_calibrated_thermal_network,long_55min,macro,9.314936460506145,8.94615116386433,14.272758533582858,0,0,3300
primary_52kw,validation,53,source_thermal_network_plus_hist_gradient_residual,long_55min,temp_winding,8.642075766770008,6.99182249705279,18.77915205196676,0,0,3300
primary_52kw,validation,53,source_thermal_network_plus_hist_gradient_residual,long_55min,temp_stator_core,4.560424397747752,3.764404327337038,8.641882112173391,0,0,3300
primary_52kw,validation,53,source_thermal_network_plus_hist_gradient_residual,long_55min,temp_rotor,5.750614241308203,5.292892928710273,10.447453663994793,0,0,3300
primary_52kw,validation,53,source_thermal_network_plus_hist_gradient_residual,long_55min,macro,6.317704801941988,5.3497065843667,12.622829276044982,0,0,3300
primary_52kw,validation,54,initial_state_persistence,matched_20min,temp_winding,25.99468692579963,23.100717572528048,44.91675810097526,0,0,1200
primary_52kw,validation,54,initial_state_persistence,matched_20min,temp_stator_core,13.083895999547309,11.554441083775052,22.12547441532832,0,0,1200
primary_52kw,validation,54,initial_state_persistence,matched_20min,temp_rotor,18.246864960024972,16.975253364919123,23.40521188718835,0,0,1200
primary_52kw,validation,54,initial_state_persistence,matched_20min,macro,19.108482628457303,17.21013734040741,30.149148134497313,0,0,1200
primary_52kw,validation,54,boundary_shift_persistence,matched_20min,temp_winding,26.013648212080195,23.129977263819967,45.08342087086707,0,0,1200
primary_52kw,validation,54,boundary_shift_persistence,matched_20min,temp_stator_core,13.107965933930391,11.582869396814917,22.268809114121794,0,0,1200
primary_52kw,validation,54,boundary_shift_persistence,matched_20min,temp_rotor,18.272456472204393,17.00585516684143,23.62668416126546,0,0,1200
primary_52kw,validation,54,boundary_shift_persistence,matched_20min,macro,19.131356872738326,17.239567275825436,30.326304715418107,0,0,1200
primary_52kw,validation,54,source_ridge_arx,matched_20min,temp_winding,17.9110694237253,15.744632694985164,34.06496206683751,0,0,1200
primary_52kw,validation,54,source_ridge_arx,matched_20min,temp_stator_core,8.762804281448606,7.763027316973671,15.651282963843308,0,0,1200
primary_52kw,validation,54,source_ridge_arx,matched_20min,temp_rotor,9.84810501760616,9.236439258481344,15.227054168692014,0,0,1200
primary_52kw,validation,54,source_ridge_arx,matched_20min,macro,12.173992907593357,10.914699756813391,21.647766399790942,0,0,1200
primary_52kw,validation,54,source_positive_thermal_network_raw,matched_20min,temp_winding,1.8643861581792993,1.3954705341253417,4.513456407977415,0,0,1200
primary_52kw,validation,54,source_positive_thermal_network_raw,matched_20min,temp_stator_core,1.276409774806444,1.0715460924339915,2.9900777003412102,0,0,1200
primary_52kw,validation,54,source_positive_thermal_network_raw,matched_20min,temp_rotor,0.9904436714029081,0.7462628043296213,3.3964730580958644,0,0,1200
primary_52kw,validation,54,source_positive_thermal_network_raw,matched_20min,macro,1.3770798681295506,1.0710931436296516,3.6333357221381632,0,0,1200
primary_52kw,validation,54,source_positive_thermal_network_normalized,matched_20min,temp_winding,17.34148161708894,15.637337935725688,31.149241811456093,0,0,1200
primary_52kw,validation,54,source_positive_thermal_network_normalized,matched_20min,temp_stator_core,8.79116808799491,7.980952236064897,14.96431911345529,0,0,1200
primary_52kw,validation,54,source_positive_thermal_network_normalized,matched_20min,temp_rotor,10.935677695065602,10.269693121468773,16.558394105366943,0,0,1200
primary_52kw,validation,54,source_positive_thermal_network_normalized,matched_20min,macro,12.35610913338315,11.29599443108645,20.890651676759443,0,0,1200
primary_52kw,validation,54,target_only_prefix_positive_thermal_network,matched_20min,temp_winding,7.101855152902619,5.488695599086276,14.832265397234892,0,0,1200
primary_52kw,validation,54,target_only_prefix_positive_thermal_network,matched_20min,temp_stator_core,3.1043185346296887,2.2273817704314496,6.921305019915778,0,0,1200
primary_52kw,validation,54,target_only_prefix_positive_thermal_network,matched_20min,temp_rotor,10.179796768460902,9.401512086885104,15.202662765041332,0,0,1200
primary_52kw,validation,54,target_only_prefix_positive_thermal_network,matched_20min,macro,6.79532348533107,5.705863152134277,12.318744394064,0,0,1200
primary_52kw,validation,54,source_prior_prefix_calibrated_thermal_network,matched_20min,temp_winding,3.1562585783313697,2.22746376674894,8.692535157295723,0,0,1200
primary_52kw,validation,54,source_prior_prefix_calibrated_thermal_network,matched_20min,temp_stator_core,1.722274650910235,1.3255661379971875,4.490756502555769,0,0,1200
primary_52kw,validation,54,source_prior_prefix_calibrated_thermal_network,matched_20min,temp_rotor,7.089649593807853,6.612563958360618,12.699192656848652,0,0,1200
primary_52kw,validation,54,source_prior_prefix_calibrated_thermal_network,matched_20min,macro,3.9893942743498187,3.3885312877022487,8.627494772233382,0,0,1200
primary_52kw,validation,54,source_thermal_network_plus_hist_gradient_residual,matched_20min,temp_winding,12.811777436022757,10.595316846080545,26.062584007881185,0,0,1200
primary_52kw,validation,54,source_thermal_network_plus_hist_gradient_residual,matched_20min,temp_stator_core,6.4983999622681905,5.5235917078965775,12.91748135703925,0,0,1200
primary_52kw,validation,54,source_thermal_network_plus_hist_gradient_residual,matched_20min,temp_rotor,3.792781225939452,2.799980642278374,8.176807733917975,0,0,1200
primary_52kw,validation,54,source_thermal_network_plus_hist_gradient_residual,matched_20min,macro,7.7009862080768,6.306296398751832,15.718957699612803,0,0,1200
primary_52kw,validation,54,initial_state_persistence,long_55min,temp_winding,27.901941296965653,25.489327994254975,44.91675810097526,0,0,3300
primary_52kw,validation,54,initial_state_persistence,long_55min,temp_stator_core,19.763552962073884,17.633702886040208,30.792302176290782,0,0,3300
primary_52kw,validation,54,initial_state_persistence,long_55min,temp_rotor,25.400168267179396,24.193173766293814,35.09252154617558,0,0,3300
primary_52kw,validation,54,initial_state_persistence,long_55min,macro,24.355220842072978,22.438734882196332,36.93386060781388,0,0,3300
primary_52kw,validation,54,boundary_shift_persistence,long_55min,temp_winding,22.82911365596725,20.728344188850883,45.08342087086707,0,0,3300
primary_52kw,validation,54,boundary_shift_persistence,long_55min,temp_stator_core,13.809876566440915,12.760976071195508,22.880241337058365,0,0,3300
primary_52kw,validation,54,boundary_shift_persistence,long_55min,temp_rotor,19.877819980585542,19.041791063595305,33.07407843622417,0,0,3300
primary_52kw,validation,54,boundary_shift_persistence,long_55min,macro,18.838936734331238,17.510370441213897,33.6792468813832,0,0,3300
primary_52kw,validation,54,source_ridge_arx,long_55min,temp_winding,12.701170716897835,9.799543650313108,34.06496206683751,0,0,3300
primary_52kw,validation,54,source_ridge_arx,long_55min,temp_stator_core,6.057076599503473,4.63353435273533,15.651282963843308,0,0,3300
primary_52kw,validation,54,source_ridge_arx,long_55min,temp_rotor,6.5350606745522475,4.998211395657819,15.227054168692014,0,0,3300
primary_52kw,validation,54,source_ridge_arx,long_55min,macro,8.431102663651187,6.477096466235419,21.647766399790942,0,0,3300
primary_52kw,validation,54,source_positive_thermal_network_raw,long_55min,temp_winding,2.3869556974554946,2.036405086799377,5.884781724869185,0,0,3300
primary_52kw,validation,54,source_positive_thermal_network_raw,long_55min,temp_stator_core,1.593202882645818,1.4139245478300473,3.6395138436371894,0,0,3300
primary_52kw,validation,54,source_positive_thermal_network_raw,long_55min,temp_rotor,2.627895342510685,2.07515268813848,6.678276474858649,0,0,3300
primary_52kw,validation,54,source_positive_thermal_network_raw,long_55min,macro,2.202684640870666,1.8418274409226347,5.4008573477883415,0,0,3300
primary_52kw,validation,54,source_positive_thermal_network_normalized,long_55min,temp_winding,13.40326001034512,11.495544939165983,31.149241811456093,0,0,3300
primary_52kw,validation,54,source_positive_thermal_network_normalized,long_55min,temp_stator_core,6.900311529361868,6.0736967235297,14.96431911345529,0,0,3300
primary_52kw,validation,54,source_positive_thermal_network_normalized,long_55min,temp_rotor,8.988998351753528,8.449901828530196,16.558394105366943,0,0,3300
primary_52kw,validation,54,source_positive_thermal_network_normalized,long_55min,macro,9.764189963820172,8.673047830408626,20.890651676759443,0,0,3300
primary_52kw,validation,54,target_only_prefix_positive_thermal_network,long_55min,temp_winding,5.447328081819333,3.9491695392901778,14.832265397234892,0,0,3300
primary_52kw,validation,54,target_only_prefix_positive_thermal_network,long_55min,temp_stator_core,2.7989787004385454,1.9746652153738,6.921305019915778,0,0,3300
primary_52kw,validation,54,target_only_prefix_positive_thermal_network,long_55min,temp_rotor,12.745579140936279,11.95436265237774,21.940497286558767,0,0,3300
primary_52kw,validation,54,target_only_prefix_positive_thermal_network,long_55min,macro,6.9972953077313855,5.959399135680573,14.564689234569812,0,0,3300
primary_52kw,validation,54,source_prior_prefix_calibrated_thermal_network,long_55min,temp_winding,6.964360538784566,5.8811233420079105,12.813006840212154,0,0,3300
primary_52kw,validation,54,source_prior_prefix_calibrated_thermal_network,long_55min,temp_stator_core,3.1901385519987637,2.768052934924304,6.770915774040702,0,0,3300
primary_52kw,validation,54,source_prior_prefix_calibrated_thermal_network,long_55min,temp_rotor,9.068717727844177,8.529143951699572,16.727508291683833,0,0,3300
primary_52kw,validation,54,source_prior_prefix_calibrated_thermal_network,long_55min,macro,6.407738939542502,5.7261067428772625,12.103810301978896,0,0,3300
primary_52kw,validation,54,source_thermal_network_plus_hist_gradient_residual,long_55min,temp_winding,12.19143676797111,9.874621421817585,26.900332427717984,0,0,3300
primary_52kw,validation,54,source_thermal_network_plus_hist_gradient_residual,long_55min,temp_stator_core,6.716585253895045,5.588550482550926,13.281136072981283,0,0,3300
primary_52kw,validation,54,source_thermal_network_plus_hist_gradient_residual,long_55min,temp_rotor,6.860039555495899,5.78753647219206,12.45214097336482,0,0,3300
primary_52kw,validation,54,source_thermal_network_plus_hist_gradient_residual,long_55min,macro,8.589353859120685,7.083569458853524,17.544536491354695,0,0,3300
primary_52kw,validation,55,initial_state_persistence,matched_20min,temp_winding,25.891160615054957,22.947346856988734,45.63721444918227,0,0,1200
primary_52kw,validation,55,initial_state_persistence,matched_20min,temp_stator_core,13.386871642802499,11.783785949879164,22.791927896435233,0,0,1200
primary_52kw,validation,55,initial_state_persistence,matched_20min,temp_rotor,19.173509986792233,17.84683133193856,25.021590715083292,0,0,1200
primary_52kw,validation,55,initial_state_persistence,matched_20min,macro,19.48384741488323,17.525988046268818,31.15024435356693,0,0,1200
primary_52kw,validation,55,boundary_shift_persistence,matched_20min,temp_winding,25.467684971352874,22.526741091398744,45.1511087490245,0,0,1200
primary_52kw,validation,55,boundary_shift_persistence,matched_20min,temp_stator_core,12.962179353575523,11.36429501924235,22.339257644083276,0,0,1200
primary_52kw,validation,55,boundary_shift_persistence,matched_20min,temp_rotor,18.73660256341042,17.424087099851175,24.544798079186577,0,0,1200
primary_52kw,validation,55,boundary_shift_persistence,matched_20min,macro,19.055488962779606,17.10504107016409,30.678388157431453,0,0,1200
primary_52kw,validation,55,source_ridge_arx,matched_20min,temp_winding,18.203114557084508,15.97346834049653,34.15804399621257,0,0,1200
primary_52kw,validation,55,source_ridge_arx,matched_20min,temp_stator_core,9.103054146650553,8.022439306916898,15.803420355143537,0,0,1200
primary_52kw,validation,55,source_ridge_arx,matched_20min,temp_rotor,10.176057122307121,9.559632944687353,16.09596352164118,0,0,1200
primary_52kw,validation,55,source_ridge_arx,matched_20min,macro,12.494075275347393,11.185180197366925,22.01914262433243,0,0,1200
primary_52kw,validation,55,source_positive_thermal_network_raw,matched_20min,temp_winding,1.821561228150178,1.3881111057349713,4.5384166132158015,0,0,1200
primary_52kw,validation,55,source_positive_thermal_network_raw,matched_20min,temp_stator_core,1.1667022037139299,0.9312197140397844,3.157666120288013,0,0,1200
primary_52kw,validation,55,source_positive_thermal_network_raw,matched_20min,temp_rotor,1.0211099300279163,0.8151146434416159,3.4834579057402593,0,0,1200
primary_52kw,validation,55,source_positive_thermal_network_raw,matched_20min,macro,1.3364577872973413,1.0448151544054571,3.7265135464146915,0,0,1200
primary_52kw,validation,55,source_positive_thermal_network_normalized,matched_20min,temp_winding,17.013153527355044,15.291028582718697,30.554360342317537,0,0,1200
primary_52kw,validation,55,source_positive_thermal_network_normalized,matched_20min,temp_stator_core,8.808135424099346,7.96184584948541,14.69943694354182,0,0,1200
primary_52kw,validation,55,source_positive_thermal_network_normalized,matched_20min,temp_rotor,10.959578498409138,10.301793068423594,17.14852527675432,0,0,1200
primary_52kw,validation,55,source_positive_thermal_network_normalized,matched_20min,macro,12.26028914995451,11.1848891668759,20.800774187537893,0,0,1200
primary_52kw,validation,55,target_only_prefix_positive_thermal_network,matched_20min,temp_winding,3.706640531644609,2.716648005945643,8.655868874920642,0,0,1200
primary_52kw,validation,55,target_only_prefix_positive_thermal_network,matched_20min,temp_stator_core,1.3463899237697425,1.0066834355178196,3.2985528575829335,0,0,1200
primary_52kw,validation,55,target_only_prefix_positive_thermal_network,matched_20min,temp_rotor,11.20407161874822,10.301039849468786,16.30395072694806,0,0,1200
primary_52kw,validation,55,target_only_prefix_positive_thermal_network,matched_20min,macro,5.419034024720857,4.6747904303107495,9.419457486483878,0,0,1200
primary_52kw,validation,55,source_prior_prefix_calibrated_thermal_network,matched_20min,temp_winding,9.678136372813695,7.6781613589788655,21.83921795311943,0,0,1200
primary_52kw,validation,55,source_prior_prefix_calibrated_thermal_network,matched_20min,temp_stator_core,5.452429247255955,4.498144006620311,10.283639358008443,0,0,1200
primary_52kw,validation,55,source_prior_prefix_calibrated_thermal_network,matched_20min,temp_rotor,5.24323993050247,4.583360931870749,11.588548637346236,0,0,1200
primary_52kw,validation,55,source_prior_prefix_calibrated_thermal_network,matched_20min,macro,6.7912685168573725,5.586555432489976,14.570468649491369,0,0,1200
primary_52kw,validation,55,source_thermal_network_plus_hist_gradient_residual,matched_20min,temp_winding,11.148380921325257,8.234591835814914,24.43470235870123,0,0,1200
primary_52kw,validation,55,source_thermal_network_plus_hist_gradient_residual,matched_20min,temp_stator_core,5.073577309742068,3.786951881155278,10.920170047884454,0,0,1200
primary_52kw,validation,55,source_thermal_network_plus_hist_gradient_residual,matched_20min,temp_rotor,2.35379887712968,1.8122489749587132,5.657872101520283,0,0,1200
primary_52kw,validation,55,source_thermal_network_plus_hist_gradient_residual,matched_20min,macro,6.191919036065669,4.611264230642969,13.670914836035323,0,0,1200
primary_52kw,validation,55,initial_state_persistence,long_55min,temp_winding,20.937779021743758,18.423738486317347,45.63721444918227,0,0,3300
primary_52kw,validation,55,initial_state_persistence,long_55min,temp_stator_core,11.624642680731593,10.525631639593414,22.791927896435233,0,0,3300
primary_52kw,validation,55,initial_state_persistence,long_55min,temp_rotor,23.480366368165537,22.75307919072333,29.68722542496174,0,0,3300
primary_52kw,validation,55,initial_state_persistence,long_55min,macro,18.680929356880295,17.234149772211364,32.70545592352641,0,0,3300
primary_52kw,validation,55,boundary_shift_persistence,long_55min,temp_winding,20.422669284535168,17.870728836752974,45.1511087490245,0,0,3300
primary_52kw,validation,55,boundary_shift_persistence,long_55min,temp_stator_core,11.082912992983376,9.933931935727868,22.339257644083276,0,0,3300
primary_52kw,validation,55,boundary_shift_persistence,long_55min,temp_rotor,22.870054836726386,22.160196468148488,29.21471397464981,0,0,3300
primary_52kw,validation,55,boundary_shift_persistence,long_55min,macro,18.125212371414975,16.65495241354311,32.23502678925253,0,0,3300
primary_52kw,validation,55,source_ridge_arx,long_55min,temp_winding,12.778967563389815,10.433295183683649,34.15804399621257,0,0,3300
primary_52kw,validation,55,source_ridge_arx,long_55min,temp_stator_core,6.471927854164629,5.3547972866994185,15.803420355143537,0,0,3300
primary_52kw,validation,55,source_ridge_arx,long_55min,temp_rotor,6.9425687765132365,5.644367478535545,16.09596352164118,0,0,3300
primary_52kw,validation,55,source_ridge_arx,long_55min,macro,8.731154731355893,7.1441533163062045,22.01914262433243,0,0,3300
primary_52kw,validation,55,source_positive_thermal_network_raw,long_55min,temp_winding,1.8760241149403538,1.5893228007243752,4.5384166132158015,0,0,3300
primary_52kw,validation,55,source_positive_thermal_network_raw,long_55min,temp_stator_core,1.0393470320063454,0.8689203653332196,3.157666120288013,0,0,3300
primary_52kw,validation,55,source_positive_thermal_network_raw,long_55min,temp_rotor,1.8759257337117974,1.593777792368276,4.111507499391777,0,0,3300
primary_52kw,validation,55,source_positive_thermal_network_raw,long_55min,macro,1.5970989602194987,1.3506736528086236,3.9358634109651973,0,0,3300
primary_52kw,validation,55,source_positive_thermal_network_normalized,long_55min,temp_winding,12.71461352743585,10.790611002260826,30.554360342317537,0,0,3300
primary_52kw,validation,55,source_positive_thermal_network_normalized,long_55min,temp_stator_core,6.777784917410143,5.947818618917533,14.69943694354182,0,0,3300
primary_52kw,validation,55,source_positive_thermal_network_normalized,long_55min,temp_rotor,8.327283266138101,7.653367590980724,17.14852527675432,0,0,3300
primary_52kw,validation,55,source_positive_thermal_network_normalized,long_55min,macro,9.273227236994698,8.130599070719695,20.800774187537893,0,0,3300
primary_52kw,validation,55,target_only_prefix_positive_thermal_network,long_55min,temp_winding,3.1348092040105606,2.357032512733635,8.655868874920642,0,0,3300
primary_52kw,validation,55,target_only_prefix_positive_thermal_network,long_55min,temp_stator_core,1.492525461079291,1.2139451708539144,3.7551848115713824,0,0,3300
primary_52kw,validation,55,target_only_prefix_positive_thermal_network,long_55min,temp_rotor,16.735393059324934,15.88272274870479,23.669607610986517,0,0,3300
primary_52kw,validation,55,target_only_prefix_positive_thermal_network,long_55min,macro,7.120909241471595,6.484566810764114,12.026887099159515,0,0,3300
primary_52kw,validation,55,source_prior_prefix_calibrated_thermal_network,long_55min,temp_winding,15.194658689073991,13.673338126484794,24.731924175023963,0,0,3300
primary_52kw,validation,55,source_prior_prefix_calibrated_thermal_network,long_55min,temp_stator_core,7.9039730111759425,7.2555084858435706,13.552113346405719,0,0,3300
primary_52kw,validation,55,source_prior_prefix_calibrated_thermal_network,long_55min,temp_rotor,8.496725615494343,7.706455033886028,14.419856858490839,0,0,3300
primary_52kw,validation,55,source_prior_prefix_calibrated_thermal_network,long_55min,macro,10.531785771914757,9.545100548738132,17.56796479330684,0,0,3300
primary_52kw,validation,55,source_thermal_network_plus_hist_gradient_residual,long_55min,temp_winding,13.575184547471457,12.045818750878349,25.273608551167257,0,0,3300
primary_52kw,validation,55,source_thermal_network_plus_hist_gradient_residual,long_55min,temp_stator_core,6.871135415765607,6.138033579044015,11.123143271097888,0,0,3300
primary_52kw,validation,55,source_thermal_network_plus_hist_gradient_residual,long_55min,temp_rotor,7.298514475770636,6.335827721358976,10.901098772932741,0,0,3300
primary_52kw,validation,55,source_thermal_network_plus_hist_gradient_residual,long_55min,macro,9.248278146335899,8.173226683760447,15.765950198399295,0,0,3300
primary_52kw,validation,63,initial_state_persistence,matched_20min,temp_winding,5.949740885365639,4.887099595663551,14.710834724714239,0,0,1200
primary_52kw,validation,63,initial_state_persistence,matched_20min,temp_stator_core,7.381390498028785,6.932690302198007,11.318229686417837,0,0,1200
primary_52kw,validation,63,initial_state_persistence,matched_20min,temp_rotor,15.885085636125067,14.851252712306202,21.28326362782021,0,0,1200
primary_52kw,validation,63,initial_state_persistence,matched_20min,macro,9.738739006506497,8.890347536722587,15.770776012984095,0,0,1200
primary_52kw,validation,63,boundary_shift_persistence,matched_20min,temp_winding,6.280479986854535,5.199840697889435,14.667294253785883,0,0,1200
primary_52kw,validation,63,boundary_shift_persistence,matched_20min,temp_stator_core,7.039614557970027,6.448287476019612,11.266216716257333,0,0,1200
primary_52kw,validation,63,boundary_shift_persistence,matched_20min,temp_rotor,15.320641254943073,14.313869540161669,21.13306695069327,0,0,1200
primary_52kw,validation,63,boundary_shift_persistence,matched_20min,macro,9.546911933255878,8.653999238023571,15.688859306912162,0,0,1200
primary_52kw,validation,63,source_ridge_arx,matched_20min,temp_winding,7.161162433521499,5.7507416641859255,14.95819339309093,0,0,1200
primary_52kw,validation,63,source_ridge_arx,matched_20min,temp_stator_core,2.6797245931763185,2.1702643313947334,5.938117870965648,0,0,1200
primary_52kw,validation,63,source_ridge_arx,matched_20min,temp_rotor,4.503960590971916,4.103826188618003,7.6520261633668625,0,0,1200
primary_52kw,validation,63,source_ridge_arx,matched_20min,macro,4.781615872556578,4.008277394732887,9.516112475807814,0,0,1200
primary_52kw,validation,63,source_positive_thermal_network_raw,matched_20min,temp_winding,1.0994984467898854,0.8687240787588075,3.0570118769441947,0,0,1200
primary_52kw,validation,63,source_positive_thermal_network_raw,matched_20min,temp_stator_core,0.7287554541437621,0.5618113154872891,2.3570558596284386,0,0,1200
primary_52kw,validation,63,source_positive_thermal_network_raw,matched_20min,temp_rotor,1.9472077344594096,1.8076877002071792,3.8103349184627646,0,0,1200
primary_52kw,validation,63,source_positive_thermal_network_raw,matched_20min,macro,1.2584872117976857,1.079407698151092,3.074800885011799,0,0,1200
primary_52kw,validation,63,source_positive_thermal_network_normalized,matched_20min,temp_winding,11.457399372532194,10.094403298279294,21.86880093270807,0,0,1200
primary_52kw,validation,63,source_positive_thermal_network_normalized,matched_20min,temp_stator_core,6.501356637313322,5.82712775936309,10.528434916444397,0,0,1200
primary_52kw,validation,63,source_positive_thermal_network_normalized,matched_20min,temp_rotor,9.999592519088528,9.423066263925765,13.60272063243334,0,0,1200
primary_52kw,validation,63,source_positive_thermal_network_normalized,matched_20min,macro,9.319449509644683,8.448199107189383,15.333318827195269,0,0,1200
primary_52kw,validation,63,target_only_prefix_positive_thermal_network,matched_20min,temp_winding,20.18755627805138,19.247812016341072,26.309153654882394,0,0,1200
primary_52kw,validation,63,target_only_prefix_positive_thermal_network,matched_20min,temp_stator_core,10.378699828031012,9.885350108905044,13.546591180118021,0,0,1200
primary_52kw,validation,63,target_only_prefix_positive_thermal_network,matched_20min,temp_rotor,7.607342036008081,6.919600610189309,11.296211998440313,0,0,1200
primary_52kw,validation,63,target_only_prefix_positive_thermal_network,matched_20min,macro,12.724532714030156,12.017587578478475,17.050652277813576,0,0,1200
primary_52kw,validation,63,source_prior_prefix_calibrated_thermal_network,matched_20min,temp_winding,91.51955576161085,79.22763020562425,158.88348129701578,0,0,1200
primary_52kw,validation,63,source_prior_prefix_calibrated_thermal_network,matched_20min,temp_stator_core,48.650106375327404,41.683957034932696,87.26464177119581,0,0,1200
primary_52kw,validation,63,source_prior_prefix_calibrated_thermal_network,matched_20min,temp_rotor,14.99358560821201,11.35244216566724,35.74664766073562,0,0,1200
primary_52kw,validation,63,source_prior_prefix_calibrated_thermal_network,matched_20min,macro,51.72108258171676,44.08800980207473,93.96492357631574,0,0,1200
primary_52kw,validation,63,source_thermal_network_plus_hist_gradient_residual,matched_20min,temp_winding,3.765264834405684,3.2251975509140127,7.759618762863056,0,0,1200
primary_52kw,validation,63,source_thermal_network_plus_hist_gradient_residual,matched_20min,temp_stator_core,2.082892437508835,1.8659110072865823,3.7267585868037116,0,0,1200
primary_52kw,validation,63,source_thermal_network_plus_hist_gradient_residual,matched_20min,temp_rotor,1.5709961639326184,1.4532830317784964,3.60192912027361,0,0,1200
primary_52kw,validation,63,source_thermal_network_plus_hist_gradient_residual,matched_20min,macro,2.4730511452823793,2.1814638633263637,5.029435489980126,0,0,1200
primary_52kw,validation,63,initial_state_persistence,long_55min,temp_winding,13.670080373470306,10.989396682745264,28.922290863643077,0,0,3300
primary_52kw,validation,63,initial_state_persistence,long_55min,temp_stator_core,20.9871851872757,17.929569537470755,42.08721173906757,0,0,3300
primary_52kw,validation,63,initial_state_persistence,long_55min,temp_rotor,23.6636761749061,22.565159091014092,31.402009047446697,0,0,3300
primary_52kw,validation,63,initial_state_persistence,long_55min,macro,19.440313911884036,17.16137510374337,34.13717055005245,0,0,3300
primary_52kw,validation,63,boundary_shift_persistence,long_55min,temp_winding,13.032610101001792,10.609668330149454,28.801660448015546,0,0,3300
primary_52kw,validation,63,boundary_shift_persistence,long_55min,temp_stator_core,9.650406003890186,8.54879757337784,17.12743916709293,0,0,3300
primary_52kw,validation,63,boundary_shift_persistence,long_55min,temp_rotor,15.772196539022465,14.280843307107576,23.24485256966055,0,0,3300
primary_52kw,validation,63,boundary_shift_persistence,long_55min,macro,12.818404214638148,11.146436403544955,23.05798406158968,0,0,3300
primary_52kw,validation,63,source_ridge_arx,long_55min,temp_winding,16.8289746342655,11.61114576793432,39.6931030424733,0,0,3300
primary_52kw,validation,63,source_ridge_arx,long_55min,temp_stator_core,8.22812672156163,5.391481425660096,19.43412714147074,0,0,3300
primary_52kw,validation,63,source_ridge_arx,long_55min,temp_rotor,6.5442455582056605,4.858844320677906,16.84440962719234,0,0,3300
primary_52kw,validation,63,source_ridge_arx,long_55min,macro,10.533782304677596,7.287157171424107,25.32387993704546,0,0,3300
primary_52kw,validation,63,source_positive_thermal_network_raw,long_55min,temp_winding,1.8088887932957634,1.4104522687654228,4.363172517122777,0,0,3300
primary_52kw,validation,63,source_positive_thermal_network_raw,long_55min,temp_stator_core,1.1668359406642548,0.9403570064984424,3.206765292524423,0,0,3300
primary_52kw,validation,63,source_positive_thermal_network_raw,long_55min,temp_rotor,1.3336722824989742,1.0976719605298322,3.8103349184627646,0,0,3300
primary_52kw,validation,63,source_positive_thermal_network_raw,long_55min,macro,1.4364656721529974,1.149493745264566,3.793424242703322,0,0,3300
primary_52kw,validation,63,source_positive_thermal_network_normalized,long_55min,temp_winding,13.908837077246906,11.50209966529405,26.844355730268482,0,0,3300
primary_52kw,validation,63,source_positive_thermal_network_normalized,long_55min,temp_stator_core,7.655140694443973,6.530384904403667,13.719146072371771,0,0,3300
primary_52kw,validation,63,source_positive_thermal_network_normalized,long_55min,temp_rotor,11.417704849258223,10.739232196109347,17.33423779101991,0,0,3300
primary_52kw,validation,63,source_positive_thermal_network_normalized,long_55min,macro,10.993894206983034,9.590572255269022,19.299246531220053,0,0,3300
primary_52kw,validation,63,target_only_prefix_positive_thermal_network,long_55min,temp_winding,22.81190764817156,19.592553832102702,53.946752786090784,0,0,3300
primary_52kw,validation,63,target_only_prefix_positive_thermal_network,long_55min,temp_stator_core,11.674369165172362,10.121251645522182,27.813455187290195,0,0,3300
primary_52kw,validation,63,target_only_prefix_positive_thermal_network,long_55min,temp_rotor,7.9961275894934865,6.860498391136765,15.299903349231592,0,0,3300
primary_52kw,validation,63,target_only_prefix_positive_thermal_network,long_55min,macro,14.160801467612467,12.191434622920548,32.353370440870854,0,0,3300
primary_52kw,validation,63,source_prior_prefix_calibrated_thermal_network,long_55min,temp_winding,149.061151658193,139.10840913376387,192.44625307172007,1937,0,3300
primary_52kw,validation,63,source_prior_prefix_calibrated_thermal_network,long_55min,temp_stator_core,83.03277323746548,77.04384030618411,107.94843568348614,1937,0,3300
primary_52kw,validation,63,source_prior_prefix_calibrated_thermal_network,long_55min,temp_rotor,40.10588946972987,34.46506980379211,66.18284936633562,1937,0,3300
primary_52kw,validation,63,source_prior_prefix_calibrated_thermal_network,long_55min,macro,90.73327145512945,83.53910641458003,122.1925127071806,1937,0,3300
primary_52kw,validation,63,source_thermal_network_plus_hist_gradient_residual,long_55min,temp_winding,6.6914733484321465,5.975710177610226,13.201290816190578,0,0,3300
primary_52kw,validation,63,source_thermal_network_plus_hist_gradient_residual,long_55min,temp_stator_core,3.309953029291673,3.018209584807803,5.490088442336223,0,0,3300
primary_52kw,validation,63,source_thermal_network_plus_hist_gradient_residual,long_55min,temp_rotor,1.69477415641596,1.5895657205724831,3.60192912027361,0,0,3300
primary_52kw,validation,63,source_thermal_network_plus_hist_gradient_residual,long_55min,macro,3.8987335113799264,3.527828494330171,7.43110279293347,0,0,3300
primary_52kw,validation,69,initial_state_persistence,matched_20min,temp_winding,15.209146262257475,13.233503994372983,29.519064479933114,0,0,1200
primary_52kw,validation,69,initial_state_persistence,matched_20min,temp_stator_core,12.853037433578333,10.928481643839126,24.925321577917394,0,0,1200
primary_52kw,validation,69,initial_state_persistence,matched_20min,temp_rotor,13.153382493666156,12.31532752661171,17.974526272070317,0,0,1200
primary_52kw,validation,69,initial_state_persistence,matched_20min,macro,13.738522063167322,12.159104388274606,24.139637443306942,0,0,1200
primary_52kw,validation,69,boundary_shift_persistence,matched_20min,temp_winding,12.133779863401887,10.392243727563203,25.600623793377338,0,0,1200
primary_52kw,validation,69,boundary_shift_persistence,matched_20min,temp_stator_core,8.747474478028883,7.905893384679305,18.558607170886038,0,0,1200
primary_52kw,validation,69,boundary_shift_persistence,matched_20min,temp_rotor,10.545554015146545,9.281723577862373,22.657553567084612,0,0,1200
primary_52kw,validation,69,boundary_shift_persistence,matched_20min,macro,10.475602785525771,9.193286896701627,22.27226151044933,0,0,1200
primary_52kw,validation,69,source_ridge_arx,matched_20min,temp_winding,10.020182704232136,7.956394569166258,23.416037015243,0,0,1200
primary_52kw,validation,69,source_ridge_arx,matched_20min,temp_stator_core,4.133408473938256,3.5866574350228286,9.320527505308995,0,0,1200
primary_52kw,validation,69,source_ridge_arx,matched_20min,temp_rotor,4.162109830462436,3.645008008851225,7.921445099935369,0,0,1200
primary_52kw,validation,69,source_ridge_arx,matched_20min,macro,6.105233669544276,5.062686671013437,13.552669873495788,0,0,1200
primary_52kw,validation,69,source_positive_thermal_network_raw,matched_20min,temp_winding,1.7975349138073626,1.4042730490712931,4.708594683733409,0,0,1200
primary_52kw,validation,69,source_positive_thermal_network_raw,matched_20min,temp_stator_core,0.8140312887739073,0.6883986657183278,1.8269090980949585,0,0,1200
primary_52kw,validation,69,source_positive_thermal_network_raw,matched_20min,temp_rotor,1.7498679678892384,1.5824217475305473,3.2865372684314096,0,0,1200
primary_52kw,validation,69,source_positive_thermal_network_raw,matched_20min,macro,1.453811390156836,1.2250311541067227,3.2740136834199256,0,0,1200
primary_52kw,validation,69,source_positive_thermal_network_normalized,matched_20min,temp_winding,9.25762804904253,7.762674827600217,19.49924647788235,0,0,1200
primary_52kw,validation,69,source_positive_thermal_network_normalized,matched_20min,temp_stator_core,5.188394433967809,4.6145115516516455,8.755850479369947,0,0,1200
primary_52kw,validation,69,source_positive_thermal_network_normalized,matched_20min,temp_rotor,7.796036906646936,7.418768197066929,10.381045007212109,0,0,1200
primary_52kw,validation,69,source_positive_thermal_network_normalized,matched_20min,macro,7.414019796552425,6.598651525439597,12.878713988154802,0,0,1200
primary_52kw,validation,69,target_only_prefix_positive_thermal_network,matched_20min,temp_winding,6.346777057293959,5.436862231969862,12.885981467801983,0,0,1200
primary_52kw,validation,69,target_only_prefix_positive_thermal_network,matched_20min,temp_stator_core,6.596079164749931,4.2059322528982,18.75124467764583,0,0,1200
primary_52kw,validation,69,target_only_prefix_positive_thermal_network,matched_20min,temp_rotor,7.902046810529984,7.191798456181508,12.277148244359672,0,0,1200
primary_52kw,validation,69,target_only_prefix_positive_thermal_network,matched_20min,macro,6.948301010857958,5.611530980349857,14.638124796602495,0,0,1200
primary_52kw,validation,69,source_prior_prefix_calibrated_thermal_network,matched_20min,temp_winding,17.886388255385377,15.666145523051082,28.612325280768296,0,0,1200
primary_52kw,validation,69,source_prior_prefix_calibrated_thermal_network,matched_20min,temp_stator_core,8.30058934321911,6.712017146621035,13.964608223761303,0,0,1200
primary_52kw,validation,69,source_prior_prefix_calibrated_thermal_network,matched_20min,temp_rotor,4.190340882846869,3.5860094914866827,7.420961515465869,0,0,1200
primary_52kw,validation,69,source_prior_prefix_calibrated_thermal_network,matched_20min,macro,10.12577282715045,8.6547240537196,16.665965006665157,0,0,1200
primary_52kw,validation,69,source_thermal_network_plus_hist_gradient_residual,matched_20min,temp_winding,5.2477039143041715,4.516042908053704,10.264333249516007,0,0,1200
primary_52kw,validation,69,source_thermal_network_plus_hist_gradient_residual,matched_20min,temp_stator_core,2.627278747360964,2.2210772336425135,4.830260648077505,0,0,1200
primary_52kw,validation,69,source_thermal_network_plus_hist_gradient_residual,matched_20min,temp_rotor,2.64739502720107,2.158472179179219,5.361359588620893,0,0,1200
primary_52kw,validation,69,source_thermal_network_plus_hist_gradient_residual,matched_20min,macro,3.5074592296220684,2.965197440291812,6.818651162071468,0,0,1200
primary_52kw,validation,69,initial_state_persistence,long_55min,temp_winding,28.50768013676812,25.22988730504969,61.816543823695234,0,0,3300
primary_52kw,validation,69,initial_state_persistence,long_55min,temp_stator_core,25.79615770737463,22.515816414380097,54.20914964644625,0,0,3300
primary_52kw,validation,69,initial_state_persistence,long_55min,temp_rotor,23.866935102875896,22.15647442960091,38.999230633136506,0,0,3300
primary_52kw,validation,69,initial_state_persistence,long_55min,macro,26.056924315672884,23.300726049676896,51.67497470109266,0,0,3300
primary_52kw,validation,69,boundary_shift_persistence,long_55min,temp_winding,18.603066278133,16.494373138525464,36.768540581864535,0,0,3300
primary_52kw,validation,69,boundary_shift_persistence,long_55min,temp_stator_core,15.064943208985012,13.714364796092221,28.72926684689628,0,0,3300
primary_52kw,validation,69,boundary_shift_persistence,long_55min,temp_rotor,15.381880284110768,13.351017106007756,26.380749610721104,0,0,3300
primary_52kw,validation,69,boundary_shift_persistence,long_55min,macro,16.349963257076258,14.51991834687515,30.6261856798273,0,0,3300
primary_52kw,validation,69,source_ridge_arx,long_55min,temp_winding,10.919505485428187,8.54250217839442,26.438420528261133,0,0,3300
primary_52kw,validation,69,source_ridge_arx,long_55min,temp_stator_core,4.9380882992216595,3.9518860604030217,12.416584786972066,0,0,3300
primary_52kw,validation,69,source_ridge_arx,long_55min,temp_rotor,3.5899466029532014,2.9587912011823883,8.164670135519891,0,0,3300
primary_52kw,validation,69,source_ridge_arx,long_55min,macro,6.4825134625343495,5.15105981332661,15.67322515025103,0,0,3300
primary_52kw,validation,69,source_positive_thermal_network_raw,long_55min,temp_winding,2.0636812626257957,1.574199723385748,7.410919124514933,0,0,3300
primary_52kw,validation,69,source_positive_thermal_network_raw,long_55min,temp_stator_core,1.0899749137484191,0.8740271881422987,3.7914904843059816,0,0,3300
primary_52kw,validation,69,source_positive_thermal_network_raw,long_55min,temp_rotor,1.232088762261185,0.9904314573139164,3.2865372684314096,0,0,3300
primary_52kw,validation,69,source_positive_thermal_network_raw,long_55min,macro,1.4619149795451332,1.1462194562806545,4.829648959084108,0,0,3300
primary_52kw,validation,69,source_positive_thermal_network_normalized,long_55min,temp_winding,10.10946695319814,8.833697492883081,21.192503718941083,0,0,3300
primary_52kw,validation,69,source_positive_thermal_network_normalized,long_55min,temp_stator_core,5.830839462613156,5.355401698749228,10.727290342335635,0,0,3300
primary_52kw,validation,69,source_positive_thermal_network_normalized,long_55min,temp_rotor,8.759850883833812,8.515883709890291,12.588314212808442,0,0,3300
primary_52kw,validation,69,source_positive_thermal_network_normalized,long_55min,macro,8.233385766548368,7.568327633840866,14.83603609136172,0,0,3300
primary_52kw,validation,69,target_only_prefix_positive_thermal_network,long_55min,temp_winding,15.760682926959426,11.550172057693931,41.57622177527038,0,0,3300
primary_52kw,validation,69,target_only_prefix_positive_thermal_network,long_55min,temp_stator_core,17.0600275442754,12.805944729153262,42.145532071682865,0,0,3300
primary_52kw,validation,69,target_only_prefix_positive_thermal_network,long_55min,temp_rotor,15.742240633795902,14.387643123362773,23.847025548383634,0,0,3300
primary_52kw,validation,69,target_only_prefix_positive_thermal_network,long_55min,macro,16.187650368343576,12.914586636736656,35.85625979844563,0,0,3300
primary_52kw,validation,69,source_prior_prefix_calibrated_thermal_network,long_55min,temp_winding,18.114734190470564,15.697944433663205,30.438492088094364,0,0,3300
primary_52kw,validation,69,source_prior_prefix_calibrated_thermal_network,long_55min,temp_stator_core,8.4937514302891,7.276755209397147,15.479038914291579,0,0,3300
primary_52kw,validation,69,source_prior_prefix_calibrated_thermal_network,long_55min,temp_rotor,8.678765626398341,7.487990298962824,14.638658889828832,0,0,3300
primary_52kw,validation,69,source_prior_prefix_calibrated_thermal_network,long_55min,macro,11.762417082386003,10.154229980674392,20.185396630738257,0,0,3300
primary_52kw,validation,69,source_thermal_network_plus_hist_gradient_residual,long_55min,temp_winding,6.285294938797624,5.334612162100978,14.13608636418185,0,0,3300
primary_52kw,validation,69,source_thermal_network_plus_hist_gradient_residual,long_55min,temp_stator_core,3.49806199497626,2.9326128895752017,7.435066568527212,0,0,3300
primary_52kw,validation,69,source_thermal_network_plus_hist_gradient_residual,long_55min,temp_rotor,1.8717394293382599,1.4037324120088297,5.361359588620893,0,0,3300
primary_52kw,validation,69,source_thermal_network_plus_hist_gradient_residual,long_55min,macro,3.8850321210373813,3.2236524878950035,8.977504173776651,0,0,3300
primary_52kw,source_test,2,initial_state_persistence,matched_20min,temp_winding,21.671962959320638,20.66197659174601,26.171875,0,0,1200
primary_52kw,source_test,2,initial_state_persistence,matched_20min,temp_stator_core,14.249983068570662,13.490442703564963,17.8466854095459,0,0,1200
primary_52kw,source_test,2,initial_state_persistence,matched_20min,temp_rotor,6.952970842193067,6.0685129563013716,11.530843734741211,0,0,1200
primary_52kw,source_test,2,initial_state_persistence,matched_20min,macro,14.29163895669479,13.406977417204116,18.516468048095703,0,0,1200
primary_52kw,source_test,2,boundary_shift_persistence,matched_20min,temp_winding,21.366427732408276,20.391003414392472,26.02872085571289,0,0,1200
primary_52kw,source_test,2,boundary_shift_persistence,matched_20min,temp_stator_core,13.94453329377216,13.219876382748286,17.494097232818604,0,0,1200
primary_52kw,source_test,2,boundary_shift_persistence,matched_20min,temp_rotor,6.6425091993114345,5.802082939545314,11.195106983184814,0,0,1200
primary_52kw,source_test,2,boundary_shift_persistence,matched_20min,macro,13.984490075163956,13.137654245562024,18.23930835723877,0,0,1200
primary_52kw,source_test,2,source_ridge_arx,matched_20min,temp_winding,15.495980474756001,14.047066748852004,22.357909285135946,0,0,1200
primary_52kw,source_test,2,source_ridge_arx,matched_20min,temp_stator_core,6.0520834061495625,5.151649427798717,9.75279967266166,0,0,1200
primary_52kw,source_test,2,source_ridge_arx,matched_20min,temp_rotor,12.35640750979403,11.259041331747815,18.068209033757427,0,0,1200
primary_52kw,source_test,2,source_ridge_arx,matched_20min,macro,11.30149046356653,10.152585836132845,16.726305997185012,0,0,1200
primary_52kw,source_test,2,source_positive_thermal_network_raw,matched_20min,temp_winding,4.0409602989616085,3.721741832766607,5.371939182433408,0,0,1200
primary_52kw,source_test,2,source_positive_thermal_network_raw,matched_20min,temp_stator_core,2.2994004357415974,2.022925090369644,3.4846639158779666,0,0,1200
primary_52kw,source_test,2,source_positive_thermal_network_raw,matched_20min,temp_rotor,1.5570103419297157,1.4649760633241475,1.9927255383729232,0,0,1200
primary_52kw,source_test,2,source_positive_thermal_network_raw,matched_20min,macro,2.632457025544307,2.4032143288201326,3.616442878894766,0,0,1200
primary_52kw,source_test,2,source_positive_thermal_network_normalized,matched_20min,temp_winding,18.921180720809065,18.119155432930196,22.29912431180415,0,0,1200
primary_52kw,source_test,2,source_positive_thermal_network_normalized,matched_20min,temp_stator_core,8.112253309659542,7.497883882101989,10.290158980933647,0,0,1200
primary_52kw,source_test,2,source_positive_thermal_network_normalized,matched_20min,temp_rotor,10.669252702071194,9.629202457769127,16.26632120950238,0,0,1200
primary_52kw,source_test,2,source_positive_thermal_network_normalized,matched_20min,macro,12.567562244179934,11.748747257600437,16.285201500746727,0,0,1200
primary_52kw,source_test,2,target_only_prefix_positive_thermal_network,matched_20min,temp_winding,6.059691460405038,5.590395051098929,8.127614995871468,0,0,1200
primary_52kw,source_test,2,target_only_prefix_positive_thermal_network,matched_20min,temp_stator_core,3.499613203748798,3.0795421819282094,5.3241304382685115,0,0,1200
primary_52kw,source_test,2,target_only_prefix_positive_thermal_network,matched_20min,temp_rotor,2.4488864448628664,1.9411074642470778,4.892371793569662,0,0,1200
primary_52kw,source_test,2,target_only_prefix_positive_thermal_network,matched_20min,macro,4.002730369672234,3.5370148990914054,6.114705742569881,0,0,1200
primary_52kw,source_test,2,source_prior_prefix_calibrated_thermal_network,matched_20min,temp_winding,9.270895484922736,8.113025622121746,15.307047055665223,0,0,1200
primary_52kw,source_test,2,source_prior_prefix_calibrated_thermal_network,matched_20min,temp_stator_core,3.708747773883264,3.220209601372084,6.138399918970535,0,0,1200
primary_52kw,source_test,2,source_prior_prefix_calibrated_thermal_network,matched_20min,temp_rotor,0.6286539788111765,0.5293471379961322,1.359584082686986,0,0,1200
primary_52kw,source_test,2,source_prior_prefix_calibrated_thermal_network,matched_20min,macro,4.536099079205726,3.9541941204966538,7.601677019107581,0,0,1200
primary_52kw,source_test,2,source_thermal_network_plus_hist_gradient_residual,matched_20min,temp_winding,12.912810332812425,12.246478792489203,17.093527118068394,0,0,1200
primary_52kw,source_test,2,source_thermal_network_plus_hist_gradient_residual,matched_20min,temp_stator_core,6.532311108408934,6.085591036620333,8.882592094039289,0,0,1200
primary_52kw,source_test,2,source_thermal_network_plus_hist_gradient_residual,matched_20min,temp_rotor,1.0859682025789281,0.9410572935982205,2.282015170310764,0,0,1200
primary_52kw,source_test,2,source_thermal_network_plus_hist_gradient_residual,matched_20min,macro,6.84369654793343,6.424375707569252,9.419378127472816,0,0,1200
primary_52kw,source_test,2,initial_state_persistence,long_55min,temp_winding,25.20776395697442,24.70716685208407,27.531463623046875,0,0,3300
primary_52kw,source_test,2,initial_state_persistence,long_55min,temp_stator_core,16.866949378294077,16.48347500136404,18.28566551208496,0,0,3300
primary_52kw,source_test,2,initial_state_persistence,long_55min,temp_rotor,14.330119586964281,13.005848036679355,20.853181838989265,0,0,3300
primary_52kw,source_test,2,initial_state_persistence,long_55min,macro,18.801610974077594,18.06549663004249,22.2234369913737,0,0,3300
primary_52kw,source_test,2,boundary_shift_persistence,long_55min,temp_winding,24.673098792165188,24.19895614118287,27.642803192138658,0,0,3300
primary_52kw,source_test,2,boundary_shift_persistence,long_55min,temp_stator_core,16.332384193859646,15.975412238294428,19.005626678466797,0,0,3300
primary_52kw,source_test,2,boundary_shift_persistence,long_55min,temp_rotor,13.776423499680154,12.499289384177237,20.364726543426514,0,0,3300
primary_52kw,source_test,2,boundary_shift_persistence,long_55min,macro,18.260635495234997,17.55788592121818,22.337718804677323,0,0,3300
primary_52kw,source_test,2,source_ridge_arx,long_55min,temp_winding,22.408793780828955,21.336823144389438,26.907437769408688,0,0,3300
primary_52kw,source_test,2,source_ridge_arx,long_55min,temp_stator_core,9.446688924180082,8.81936076477778,11.300031242945693,0,0,3300
primary_52kw,source_test,2,source_ridge_arx,long_55min,temp_rotor,18.779152904086963,17.817558434174554,23.01620059321388,0,0,3300
primary_52kw,source_test,2,source_ridge_arx,long_55min,macro,16.878211869698667,15.991247447780589,20.407889868522755,0,0,3300
primary_52kw,source_test,2,source_positive_thermal_network_raw,long_55min,temp_winding,4.900357723668882,4.744252858724048,5.5322846623496105,0,0,3300
primary_52kw,source_test,2,source_positive_thermal_network_raw,long_55min,temp_stator_core,2.9515719742648776,2.8126408933616407,3.5207070548116235,0,0,3300
primary_52kw,source_test,2,source_positive_thermal_network_raw,long_55min,temp_rotor,1.6979275979063297,1.4703162502402458,3.4678016193592143,0,0,3300
primary_52kw,source_test,2,source_positive_thermal_network_raw,long_55min,macro,3.1832857652800293,3.0090700007753113,4.17359777884015,0,0,3300
primary_52kw,source_test,2,source_positive_thermal_network_normalized,long_55min,temp_winding,21.15731166260675,20.80157856557694,22.59199646668651,0,0,3300
primary_52kw,source_test,2,source_positive_thermal_network_normalized,long_55min,temp_stator_core,8.990012234590191,8.739633715152006,10.290158980933647,0,0,3300
primary_52kw,source_test,2,source_positive_thermal_network_normalized,long_55min,temp_rotor,18.075230895131284,16.912394263312745,23.5572791204511,0,0,3300
primary_52kw,source_test,2,source_positive_thermal_network_normalized,long_55min,macro,16.074184930776074,15.484535514680564,18.81314485602375,0,0,3300
primary_52kw,source_test,2,target_only_prefix_positive_thermal_network,long_55min,temp_winding,7.877498453429546,7.5967685189592,9.174999363823076,0,0,3300
primary_52kw,source_test,2,target_only_prefix_positive_thermal_network,long_55min,temp_stator_core,4.843626755036645,4.597287897050051,5.637120792464344,0,0,3300
primary_52kw,source_test,2,target_only_prefix_positive_thermal_network,long_55min,temp_rotor,7.823855035057164,6.656477847174972,12.85381036047653,0,0,3300
primary_52kw,source_test,2,target_only_prefix_positive_thermal_network,long_55min,macro,6.848326747841118,6.283511421061408,9.221976838921316,0,0,3300
primary_52kw,source_test,2,source_prior_prefix_calibrated_thermal_network,long_55min,temp_winding,18.519120025551164,16.888846326953484,26.43215998643994,0,0,3300
primary_52kw,source_test,2,source_prior_prefix_calibrated_thermal_network,long_55min,temp_stator_core,8.28841124112014,7.432845367461147,12.385668897267266,0,0,3300
primary_52kw,source_test,2,source_prior_prefix_calibrated_thermal_network,long_55min,temp_rotor,1.5166569813153676,1.34725510525788,2.2025186496299227,0,0,3300
primary_52kw,source_test,2,source_prior_prefix_calibrated_thermal_network,long_55min,macro,9.441396082662225,8.556315599890837,13.673449177779043,0,0,3300
primary_52kw,source_test,2,source_thermal_network_plus_hist_gradient_residual,long_55min,temp_winding,12.444153927676604,12.133302953711858,17.093527118068394,0,0,3300
primary_52kw,source_test,2,source_thermal_network_plus_hist_gradient_residual,long_55min,temp_stator_core,6.365789089651007,6.1725143174220065,8.882592094039289,0,0,3300
primary_52kw,source_test,2,source_thermal_network_plus_hist_gradient_residual,long_55min,temp_rotor,3.6415021711740647,3.0253698652189733,7.3302408276502575,0,0,3300
primary_52kw,source_test,2,source_thermal_network_plus_hist_gradient_residual,long_55min,macro,7.483815062833892,7.1103957121176125,11.102120013252646,0,0,3300
primary_52kw,source_test,6,initial_state_persistence,matched_20min,temp_winding,10.302937480080843,9.865017623901368,12.341606140136719,0,0,1200
primary_52kw,source_test,6,initial_state_persistence,matched_20min,temp_stator_core,7.152819181244528,6.84087568283081,9.264074325561523,0,0,1200
primary_52kw,source_test,6,initial_state_persistence,matched_20min,temp_rotor,16.307030330781163,15.136743386586508,22.222721099853516,0,0,1200
primary_52kw,source_test,6,initial_state_persistence,matched_20min,macro,11.254262330702177,10.61421223110623,14.609467188517252,0,0,1200
primary_52kw,source_test,6,boundary_shift_persistence,matched_20min,temp_winding,10.452539734461416,10.01530775129795,15.459681749343872,0,0,1200
primary_52kw,source_test,6,boundary_shift_persistence,matched_20min,temp_stator_core,7.304365872820678,6.991720658739408,11.731385469436646,0,0,1200
primary_52kw,source_test,6,boundary_shift_persistence,matched_20min,temp_rotor,16.448877794613434,15.287076534231504,25.336211442947388,0,0,1200
primary_52kw,source_test,6,boundary_shift_persistence,matched_20min,macro,11.401927800631844,10.76470164808962,17.509092887242634,0,0,1200
primary_52kw,source_test,6,source_ridge_arx,matched_20min,temp_winding,2.1654423502694278,1.8097143162165805,4.114697942315033,0,0,1200
primary_52kw,source_test,6,source_ridge_arx,matched_20min,temp_stator_core,1.0978384066795623,0.9996317217085946,2.1471632018519955,0,0,1200
primary_52kw,source_test,6,source_ridge_arx,matched_20min,temp_rotor,6.8071494875697285,6.539084615073693,8.12103578792265,0,0,1200
primary_52kw,source_test,6,source_ridge_arx,matched_20min,macro,3.3568100815062394,3.1161435509996225,4.794298977363226,0,0,1200
primary_52kw,source_test,6,source_positive_thermal_network_raw,matched_20min,temp_winding,0.6703021183013823,0.6175215216441342,1.294941859018408,0,0,1200
primary_52kw,source_test,6,source_positive_thermal_network_raw,matched_20min,temp_stator_core,0.32100598452521745,0.2809293257266599,0.8788890841677741,0,0,1200
primary_52kw,source_test,6,source_positive_thermal_network_raw,matched_20min,temp_rotor,1.2803034316304764,1.1149924703654088,2.560609618026163,0,0,1200
primary_52kw,source_test,6,source_positive_thermal_network_raw,matched_20min,macro,0.7572038448190254,0.6711477725787344,1.5781468537374483,0,0,1200
primary_52kw,source_test,6,source_positive_thermal_network_normalized,matched_20min,temp_winding,1.61319198346337,1.4371062513131179,2.736998480046566,0,0,1200
primary_52kw,source_test,6,source_positive_thermal_network_normalized,matched_20min,temp_stator_core,1.2090617645932402,0.920498948735506,2.4244714454336957,0,0,1200
primary_52kw,source_test,6,source_positive_thermal_network_normalized,matched_20min,temp_rotor,7.571737271315846,7.262781753955186,8.919710521614086,0,0,1200
primary_52kw,source_test,6,source_positive_thermal_network_normalized,matched_20min,macro,3.4646636731241522,3.206795651334603,4.693726815698116,0,0,1200
primary_52kw,source_test,6,target_only_prefix_positive_thermal_network,matched_20min,temp_winding,1.5086809199812108,1.2863765629422372,2.5833486171082,0,0,1200
primary_52kw,source_test,6,target_only_prefix_positive_thermal_network,matched_20min,temp_stator_core,1.7261844929792365,1.5665042769638948,3.1780072247264357,0,0,1200
primary_52kw,source_test,6,target_only_prefix_positive_thermal_network,matched_20min,temp_rotor,3.7933831908356748,3.13238160989106,6.6723318998076735,0,0,1200
primary_52kw,source_test,6,target_only_prefix_positive_thermal_network,matched_20min,macro,2.3427495345987075,1.9950874832657306,4.144562580547436,0,0,1200
primary_52kw,source_test,6,source_prior_prefix_calibrated_thermal_network,matched_20min,temp_winding,2.0394465084562303,1.9605724959540585,2.8012799820532024,0,0,1200
primary_52kw,source_test,6,source_prior_prefix_calibrated_thermal_network,matched_20min,temp_stator_core,1.5705542028490656,1.3986172807857729,2.4132753820116335,0,0,1200
primary_52kw,source_test,6,source_prior_prefix_calibrated_thermal_network,matched_20min,temp_rotor,12.02147340590683,10.062598159742786,21.298874778029386,0,0,1200
primary_52kw,source_test,6,source_prior_prefix_calibrated_thermal_network,matched_20min,macro,5.210491372404042,4.473929312160872,8.83781004736474,0,0,1200
primary_52kw,source_test,6,source_thermal_network_plus_hist_gradient_residual,matched_20min,temp_winding,12.242038207619043,11.18597021379412,15.570496444920337,0,0,1200
primary_52kw,source_test,6,source_thermal_network_plus_hist_gradient_residual,matched_20min,temp_stator_core,6.260000734564533,5.533945238833243,8.49167911295715,0,0,1200
primary_52kw,source_test,6,source_thermal_network_plus_hist_gradient_residual,matched_20min,temp_rotor,8.041773395191527,6.95485179784626,12.997022926902744,0,0,1200
primary_52kw,source_test,6,source_thermal_network_plus_hist_gradient_residual,matched_20min,macro,8.8479374457917,7.8915890834912075,12.35306616159341,0,0,1200
primary_52kw,source_test,6,initial_state_persistence,long_55min,temp_winding,11.697077944715812,11.488093166929303,16.1055908203125,0,0,3300
primary_52kw,source_test,6,initial_state_persistence,long_55min,temp_stator_core,9.083102383187589,8.836554312272506,16.44329071044922,0,0,3300
primary_52kw,source_test,6,initial_state_persistence,long_55min,temp_rotor,22.15554978973773,21.326654034238874,26.511730194091797,0,0,3300
primary_52kw,source_test,6,initial_state_persistence,long_55min,macro,14.311910039213709,13.883767171146895,19.686870574951172,0,0,3300
primary_52kw,source_test,6,boundary_shift_persistence,long_55min,temp_winding,11.209770893741945,10.936807984511058,15.459681749343872,0,0,3300
primary_52kw,source_test,6,boundary_shift_persistence,long_55min,temp_stator_core,8.526359696811747,8.285470892949538,11.731385469436646,0,0,3300
primary_52kw,source_test,6,boundary_shift_persistence,long_55min,temp_rotor,21.56231162103203,20.775384495547325,26.45971393585205,0,0,3300
primary_52kw,source_test,6,boundary_shift_persistence,long_55min,macro,13.766147403861908,13.332554457669309,17.883593718210857,0,0,3300
primary_52kw,source_test,6,source_ridge_arx,long_55min,temp_winding,5.84851589790471,5.081464749849004,15.46042488837358,0,0,3300
primary_52kw,source_test,6,source_ridge_arx,long_55min,temp_stator_core,2.1223550828195954,1.897672407089619,6.224300214247464,0,0,3300
primary_52kw,source_test,6,source_ridge_arx,long_55min,temp_rotor,4.697031616966004,3.8949335197268824,8.12103578792265,0,0,3300
primary_52kw,source_test,6,source_ridge_arx,long_55min,macro,4.222634199230103,3.6246902255551685,9.935253630181231,0,0,3300
primary_52kw,source_test,6,source_positive_thermal_network_raw,long_55min,temp_winding,0.9165210313571965,0.7505814054823716,3.88685850223888,0,0,3300
primary_52kw,source_test,6,source_positive_thermal_network_raw,long_55min,temp_stator_core,0.40517473445677826,0.262206663460401,2.7162301042754464,0,0,3300
primary_52kw,source_test,6,source_positive_thermal_network_raw,long_55min,temp_rotor,4.059555080910076,3.5271833718651617,6.518590787212489,0,0,3300
primary_52kw,source_test,6,source_positive_thermal_network_raw,long_55min,macro,1.7937502822413505,1.5133238136026448,4.373893131242272,0,0,3300
primary_52kw,source_test,6,source_positive_thermal_network_normalized,long_55min,temp_winding,3.8807410298859195,3.4790578086032324,6.365867452653632,0,0,3300
primary_52kw,source_test,6,source_positive_thermal_network_normalized,long_55min,temp_stator_core,1.2913221542263713,1.1108036370993244,4.074442144130543,0,0,3300
primary_52kw,source_test,6,source_positive_thermal_network_normalized,long_55min,temp_rotor,5.395739695824082,4.448439458247849,8.919710521614086,0,0,3300
primary_52kw,source_test,6,source_positive_thermal_network_normalized,long_55min,macro,3.522600959978791,3.0127669679834685,6.453340039466087,0,0,3300
primary_52kw,source_test,6,target_only_prefix_positive_thermal_network,long_55min,temp_winding,2.1296142655982826,1.9742646103504171,2.7775558047536464,0,0,3300
primary_52kw,source_test,6,target_only_prefix_positive_thermal_network,long_55min,temp_stator_core,3.0096600446486175,2.7846588962973837,4.170945080333212,0,0,3300
primary_52kw,source_test,6,target_only_prefix_positive_thermal_network,long_55min,temp_rotor,7.366124207116742,6.702665341559937,9.484249792540155,0,0,3300
primary_52kw,source_test,6,target_only_prefix_positive_thermal_network,long_55min,macro,4.168466172454547,3.820529616069246,5.4775835592090045,0,0,3300
primary_52kw,source_test,6,source_prior_prefix_calibrated_thermal_network,long_55min,temp_winding,2.360076350229003,2.28558062988452,3.311893403873853,0,0,3300
primary_52kw,source_test,6,source_prior_prefix_calibrated_thermal_network,long_55min,temp_stator_core,2.3834848953504073,2.1509410309621777,7.276265423451278,0,0,3300
primary_52kw,source_test,6,source_prior_prefix_calibrated_thermal_network,long_55min,temp_rotor,27.59888673950362,24.625773782212672,39.956736151601376,0,0,3300
primary_52kw,source_test,6,source_prior_prefix_calibrated_thermal_network,long_55min,macro,10.780815995027675,9.687431814353124,16.848298326308836,0,0,3300
primary_52kw,source_test,6,source_thermal_network_plus_hist_gradient_residual,long_55min,temp_winding,15.519041550362543,14.933862960497791,20.317531632577825,0,0,3300
primary_52kw,source_test,6,source_thermal_network_plus_hist_gradient_residual,long_55min,temp_stator_core,8.002542926772547,7.621128741965436,12.362984758783313,0,0,3300
primary_52kw,source_test,6,source_thermal_network_plus_hist_gradient_residual,long_55min,temp_rotor,13.961455100377457,12.932892913224746,18.735110328039724,0,0,3300
primary_52kw,source_test,6,source_thermal_network_plus_hist_gradient_residual,long_55min,macro,12.494346525837514,11.829294871895991,17.138542239800287,0,0,3300
primary_52kw,source_test,7,initial_state_persistence,matched_20min,temp_winding,4.2698778596891005,4.127399876912435,4.7762603759765625,0,0,1200
primary_52kw,source_test,7,initial_state_persistence,matched_20min,temp_stator_core,2.7220410528929966,2.59699324687322,3.448174476623535,0,0,1200
primary_52kw,source_test,7,initial_state_persistence,matched_20min,temp_rotor,3.3841947515768913,3.0116087595621743,5.370370864868164,0,0,1200
primary_52kw,source_test,7,initial_state_persistence,matched_20min,macro,3.458704554719663,3.245333961115943,4.531601905822754,0,0,1200
primary_52kw,source_test,7,boundary_shift_persistence,matched_20min,temp_winding,4.229663732858888,4.104890401363373,5.565779685974121,0,0,1200
primary_52kw,source_test,7,boundary_shift_persistence,matched_20min,temp_stator_core,2.678420793771186,2.5772034804026287,3.788922786712643,0,0,1200
primary_52kw,source_test,7,boundary_shift_persistence,matched_20min,temp_rotor,3.3107203175677546,2.9917493724822997,5.324915409088135,0,0,1200
primary_52kw,source_test,7,boundary_shift_persistence,matched_20min,macro,3.406268281399276,3.224614418082767,4.893205960591633,0,0,1200
primary_52kw,source_test,7,source_ridge_arx,matched_20min,temp_winding,21.03390230937053,18.650960821040275,32.17323419223186,0,0,1200
primary_52kw,source_test,7,source_ridge_arx,matched_20min,temp_stator_core,11.421232228624614,10.077521626869872,17.636458906880158,0,0,1200
primary_52kw,source_test,7,source_ridge_arx,matched_20min,temp_rotor,8.927045295376168,7.552913364974177,15.960987513739884,0,0,1200
primary_52kw,source_test,7,source_ridge_arx,matched_20min,macro,13.794059944457103,12.093798604294776,21.92356020428397,0,0,1200
primary_52kw,source_test,7,source_positive_thermal_network_raw,matched_20min,temp_winding,1.4467684804083578,1.3532122878105133,1.9246416314287558,0,0,1200
primary_52kw,source_test,7,source_positive_thermal_network_raw,matched_20min,temp_stator_core,1.1608447874377883,1.1153109775404955,1.4999628542122885,0,0,1200
primary_52kw,source_test,7,source_positive_thermal_network_raw,matched_20min,temp_rotor,2.406848657396531,2.1802408338094126,3.7350456499089155,0,0,1200
primary_52kw,source_test,7,source_positive_thermal_network_raw,matched_20min,macro,1.6714873084142257,1.549588033053474,2.38655004518332,0,0,1200
primary_52kw,source_test,7,source_positive_thermal_network_normalized,matched_20min,temp_winding,22.36608613755347,20.158191758631528,33.08138725642468,0,0,1200
primary_52kw,source_test,7,source_positive_thermal_network_normalized,matched_20min,temp_stator_core,11.977481494844968,10.704770260796362,17.954716219996577,0,0,1200
primary_52kw,source_test,7,source_positive_thermal_network_normalized,matched_20min,temp_rotor,8.6937973066191,7.293654401238539,15.716896476115206,0,0,1200
primary_52kw,source_test,7,source_positive_thermal_network_normalized,matched_20min,macro,14.345788313005846,12.718872140222144,22.25099998417882,0,0,1200
primary_52kw,source_test,7,target_only_prefix_positive_thermal_network,matched_20min,temp_winding,1.1437620579087757,1.1031642994154829,1.3979872848584876,0,0,1200
primary_52kw,source_test,7,target_only_prefix_positive_thermal_network,matched_20min,temp_stator_core,0.4039747768627025,0.3675214728594789,0.7425984458568848,0,0,1200
primary_52kw,source_test,7,target_only_prefix_positive_thermal_network,matched_20min,temp_rotor,1.5016287386959766,1.28178801729855,2.6714960974569593,0,0,1200
primary_52kw,source_test,7,target_only_prefix_positive_thermal_network,matched_20min,macro,1.0164551911558182,0.9174912631911706,1.6040272760574439,0,0,1200
primary_52kw,source_test,7,source_prior_prefix_calibrated_thermal_network,matched_20min,temp_winding,1.618287390570731,1.5676018369556752,1.9464347180351496,0,0,1200
primary_52kw,source_test,7,source_prior_prefix_calibrated_thermal_network,matched_20min,temp_stator_core,0.5392796637676462,0.4988597152218814,0.8661821162535333,0,0,1200
primary_52kw,source_test,7,source_prior_prefix_calibrated_thermal_network,matched_20min,temp_rotor,0.9502203539991002,0.8149232339839358,1.723543302691855,0,0,1200
primary_52kw,source_test,7,source_prior_prefix_calibrated_thermal_network,matched_20min,macro,1.0359291361124925,0.960461595387164,1.5120533789935127,0,0,1200
primary_52kw,source_test,7,source_thermal_network_plus_hist_gradient_residual,matched_20min,temp_winding,16.399569345646146,14.736929099503916,24.774948708107786,0,0,1200
primary_52kw,source_test,7,source_thermal_network_plus_hist_gradient_residual,matched_20min,temp_stator_core,8.804012036304059,7.8828164291427445,13.482856416741619,0,0,1200
primary_52kw,source_test,7,source_thermal_network_plus_hist_gradient_residual,matched_20min,temp_rotor,7.599640834975889,6.62100145317218,13.012671387373217,0,0,1200
primary_52kw,source_test,7,source_thermal_network_plus_hist_gradient_residual,matched_20min,macro,10.934407405642032,9.74691566060628,17.09015883740754,0,0,1200
primary_52kw,source_test,7,initial_state_persistence,long_55min,temp_winding,4.600338813215545,4.541994033582283,4.883918762207031,0,0,3300
primary_52kw,source_test,7,initial_state_persistence,long_55min,temp_stator_core,3.324858740325514,3.24672255487153,4.0707550048828125,0,0,3300
primary_52kw,source_test,7,initial_state_persistence,long_55min,temp_rotor,6.026452098839018,5.589327312816273,8.27491569519043,0,0,3300
primary_52kw,source_test,7,initial_state_persistence,long_55min,macro,4.650549884126693,4.459347967090029,5.743196487426758,0,0,3300
primary_52kw,source_test,7,boundary_shift_persistence,long_55min,temp_winding,4.3295281927395015,4.277821549646782,5.992197036743171,0,0,3300
primary_52kw,source_test,7,boundary_shift_persistence,long_55min,temp_stator_core,3.0459152913651937,2.9835390560554735,5.1885480880737305,0,0,3300
primary_52kw,source_test,7,boundary_shift_persistence,long_55min,temp_rotor,5.722361279780766,5.326118497415022,9.168163299560547,0,0,3300
primary_52kw,source_test,7,boundary_shift_persistence,long_55min,macro,4.365934921295153,4.1958263677057595,6.782969474792483,0,0,3300
primary_52kw,source_test,7,source_ridge_arx,long_55min,temp_winding,33.32069749690342,31.314129688414855,40.884453318629554,0,0,3300
primary_52kw,source_test,7,source_ridge_arx,long_55min,temp_stator_core,18.542729128268086,17.36727772876412,22.948132094452625,0,0,3300
primary_52kw,source_test,7,source_ridge_arx,long_55min,temp_rotor,22.601299514246953,19.917962910909097,34.53643526455309,0,0,3300
primary_52kw,source_test,7,source_ridge_arx,long_55min,macro,24.821575379806152,22.866456776029356,32.78967355921176,0,0,3300
primary_52kw,source_test,7,source_positive_thermal_network_raw,long_55min,temp_winding,1.8512695529402023,1.7931654289558923,2.218999830352722,0,0,3300
primary_52kw,source_test,7,source_positive_thermal_network_raw,long_55min,temp_stator_core,1.114734558938507,1.0875404394679415,1.4999628542122885,0,0,3300
primary_52kw,source_test,7,source_positive_thermal_network_raw,long_55min,temp_rotor,4.109456034782874,3.8384659346820444,5.820344427819943,0,0,3300
primary_52kw,source_test,7,source_positive_thermal_network_raw,long_55min,macro,2.358486715553861,2.239723934368626,3.1797690374616514,0,0,3300
primary_52kw,source_test,7,source_positive_thermal_network_normalized,long_55min,temp_winding,33.471451944126116,31.73566581533865,40.34184251323548,0,0,3300
primary_52kw,source_test,7,source_positive_thermal_network_normalized,long_55min,temp_stator_core,18.520005546405002,17.47326712157132,22.64610318155554,0,0,3300
primary_52kw,source_test,7,source_positive_thermal_network_normalized,long_55min,temp_rotor,22.165529054505658,19.51008542552134,33.7305654080791,0,0,3300
primary_52kw,source_test,7,source_positive_thermal_network_normalized,long_55min,macro,24.718995515012256,22.906339454143772,32.2395037009567,0,0,3300
primary_52kw,source_test,7,target_only_prefix_positive_thermal_network,long_55min,temp_winding,1.186468023802208,1.1690798927221608,1.3979872848584876,0,0,3300
primary_52kw,source_test,7,target_only_prefix_positive_thermal_network,long_55min,temp_stator_core,0.8199042833554223,0.7444741176496138,1.4100867432037099,0,0,3300
primary_52kw,source_test,7,target_only_prefix_positive_thermal_network,long_55min,temp_rotor,3.151635149799427,2.834439256926637,5.108143997988087,0,0,3300
primary_52kw,source_test,7,target_only_prefix_positive_thermal_network,long_55min,macro,1.7193358189856855,1.582664422432804,2.6387393420167613,0,0,3300
primary_52kw,source_test,7,source_prior_prefix_calibrated_thermal_network,long_55min,temp_winding,1.481346135924103,1.45177282661069,1.9464347180351496,0,0,3300
primary_52kw,source_test,7,source_prior_prefix_calibrated_thermal_network,long_55min,temp_stator_core,0.8412323511122703,0.7842967696567839,1.4961511054744534,0,0,3300
primary_52kw,source_test,7,source_prior_prefix_calibrated_thermal_network,long_55min,temp_rotor,1.938008757773112,1.7477908744602657,3.2759877304927123,0,0,3300
primary_52kw,source_test,7,source_prior_prefix_calibrated_thermal_network,long_55min,macro,1.4201957482698282,1.3279534902425798,2.239524518000772,0,0,3300
primary_52kw,source_test,7,source_thermal_network_plus_hist_gradient_residual,long_55min,temp_winding,29.298327604724985,26.975813618470962,47.85730273607062,0,0,3300
primary_52kw,source_test,7,source_thermal_network_plus_hist_gradient_residual,long_55min,temp_stator_core,16.14514574257783,14.8557175676923,26.092797716151672,0,0,3300
primary_52kw,source_test,7,source_thermal_network_plus_hist_gradient_residual,long_55min,temp_rotor,23.075848086543708,19.759961018688344,40.97561275284066,0,0,3300
primary_52kw,source_test,7,source_thermal_network_plus_hist_gradient_residual,long_55min,macro,22.839773811282175,20.5304974016172,38.30857106835432,0,0,3300
primary_52kw,source_test,11,initial_state_persistence,matched_20min,temp_winding,17.892545422983623,16.56254961013794,24.699840545654297,0,0,1200
primary_52kw,source_test,11,initial_state_persistence,matched_20min,temp_stator_core,4.543320871981791,4.004799841245015,7.860960006713867,0,0,1200
primary_52kw,source_test,11,initial_state_persistence,matched_20min,temp_rotor,2.8840519145183765,2.8290617116292323,3.5640869140625,0,0,1200
primary_52kw,source_test,11,initial_state_persistence,matched_20min,macro,8.439972736494598,7.798803721004062,12.041629155476889,0,0,1200
primary_52kw,source_test,11,boundary_shift_persistence,matched_20min,temp_winding,17.545842100624423,16.201890687147777,24.483163356781006,0,0,1200
primary_52kw,source_test,11,boundary_shift_persistence,matched_20min,temp_stator_core,4.270461988678403,3.7569663087526957,7.75684928894043,0,0,1200
primary_52kw,source_test,11,boundary_shift_persistence,matched_20min,temp_rotor,3.2645762915913346,3.19476708650589,4.140497684478767,0,0,1200
primary_52kw,source_test,11,boundary_shift_persistence,matched_20min,macro,8.360293460298054,7.717874694135454,12.1268367767334,0,0,1200
primary_52kw,source_test,11,source_ridge_arx,matched_20min,temp_winding,20.698604562452495,19.926733504908412,26.041894550885644,0,0,1200
primary_52kw,source_test,11,source_ridge_arx,matched_20min,temp_stator_core,10.179484835968438,9.61169729756179,12.47027940639051,0,0,1200
primary_52kw,source_test,11,source_ridge_arx,matched_20min,temp_rotor,7.140183979900783,6.020845947881943,11.608384278338853,0,0,1200
primary_52kw,source_test,11,source_ridge_arx,matched_20min,macro,12.672757792773906,11.853092250117383,16.706852745205,0,0,1200
primary_52kw,source_test,11,source_positive_thermal_network_raw,matched_20min,temp_winding,1.2995480103993196,1.0922007939773868,2.950932179010543,0,0,1200
primary_52kw,source_test,11,source_positive_thermal_network_raw,matched_20min,temp_stator_core,1.141581900146023,0.9767172711078763,2.230156345696223,0,0,1200
primary_52kw,source_test,11,source_positive_thermal_network_raw,matched_20min,temp_rotor,2.3785742000452084,2.1693154204665905,4.001367205529313,0,0,1200
primary_52kw,source_test,11,source_positive_thermal_network_raw,matched_20min,macro,1.606568036863517,1.4127444951839514,3.0608185767453597,0,0,1200
primary_52kw,source_test,11,source_positive_thermal_network_normalized,matched_20min,temp_winding,3.72385482931353,3.274781241118508,7.374536814680681,0,0,1200
primary_52kw,source_test,11,source_positive_thermal_network_normalized,matched_20min,temp_stator_core,1.3295952439756535,1.108241076296084,3.0530440793219285,0,0,1200
primary_52kw,source_test,11,source_positive_thermal_network_normalized,matched_20min,temp_rotor,0.6655569153830743,0.4990007282588983,1.568349153273239,0,0,1200
primary_52kw,source_test,11,source_positive_thermal_network_normalized,matched_20min,macro,1.9063356628907524,1.6273410152244967,3.9986433490919495,0,0,1200
primary_52kw,source_test,11,target_only_prefix_positive_thermal_network,matched_20min,temp_winding,5.131121906840135,4.446702949888607,9.627485936252462,0,0,1200
primary_52kw,source_test,11,target_only_prefix_positive_thermal_network,matched_20min,temp_stator_core,0.9590482887312294,0.8226495455557303,2.3290485196744157,0,0,1200
primary_52kw,source_test,11,target_only_prefix_positive_thermal_network,matched_20min,temp_rotor,10.341557491434958,9.085998116329835,16.95530970692441,0,0,1200
primary_52kw,source_test,11,target_only_prefix_positive_thermal_network,matched_20min,macro,5.477242562335441,4.7851168705913905,9.637281387617096,0,0,1200
primary_52kw,source_test,11,source_prior_prefix_calibrated_thermal_network,matched_20min,temp_winding,76.12675111628788,68.67862820836329,118.45216820552116,0,0,1200
primary_52kw,source_test,11,source_prior_prefix_calibrated_thermal_network,matched_20min,temp_stator_core,39.3614193906237,35.13107725531652,61.13859623381616,0,0,1200
primary_52kw,source_test,11,source_prior_prefix_calibrated_thermal_network,matched_20min,temp_rotor,60.114545794785414,52.489688868081,99.7418071832343,0,0,1200
primary_52kw,source_test,11,source_prior_prefix_calibrated_thermal_network,matched_20min,macro,58.53423876723233,52.09979811058694,93.11085720752386,0,0,1200
primary_52kw,source_test,11,source_thermal_network_plus_hist_gradient_residual,matched_20min,temp_winding,4.515871891596042,3.782217106175743,8.815720558168685,0,0,1200
primary_52kw,source_test,11,source_thermal_network_plus_hist_gradient_residual,matched_20min,temp_stator_core,2.747401586621744,2.244842996976747,5.293725293687409,0,0,1200
primary_52kw,source_test,11,source_thermal_network_plus_hist_gradient_residual,matched_20min,temp_rotor,1.103174315215025,1.0456818965665142,1.6588351855051542,0,0,1200
primary_52kw,source_test,11,source_thermal_network_plus_hist_gradient_residual,matched_20min,macro,2.7888159311442706,2.3575806665730012,5.256093679120416,0,0,1200
primary_52kw,source_test,11,initial_state_persistence,long_55min,temp_winding,15.702768474040681,13.693410350915157,24.699840545654297,0,0,3300
primary_52kw,source_test,11,initial_state_persistence,long_55min,temp_stator_core,4.567257608888808,4.040904599681045,9.13381290435791,0,0,3300
primary_52kw,source_test,11,initial_state_persistence,long_55min,temp_rotor,9.640514484422372,8.216904577775434,18.16884994506836,0,0,3300
primary_52kw,source_test,11,initial_state_persistence,long_55min,macro,9.970180189117288,8.650406509457211,17.334167798360188,0,0,3300
primary_52kw,source_test,11,boundary_shift_persistence,long_55min,temp_winding,15.463370693360702,13.490118389563127,24.483163356781006,0,0,3300
primary_52kw,source_test,11,boundary_shift_persistence,long_55min,temp_stator_core,4.455610846310932,3.9256322327527133,9.462199211120605,0,0,3300
primary_52kw,source_test,11,boundary_shift_persistence,long_55min,temp_rotor,9.849279104619187,8.49484209132917,18.325349330902107,0,0,3300
primary_52kw,source_test,11,boundary_shift_persistence,long_55min,macro,9.92275354809694,8.63686423788167,17.423570632934574,0,0,3300
primary_52kw,source_test,11,source_ridge_arx,long_55min,temp_winding,15.455915856623834,13.569223259727977,26.041894550885644,0,0,3300
primary_52kw,source_test,11,source_ridge_arx,long_55min,temp_stator_core,7.64982546914429,6.612880770608976,12.47027940639051,0,0,3300
primary_52kw,source_test,11,source_ridge_arx,long_55min,temp_rotor,7.082746963656592,6.044935462347155,11.993495676613101,0,0,3300
primary_52kw,source_test,11,source_ridge_arx,long_55min,macro,10.06282942980824,8.74234649756137,16.83522321129642,0,0,3300
primary_52kw,source_test,11,source_positive_thermal_network_raw,long_55min,temp_winding,2.8229966219909324,2.3340473172449725,7.787765863127383,0,0,3300
primary_52kw,source_test,11,source_positive_thermal_network_raw,long_55min,temp_stator_core,1.9846361165291875,1.6770752577177224,5.156492031718933,0,0,3300
primary_52kw,source_test,11,source_positive_thermal_network_raw,long_55min,temp_rotor,5.034785429398431,4.598479543725495,8.433775816955766,0,0,3300
primary_52kw,source_test,11,source_positive_thermal_network_raw,long_55min,macro,3.28080605597285,2.8698673728960635,7.1260112372673605,0,0,3300
primary_52kw,source_test,11,source_positive_thermal_network_normalized,long_55min,temp_winding,10.932811230799683,8.072971526975852,28.868983317966695,0,0,3300
primary_52kw,source_test,11,source_positive_thermal_network_normalized,long_55min,temp_stator_core,5.838008069275431,4.364955221717584,14.150706373785653,0,0,3300
primary_52kw,source_test,11,source_positive_thermal_network_normalized,long_55min,temp_rotor,7.848421141456662,6.0531528918555555,15.410562949821745,0,0,3300
primary_52kw,source_test,11,source_positive_thermal_network_normalized,long_55min,macro,8.206413480510593,6.163693213516329,19.476750880524698,0,0,3300
primary_52kw,source_test,11,target_only_prefix_positive_thermal_network,long_55min,temp_winding,4.180176489911947,3.6343348585381783,9.627485936252462,0,0,3300
primary_52kw,source_test,11,target_only_prefix_positive_thermal_network,long_55min,temp_stator_core,1.0473445169873976,0.8851919121281056,2.5158923917535105,0,0,3300
primary_52kw,source_test,11,target_only_prefix_positive_thermal_network,long_55min,temp_rotor,32.06164627312368,27.293744930748247,54.461271481692364,0,0,3300
primary_52kw,source_test,11,target_only_prefix_positive_thermal_network,long_55min,macro,12.42972242667434,10.60442390047151,22.201549936566114,0,0,3300
primary_52kw,source_test,11,source_prior_prefix_calibrated_thermal_network,long_55min,temp_winding,154.87546868984586,141.61430533447472,210.85885620117188,2296,0,3300
primary_52kw,source_test,11,source_prior_prefix_calibrated_thermal_network,long_55min,temp_stator_core,83.52803297136633,75.85746876086142,114.34242626691332,2296,0,3300
primary_52kw,source_test,11,source_prior_prefix_calibrated_thermal_network,long_55min,temp_rotor,146.10463312386608,129.95010438951962,204.38450241088867,2296,0,3300
primary_52kw,source_test,11,source_prior_prefix_calibrated_thermal_network,long_55min,macro,128.16937826169274,115.80729282828526,176.52859495965797,2296,0,3300
primary_52kw,source_test,11,source_thermal_network_plus_hist_gradient_residual,long_55min,temp_winding,14.871086118876057,12.155801716422161,33.29962332213245,0,0,3300
primary_52kw,source_test,11,source_thermal_network_plus_hist_gradient_residual,long_55min,temp_stator_core,7.897307280966206,6.660720177626355,16.05008204614858,0,0,3300
primary_52kw,source_test,11,source_thermal_network_plus_hist_gradient_residual,long_55min,temp_rotor,5.915127791049823,4.897328295517309,10.682925230096401,0,0,3300
primary_52kw,source_test,11,source_thermal_network_plus_hist_gradient_residual,long_55min,macro,9.561173730297362,7.904616729855275,20.01087686612581,0,0,3300
primary_52kw,source_test,12,initial_state_persistence,matched_20min,temp_winding,7.422918912286097,7.108713897069295,9.759418487548828,0,0,1200
primary_52kw,source_test,12,initial_state_persistence,matched_20min,temp_stator_core,4.520584163289834,4.3447245796521505,5.5359907150268555,0,0,1200
primary_52kw,source_test,12,initial_state_persistence,matched_20min,temp_rotor,8.645145273471613,7.8967040300369264,12.505908966064453,0,0,1200
primary_52kw,source_test,12,initial_state_persistence,matched_20min,macro,6.862882783015848,6.45004750225279,9.267106056213379,0,0,1200
primary_52kw,source_test,12,boundary_shift_persistence,matched_20min,temp_winding,7.392863068557667,7.076419842640559,9.985037803649902,0,0,1200
primary_52kw,source_test,12,boundary_shift_persistence,matched_20min,temp_stator_core,4.4926354133194915,4.311858787933986,5.7524895668029785,0,0,1200
primary_52kw,source_test,12,boundary_shift_persistence,matched_20min,temp_rotor,8.61520043453063,7.863814865350723,12.785933494567871,0,0,1200
primary_52kw,source_test,12,boundary_shift_persistence,matched_20min,macro,6.833566305469263,6.4173644986417555,9.50782028834025,0,0,1200
primary_52kw,source_test,12,source_ridge_arx,matched_20min,temp_winding,13.416566081611574,11.136587891560591,22.393690205846646,0,0,1200
primary_52kw,source_test,12,source_ridge_arx,matched_20min,temp_stator_core,5.9158608686267415,4.701498841695164,10.97965655621524,0,0,1200
primary_52kw,source_test,12,source_ridge_arx,matched_20min,temp_rotor,2.663845961206902,1.9573978260755345,6.409299669876155,0,0,1200
primary_52kw,source_test,12,source_ridge_arx,matched_20min,macro,7.332090970481739,5.931828186443763,13.260882143979346,0,0,1200
primary_52kw,source_test,12,source_positive_thermal_network_raw,matched_20min,temp_winding,0.6709219397297931,0.6121163608912714,1.368771625661779,0,0,1200
primary_52kw,source_test,12,source_positive_thermal_network_raw,matched_20min,temp_stator_core,0.7672097789239652,0.7183044518830078,1.2884502492533656,0,0,1200
primary_52kw,source_test,12,source_positive_thermal_network_raw,matched_20min,temp_rotor,2.4312474042076033,2.278201539639204,3.192110163363161,0,0,1200
primary_52kw,source_test,12,source_positive_thermal_network_raw,matched_20min,macro,1.2897930409537872,1.202874117471161,1.9497773460927685,0,0,1200
primary_52kw,source_test,12,source_positive_thermal_network_normalized,matched_20min,temp_winding,16.22023699452396,14.427047523548172,24.12473810002671,0,0,1200
primary_52kw,source_test,12,source_positive_thermal_network_normalized,matched_20min,temp_stator_core,7.099125132854762,5.885511852224984,11.803766888244631,0,0,1200
primary_52kw,source_test,12,source_positive_thermal_network_normalized,matched_20min,temp_rotor,2.9861010685798557,2.1647834070189282,6.932082715789676,0,0,1200
primary_52kw,source_test,12,source_positive_thermal_network_normalized,matched_20min,macro,8.768487731986193,7.492447594264028,14.28686256802034,0,0,1200
primary_52kw,source_test,12,target_only_prefix_positive_thermal_network,matched_20min,temp_winding,2.4014443019548395,2.1886020784940428,3.933865798435008,0,0,1200
primary_52kw,source_test,12,target_only_prefix_positive_thermal_network,matched_20min,temp_stator_core,1.1968607772609916,1.1404399083649244,1.7628950551102065,0,0,1200
primary_52kw,source_test,12,target_only_prefix_positive_thermal_network,matched_20min,temp_rotor,3.9171773454927847,3.332102620979166,6.6235275763683035,0,0,1200
primary_52kw,source_test,12,target_only_prefix_positive_thermal_network,matched_20min,macro,2.505160808236205,2.2203815359460446,4.106762809971173,0,0,1200
primary_52kw,source_test,12,source_prior_prefix_calibrated_thermal_network,matched_20min,temp_winding,1.979344101885624,1.7745867202231984,3.3734628601215775,0,0,1200
primary_52kw,source_test,12,source_prior_prefix_calibrated_thermal_network,matched_20min,temp_stator_core,0.9047274543386772,0.869980717574521,1.3885821367287718,0,0,1200
primary_52kw,source_test,12,source_prior_prefix_calibrated_thermal_network,matched_20min,temp_rotor,0.7799221633804827,0.5891427960946581,1.6599290744356665,0,0,1200
primary_52kw,source_test,12,source_prior_prefix_calibrated_thermal_network,matched_20min,macro,1.2213312398682612,1.077903411297459,2.1406580237620054,0,0,1200
primary_52kw,source_test,12,source_thermal_network_plus_hist_gradient_residual,matched_20min,temp_winding,3.643471218333068,2.8904000575925712,6.449139464993159,0,0,1200
primary_52kw,source_test,12,source_thermal_network_plus_hist_gradient_residual,matched_20min,temp_stator_core,1.7096835237764234,1.5441516453091162,2.908175973264001,0,0,1200
primary_52kw,source_test,12,source_thermal_network_plus_hist_gradient_residual,matched_20min,temp_rotor,2.382337431158206,2.2648856087604203,3.081326413805762,0,0,1200
primary_52kw,source_test,12,source_thermal_network_plus_hist_gradient_residual,matched_20min,macro,2.5784973910892326,2.233145770554036,4.146213950687641,0,0,1200
primary_52kw,source_test,12,initial_state_persistence,long_55min,temp_winding,9.100294728060677,8.904694095958362,10.317569732666016,0,0,3300
primary_52kw,source_test,12,initial_state_persistence,long_55min,temp_stator_core,5.788947938923794,5.642865738435225,6.956500053405762,0,0,3300
primary_52kw,source_test,12,initial_state_persistence,long_55min,temp_rotor,12.956381052416042,12.312727261745568,16.11263656616211,0,0,3300
primary_52kw,source_test,12,initial_state_persistence,long_55min,macro,9.281874573133505,8.953429032046385,11.128902117411295,0,0,3300
primary_52kw,source_test,12,boundary_shift_persistence,long_55min,temp_winding,9.042017519141702,8.846219396013202,10.642385959625244,0,0,3300
primary_52kw,source_test,12,boundary_shift_persistence,long_55min,temp_stator_core,5.730445022720665,5.584183134021181,7.253283977508545,0,0,3300
primary_52kw,source_test,12,boundary_shift_persistence,long_55min,temp_rotor,12.895701774728485,12.25403615807042,16.440675735473633,0,0,3300
primary_52kw,source_test,12,boundary_shift_persistence,long_55min,macro,9.222721438863617,8.894812896034935,11.445448557535807,0,0,3300
primary_52kw,source_test,12,source_ridge_arx,long_55min,temp_winding,24.284774313851116,22.25312670327348,31.225291691234816,0,0,3300
primary_52kw,source_test,12,source_ridge_arx,long_55min,temp_stator_core,11.897995855362595,10.728551891409325,15.764456687027575,0,0,3300
primary_52kw,source_test,12,source_ridge_arx,long_55min,temp_rotor,13.51254593370766,10.953108346359972,23.196962835249522,0,0,3300
primary_52kw,source_test,12,source_ridge_arx,long_55min,macro,16.565105367640456,14.644928980347592,23.39557040450397,0,0,3300
primary_52kw,source_test,12,source_positive_thermal_network_raw,long_55min,temp_winding,0.8648360866351189,0.8288895764750162,1.368771625661779,0,0,3300
primary_52kw,source_test,12,source_positive_thermal_network_raw,long_55min,temp_stator_core,1.1094836308640341,1.0402230833430988,1.6401567693700159,0,0,3300
primary_52kw,source_test,12,source_positive_thermal_network_raw,long_55min,temp_rotor,3.222594732632234,3.113394735273036,4.028995316593615,0,0,3300
primary_52kw,source_test,12,source_positive_thermal_network_raw,long_55min,macro,1.7323048167104622,1.660835798363717,2.3459745705418036,0,0,3300
primary_52kw,source_test,12,source_positive_thermal_network_normalized,long_55min,temp_winding,24.748558381795558,23.35085410554153,30.266724302102674,0,0,3300
primary_52kw,source_test,12,source_positive_thermal_network_normalized,long_55min,temp_stator_core,12.02066449944438,11.082119350083714,15.328049259023658,0,0,3300
primary_52kw,source_test,12,source_positive_thermal_network_normalized,long_55min,temp_rotor,13.35182989726199,10.948466002408155,22.385839486765647,0,0,3300
primary_52kw,source_test,12,source_positive_thermal_network_normalized,long_55min,macro,16.707017592833978,15.127146486011133,22.660204349297327,0,0,3300
primary_52kw,source_test,12,target_only_prefix_positive_thermal_network,long_55min,temp_winding,3.5539863944441126,3.3826265563240714,4.524564564815769,0,0,3300
primary_52kw,source_test,12,target_only_prefix_positive_thermal_network,long_55min,temp_stator_core,2.1600004366844585,2.0174815479219244,3.1298584515249317,0,0,3300
primary_52kw,source_test,12,target_only_prefix_positive_thermal_network,long_55min,temp_rotor,7.509492215114952,6.865454095335174,10.137188214698774,0,0,3300
primary_52kw,source_test,12,target_only_prefix_positive_thermal_network,long_55min,macro,4.40782634874784,4.0885207331937234,5.930537077013159,0,0,3300
primary_52kw,source_test,12,source_prior_prefix_calibrated_thermal_network,long_55min,temp_winding,3.0518958023901326,2.88402712829206,3.8748172006700727,0,0,3300
primary_52kw,source_test,12,source_prior_prefix_calibrated_thermal_network,long_55min,temp_stator_core,1.8388028262123528,1.6904266274352178,2.7318501382017004,0,0,3300
primary_52kw,source_test,12,source_prior_prefix_calibrated_thermal_network,long_55min,temp_rotor,2.6607640903490966,2.250159936164493,4.238278342535061,0,0,3300
primary_52kw,source_test,12,source_prior_prefix_calibrated_thermal_network,long_55min,macro,2.517154239650527,2.2748712306305907,3.614981893802278,0,0,3300
primary_52kw,source_test,12,source_thermal_network_plus_hist_gradient_residual,long_55min,temp_winding,9.507234658144654,7.865433199720935,18.99259248361902,0,0,3300
primary_52kw,source_test,12,source_thermal_network_plus_hist_gradient_residual,long_55min,temp_stator_core,4.097816309437332,3.4183681458249704,8.995525982118188,0,0,3300
primary_52kw,source_test,12,source_thermal_network_plus_hist_gradient_residual,long_55min,temp_rotor,4.262349169087603,3.29806446367069,11.096716745902931,0,0,3300
primary_52kw,source_test,12,source_thermal_network_plus_hist_gradient_residual,long_55min,macro,5.955800045556529,4.860621936405532,13.028278403880046,0,0,3300
primary_52kw,source_test,14,initial_state_persistence,matched_20min,temp_winding,9.969720617865775,9.495701376597093,12.291599273681648,0,0,1200
primary_52kw,source_test,14,initial_state_persistence,matched_20min,temp_stator_core,7.196093712943401,6.839627033074697,9.35875415802002,0,0,1200
primary_52kw,source_test,14,initial_state_persistence,matched_20min,temp_rotor,13.161312010365288,12.084773845672608,18.677307128906243,0,0,1200
primary_52kw,source_test,14,initial_state_persistence,matched_20min,macro,10.10904211372482,9.473367418448133,13.442553520202637,0,0,1200
primary_52kw,source_test,14,boundary_shift_persistence,matched_20min,temp_winding,9.846044140835632,9.405460555156077,12.866634368896491,0,0,1200
primary_52kw,source_test,14,boundary_shift_persistence,matched_20min,temp_stator_core,7.0706293673626,6.74981426914533,9.674091339111328,0,0,1200
primary_52kw,source_test,14,boundary_shift_persistence,matched_20min,temp_rotor,13.016710704282785,11.99496108174324,18.219962120056152,0,0,1200
primary_52kw,source_test,14,boundary_shift_persistence,matched_20min,macro,9.977794737493673,9.38341196868155,13.58689594268799,0,0,1200
primary_52kw,source_test,14,source_ridge_arx,matched_20min,temp_winding,5.712265665160059,4.598459417487076,10.43982152077865,0,0,1200
primary_52kw,source_test,14,source_ridge_arx,matched_20min,temp_stator_core,2.1801922088797854,1.7303832479048522,4.190550384026878,0,0,1200
primary_52kw,source_test,14,source_ridge_arx,matched_20min,temp_rotor,2.1576539073934744,1.8910206033438854,3.2621919540006274,0,0,1200
primary_52kw,source_test,14,source_ridge_arx,matched_20min,macro,3.350037260477773,2.739954422911938,5.964187952935386,0,0,1200
primary_52kw,source_test,14,source_positive_thermal_network_raw,matched_20min,temp_winding,0.770521720393059,0.7299800818579635,1.3447445898101336,0,0,1200
primary_52kw,source_test,14,source_positive_thermal_network_raw,matched_20min,temp_stator_core,0.5117948324963189,0.455867633294536,1.324488320447898,0,0,1200
primary_52kw,source_test,14,source_positive_thermal_network_raw,matched_20min,temp_rotor,0.6526155595499893,0.5741218728196602,1.2792248550563485,0,0,1200
primary_52kw,source_test,14,source_positive_thermal_network_raw,matched_20min,macro,0.6449773708131223,0.5866565293240532,1.3161525884381267,0,0,1200
primary_52kw,source_test,14,source_positive_thermal_network_normalized,matched_20min,temp_winding,6.045667668152765,4.984920061867192,10.473702618360747,0,0,1200
primary_52kw,source_test,14,source_positive_thermal_network_normalized,matched_20min,temp_stator_core,2.2180550299148725,1.7780640455233534,4.172098463388373,0,0,1200
primary_52kw,source_test,14,source_positive_thermal_network_normalized,matched_20min,temp_rotor,2.3990425121438625,2.1145135151220824,3.5637415174311613,0,0,1200
primary_52kw,source_test,14,source_positive_thermal_network_normalized,matched_20min,macro,3.5542550700705,2.959165874170876,6.069847533060094,0,0,1200
primary_52kw,source_test,14,target_only_prefix_positive_thermal_network,matched_20min,temp_winding,0.5010760184552187,0.4355350501316356,1.0037387839735032,0,0,1200
primary_52kw,source_test,14,target_only_prefix_positive_thermal_network,matched_20min,temp_stator_core,1.2494453950255198,1.039295568394604,2.271016725671494,0,0,1200
primary_52kw,source_test,14,target_only_prefix_positive_thermal_network,matched_20min,temp_rotor,2.7322875475465818,2.2374358847697637,4.9484965854527445,0,0,1200
primary_52kw,source_test,14,target_only_prefix_positive_thermal_network,matched_20min,macro,1.4942696536757734,1.2374221677653343,2.741084031699247,0,0,1200
primary_52kw,source_test,14,source_prior_prefix_calibrated_thermal_network,matched_20min,temp_winding,18.14093994107231,15.282448454370043,32.67525382792486,0,0,1200
primary_52kw,source_test,14,source_prior_prefix_calibrated_thermal_network,matched_20min,temp_stator_core,7.8214682319083275,6.441387408961045,14.625141256158173,0,0,1200
primary_52kw,source_test,14,source_prior_prefix_calibrated_thermal_network,matched_20min,temp_rotor,10.937295448239647,8.83472287805784,21.103757067469743,0,0,1200
primary_52kw,source_test,14,source_prior_prefix_calibrated_thermal_network,matched_20min,macro,12.299901207073427,10.186186247129642,22.801384050517594,0,0,1200
primary_52kw,source_test,14,source_thermal_network_plus_hist_gradient_residual,matched_20min,temp_winding,12.691653660157982,8.956816316054972,27.44694890313538,0,0,1200
primary_52kw,source_test,14,source_thermal_network_plus_hist_gradient_residual,matched_20min,temp_stator_core,5.422965702291596,3.688499581550926,12.67552831968775,0,0,1200
primary_52kw,source_test,14,source_thermal_network_plus_hist_gradient_residual,matched_20min,temp_rotor,5.807140917640173,3.895197748762859,15.002274195400183,0,0,1200
primary_52kw,source_test,14,source_thermal_network_plus_hist_gradient_residual,matched_20min,macro,7.97392009336325,5.513504548789585,18.37491713940777,0,0,1200
primary_52kw,source_test,14,initial_state_persistence,long_55min,temp_winding,11.823043946917426,11.570311050415043,13.896099090576179,0,0,3300
primary_52kw,source_test,14,initial_state_persistence,long_55min,temp_stator_core,8.805989684837922,8.59906323375124,9.87929630279541,0,0,3300
primary_52kw,source_test,14,initial_state_persistence,long_55min,temp_rotor,19.072589413076468,18.205703232505105,23.3837890625,0,0,3300
primary_52kw,source_test,14,initial_state_persistence,long_55min,macro,13.233874348277274,12.791692505557128,15.719728151957197,0,0,3300
primary_52kw,source_test,14,boundary_shift_persistence,long_55min,temp_winding,11.469311069608244,11.243606230417893,13.831233501434333,0,0,3300
primary_52kw,source_test,14,boundary_shift_persistence,long_55min,temp_stator_core,8.450968242493333,8.27251407103105,9.850571155548096,0,0,3300
primary_52kw,source_test,14,boundary_shift_persistence,long_55min,temp_rotor,18.69775195327931,17.879154069784917,23.14305019378662,0,0,3300
primary_52kw,source_test,14,boundary_shift_persistence,long_55min,macro,12.872677088460298,12.465091457077953,15.60828495025635,0,0,3300
primary_52kw,source_test,14,source_ridge_arx,long_55min,temp_winding,11.182770134311376,10.128901348131985,15.066044434984363,0,0,3300
primary_52kw,source_test,14,source_ridge_arx,long_55min,temp_stator_core,5.228607031053724,4.62850442915194,7.3402814762651545,0,0,3300
primary_52kw,source_test,14,source_ridge_arx,long_55min,temp_rotor,7.147948258288298,5.812711393938314,13.2908923307115,0,0,3300
primary_52kw,source_test,14,source_ridge_arx,long_55min,macro,7.853108474551132,6.856705723740746,11.89907274732034,0,0,3300
primary_52kw,source_test,14,source_positive_thermal_network_raw,long_55min,temp_winding,1.2565832360369178,1.1842271174781485,2.091457539352774,0,0,3300
primary_52kw,source_test,14,source_positive_thermal_network_raw,long_55min,temp_stator_core,0.5276531988691511,0.49680005582813724,1.324488320447898,0,0,3300
primary_52kw,source_test,14,source_positive_thermal_network_raw,long_55min,temp_rotor,1.936419382150348,1.6979497452210992,3.0548737579752085,0,0,3300
primary_52kw,source_test,14,source_positive_thermal_network_raw,long_55min,macro,1.2402186056854723,1.1263256395091281,2.1569398725919604,0,0,3300
primary_52kw,source_test,14,source_positive_thermal_network_normalized,long_55min,temp_winding,11.022050687334042,10.089509646185066,14.286483836282159,0,0,3300
primary_52kw,source_test,14,source_positive_thermal_network_normalized,long_55min,temp_stator_core,5.066099651836832,4.511959775383309,7.041679196812126,0,0,3300
primary_52kw,source_test,14,source_positive_thermal_network_normalized,long_55min,temp_rotor,6.720449190420433,5.528925688821016,12.415959929107444,0,0,3300
primary_52kw,source_test,14,source_positive_thermal_network_normalized,long_55min,macro,7.602866509863769,6.71013170346313,11.248040987400577,0,0,3300
primary_52kw,source_test,14,target_only_prefix_positive_thermal_network,long_55min,temp_winding,1.0614618774321705,0.9306077956489578,2.35009295399081,0,0,3300
primary_52kw,source_test,14,target_only_prefix_positive_thermal_network,long_55min,temp_stator_core,2.142098203995598,1.9717375454628046,2.9174855035832223,0,0,3300
primary_52kw,source_test,14,target_only_prefix_positive_thermal_network,long_55min,temp_rotor,6.207351256275767,5.538328733065379,8.93032457429382,0,0,3300
primary_52kw,source_test,14,target_only_prefix_positive_thermal_network,long_55min,macro,3.1369704459011785,2.813558024725714,4.732634343955951,0,0,3300
primary_52kw,source_test,14,source_prior_prefix_calibrated_thermal_network,long_55min,temp_winding,48.679506755045175,42.43258775908933,79.38703536603893,0,0,3300
primary_52kw,source_test,14,source_prior_prefix_calibrated_thermal_network,long_55min,temp_stator_core,23.0892527078139,19.827983612872004,38.43271524773455,0,0,3300
primary_52kw,source_test,14,source_prior_prefix_calibrated_thermal_network,long_55min,temp_rotor,36.179287124432335,30.561406169826196,62.175355891740395,0,0,3300
primary_52kw,source_test,14,source_prior_prefix_calibrated_thermal_network,long_55min,macro,35.9826821957638,30.940659180595844,59.9983688351713,0,0,3300
primary_52kw,source_test,14,source_thermal_network_plus_hist_gradient_residual,long_55min,temp_winding,28.9649235912163,25.475527342476774,37.426115052311474,0,0,3300
primary_52kw,source_test,14,source_thermal_network_plus_hist_gradient_residual,long_55min,temp_stator_core,14.861590637621946,12.84044488294967,19.76145186733747,0,0,3300
primary_52kw,source_test,14,source_thermal_network_plus_hist_gradient_residual,long_55min,temp_rotor,23.12862070962985,19.412160170911257,32.05579255868321,0,0,3300
primary_52kw,source_test,14,source_thermal_network_plus_hist_gradient_residual,long_55min,macro,22.3183783128227,19.242710798779232,29.747786492777383,0,0,3300
primary_52kw,source_test,20,initial_state_persistence,matched_20min,temp_winding,29.50100920594491,20.65572239557902,61.437171936035156,0,0,1200
primary_52kw,source_test,20,initial_state_persistence,matched_20min,temp_stator_core,14.767327218815126,10.734597199757895,33.110740661621094,0,0,1200
primary_52kw,source_test,20,initial_state_persistence,matched_20min,temp_rotor,20.24879288010082,15.742197596232096,44.70777893066406,0,0,1200
primary_52kw,source_test,20,initial_state_persistence,matched_20min,macro,21.505709768286952,15.710839063856335,46.41856384277344,0,0,1200
primary_52kw,source_test,20,boundary_shift_persistence,matched_20min,temp_winding,28.79683167233156,19.844649693171185,60.64558267593384,0,0,1200
primary_52kw,source_test,20,boundary_shift_persistence,matched_20min,temp_stator_core,14.049158627939123,9.925649662017822,32.201650619506836,0,0,1200
primary_52kw,source_test,20,boundary_shift_persistence,matched_20min,temp_rotor,19.48616638691946,14.932310752868652,43.686256885528564,0,0,1200
primary_52kw,source_test,20,boundary_shift_persistence,matched_20min,macro,20.777385562396717,14.900870036019219,45.51116339365641,0,0,1200
primary_52kw,source_test,20,source_ridge_arx,matched_20min,temp_winding,9.743353304974866,7.9164804851621495,17.080110759783352,0,0,1200
primary_52kw,source_test,20,source_ridge_arx,matched_20min,temp_stator_core,4.551018049943857,3.3837221584475854,10.147542288707577,0,0,1200
primary_52kw,source_test,20,source_ridge_arx,matched_20min,temp_rotor,9.012374245891273,5.993613913481295,21.887906247320274,0,0,1200
primary_52kw,source_test,20,source_ridge_arx,matched_20min,macro,7.768915200269999,5.764605519030344,16.371853098603733,0,0,1200
primary_52kw,source_test,20,source_positive_thermal_network_raw,matched_20min,temp_winding,2.944471385390954,1.9961886300145466,6.089777632546856,0,0,1200
primary_52kw,source_test,20,source_positive_thermal_network_raw,matched_20min,temp_stator_core,1.7104422695625006,1.265289633006889,3.670167835175967,0,0,1200
primary_52kw,source_test,20,source_positive_thermal_network_raw,matched_20min,temp_rotor,3.3526174244764344,2.1804665990545526,7.32715441878824,0,0,1200
primary_52kw,source_test,20,source_positive_thermal_network_raw,matched_20min,macro,2.6691770264766297,1.8139816206919963,5.695699962170354,0,0,1200
primary_52kw,source_test,20,source_positive_thermal_network_normalized,matched_20min,temp_winding,8.375871663947345,7.256333096766695,15.661069264630811,0,0,1200
primary_52kw,source_test,20,source_positive_thermal_network_normalized,matched_20min,temp_stator_core,3.419829970193312,2.9013936651927783,6.543879410612313,0,0,1200
primary_52kw,source_test,20,source_positive_thermal_network_normalized,matched_20min,temp_rotor,7.92331928471245,5.292358725630012,18.860027083434147,0,0,1200
primary_52kw,source_test,20,source_positive_thermal_network_normalized,matched_20min,macro,6.573006972951036,5.150028495863162,13.688325252892424,0,0,1200
primary_52kw,source_test,20,target_only_prefix_positive_thermal_network,matched_20min,temp_winding,10.32681078774064,5.894421344539097,26.565925228294248,0,0,1200
primary_52kw,source_test,20,target_only_prefix_positive_thermal_network,matched_20min,temp_stator_core,8.800761822915916,5.175035369038578,20.099764756284387,0,0,1200
primary_52kw,source_test,20,target_only_prefix_positive_thermal_network,matched_20min,temp_rotor,3.9829694195654124,3.142718708637291,8.043269796173469,0,0,1200
primary_52kw,source_test,20,target_only_prefix_positive_thermal_network,matched_20min,macro,7.703514010073991,4.737391807404989,18.236319926917368,0,0,1200
primary_52kw,source_test,20,source_prior_prefix_calibrated_thermal_network,matched_20min,temp_winding,8.779027101506742,5.670852670585773,18.61169902472865,0,0,1200
primary_52kw,source_test,20,source_prior_prefix_calibrated_thermal_network,matched_20min,temp_stator_core,2.2403973290320707,1.6203497018950577,6.347755591092174,0,0,1200
primary_52kw,source_test,20,source_prior_prefix_calibrated_thermal_network,matched_20min,temp_rotor,9.26270623522705,7.953260575403895,15.790983794654665,0,0,1200
primary_52kw,source_test,20,source_prior_prefix_calibrated_thermal_network,matched_20min,macro,6.760710221921954,5.081487649294909,13.583479470158496,0,0,1200
primary_52kw,source_test,20,source_thermal_network_plus_hist_gradient_residual,matched_20min,temp_winding,23.279658264571047,21.12804251577972,38.47119483008095,0,0,1200
primary_52kw,source_test,20,source_thermal_network_plus_hist_gradient_residual,matched_20min,temp_stator_core,11.60808797510026,10.450217126416144,18.999841093139793,0,0,1200
primary_52kw,source_test,20,source_thermal_network_plus_hist_gradient_residual,matched_20min,temp_rotor,14.633919372002575,13.030775407823786,24.23897596331267,0,0,1200
primary_52kw,source_test,20,source_thermal_network_plus_hist_gradient_residual,matched_20min,macro,16.50722187055796,14.869678350006547,27.236670628844468,0,0,1200
primary_52kw,source_test,20,initial_state_persistence,long_55min,temp_winding,39.94225408778778,29.123858385953035,70.41771697998048,0,0,3300
primary_52kw,source_test,20,initial_state_persistence,long_55min,temp_stator_core,22.09242630189027,17.184747080947414,38.55459213256836,0,0,3300
primary_52kw,source_test,20,initial_state_persistence,long_55min,temp_rotor,36.52071788877105,31.537433710965242,59.387168884277344,0,0,3300
primary_52kw,source_test,20,initial_state_persistence,long_55min,macro,32.851799426149704,25.94867972595523,56.119825998942055,0,0,3300
primary_52kw,source_test,20,boundary_shift_persistence,long_55min,temp_winding,38.9258369727295,27.74553008137327,69.85882425308228,0,0,3300
primary_52kw,source_test,20,boundary_shift_persistence,long_55min,temp_stator_core,20.981630745258116,15.807191563519565,37.63926935195923,0,0,3300
primary_52kw,source_test,20,boundary_shift_persistence,long_55min,temp_rotor,35.20620157514308,30.159536627856166,58.057026863098145,0,0,3300
primary_52kw,source_test,20,boundary_shift_persistence,long_55min,macro,31.704556431043567,24.570752757582998,55.18504015604655,0,0,3300
primary_52kw,source_test,20,source_ridge_arx,long_55min,temp_winding,26.281287659165276,20.20465940770464,47.636084812504805,0,0,3300
primary_52kw,source_test,20,source_ridge_arx,long_55min,temp_stator_core,12.941297933212494,9.873027487062508,24.296598274662742,0,0,3300
primary_52kw,source_test,20,source_ridge_arx,long_55min,temp_rotor,17.64369809580846,14.733448150816237,28.285524089631565,0,0,3300
primary_52kw,source_test,20,source_ridge_arx,long_55min,macro,18.955427896062076,14.937045015194462,33.406069058933035,0,0,3300
primary_52kw,source_test,20,source_positive_thermal_network_raw,long_55min,temp_winding,2.7794911394160007,2.335337648671128,6.089777632546856,0,0,3300
primary_52kw,source_test,20,source_positive_thermal_network_raw,long_55min,temp_stator_core,1.4318891188180327,1.0925631225118622,3.670167835175967,0,0,3300
primary_52kw,source_test,20,source_positive_thermal_network_raw,long_55min,temp_rotor,6.348396192975425,5.16120796053561,10.49073641975238,0,0,3300
primary_52kw,source_test,20,source_positive_thermal_network_raw,long_55min,macro,3.519925483736486,2.8630362439062,6.750227295825067,0,0,3300
primary_52kw,source_test,20,source_positive_thermal_network_normalized,long_55min,temp_winding,23.565849542269632,18.513281216280905,46.60205071612461,0,0,3300
primary_52kw,source_test,20,source_positive_thermal_network_normalized,long_55min,temp_stator_core,11.609269933344047,8.895396870186225,23.47516871181149,0,0,3300
primary_52kw,source_test,20,source_positive_thermal_network_normalized,long_55min,temp_rotor,16.947667321548103,13.952871095367806,27.6470766065775,0,0,3300
primary_52kw,source_test,20,source_positive_thermal_network_normalized,long_55min,macro,17.374262265720592,13.787183060611646,32.574765344837864,0,0,3300
primary_52kw,source_test,20,target_only_prefix_positive_thermal_network,long_55min,temp_winding,14.285966527131341,9.7788607278738,29.504603057915403,0,0,3300
primary_52kw,source_test,20,target_only_prefix_positive_thermal_network,long_55min,temp_stator_core,11.720758161340305,8.391621037712568,22.487394103650672,0,0,3300
primary_52kw,source_test,20,target_only_prefix_positive_thermal_network,long_55min,temp_rotor,22.37578577005194,16.176879581839252,38.970935262132016,0,0,3300
primary_52kw,source_test,20,target_only_prefix_positive_thermal_network,long_55min,macro,16.12750348617453,11.449120449141873,30.320977474566032,0,0,3300
primary_52kw,source_test,20,source_prior_prefix_calibrated_thermal_network,long_55min,temp_winding,10.921860109783728,7.4848858326885015,21.244654212860326,0,0,3300
primary_52kw,source_test,20,source_prior_prefix_calibrated_thermal_network,long_55min,temp_stator_core,3.955314037977761,3.241652595223091,7.182200278483961,0,0,3300
primary_52kw,source_test,20,source_prior_prefix_calibrated_thermal_network,long_55min,temp_rotor,72.74200039251133,54.9553106875095,138.96433985310088,0,0,3300
primary_52kw,source_test,20,source_prior_prefix_calibrated_thermal_network,long_55min,macro,29.206391513424276,21.89394970514037,55.79706478148173,0,0,3300
primary_52kw,source_test,20,source_thermal_network_plus_hist_gradient_residual,long_55min,temp_winding,28.682117958315306,26.28649326294284,41.673591085167544,0,0,3300
primary_52kw,source_test,20,source_thermal_network_plus_hist_gradient_residual,long_55min,temp_stator_core,14.614917292932834,13.329119896604016,22.184273138665716,0,0,3300
primary_52kw,source_test,20,source_thermal_network_plus_hist_gradient_residual,long_55min,temp_rotor,20.21332995290312,16.861610031464867,34.96531201071514,0,0,3300
primary_52kw,source_test,20,source_thermal_network_plus_hist_gradient_residual,long_55min,macro,21.170121734717085,18.825741063670574,32.941058744849464,0,0,3300
primary_52kw,source_test,26,initial_state_persistence,matched_20min,temp_winding,20.888896546572436,20.225097414652506,23.27519989013672,0,0,1200
primary_52kw,source_test,26,initial_state_persistence,matched_20min,temp_stator_core,15.83643263614348,15.285656929016113,17.873109817504883,0,0,1200
primary_52kw,source_test,26,initial_state_persistence,matched_20min,temp_rotor,29.40477887078465,27.2742719523112,40.06015396118164,0,0,1200
primary_52kw,source_test,26,initial_state_persistence,matched_20min,macro,22.043369351166856,20.92834209865994,27.069487889607746,0,0,1200
primary_52kw,source_test,26,boundary_shift_persistence,matched_20min,temp_winding,19.982944224110142,19.347795242468518,23.115681171417236,0,0,1200
primary_52kw,source_test,26,boundary_shift_persistence,matched_20min,temp_stator_core,14.917488656171844,14.408359183470408,17.50929880142212,0,0,1200
primary_52kw,source_test,26,boundary_shift_persistence,matched_20min,temp_rotor,28.457481229581973,26.396969780127208,39.11456251144409,0,0,1200
primary_52kw,source_test,26,boundary_shift_persistence,matched_20min,macro,21.119304703287984,20.051041402022044,26.57984749476115,0,0,1200
primary_52kw,source_test,26,source_ridge_arx,matched_20min,temp_winding,24.561862633969202,22.66681969755691,34.75166763634961,0,0,1200
primary_52kw,source_test,26,source_ridge_arx,matched_20min,temp_stator_core,11.903177027847208,10.802387653554273,17.463162613165963,0,0,1200
primary_52kw,source_test,26,source_ridge_arx,matched_20min,temp_rotor,14.268488312909145,13.431737092607799,18.211626996599108,0,0,1200
primary_52kw,source_test,26,source_ridge_arx,matched_20min,macro,16.91117599157519,15.633648147906326,23.475485748704894,0,0,1200
primary_52kw,source_test,26,source_positive_thermal_network_raw,matched_20min,temp_winding,2.168459833835208,2.035451067607723,3.498148824296507,0,0,1200
primary_52kw,source_test,26,source_positive_thermal_network_raw,matched_20min,temp_stator_core,1.7357017632648035,1.6262355185819155,2.1679490394846965,0,0,1200
primary_52kw,source_test,26,source_positive_thermal_network_raw,matched_20min,temp_rotor,1.7974974612855557,1.599405985047424,3.3765671415500975,0,0,1200
primary_52kw,source_test,26,source_positive_thermal_network_raw,matched_20min,macro,1.9005530194618556,1.7536975237456875,3.014221668443767,0,0,1200
primary_52kw,source_test,26,source_positive_thermal_network_normalized,matched_20min,temp_winding,33.670574243966044,32.12768728021532,41.476126953090144,0,0,1200
primary_52kw,source_test,26,source_positive_thermal_network_normalized,matched_20min,temp_stator_core,16.783821993505388,15.718913895237684,21.408641523905935,0,0,1200
primary_52kw,source_test,26,source_positive_thermal_network_normalized,matched_20min,temp_rotor,16.953213243816407,15.898929207792268,21.963103247368906,0,0,1200
primary_52kw,source_test,26,source_positive_thermal_network_normalized,matched_20min,macro,22.469203160429277,21.24851012774842,28.28262390812166,0,0,1200
primary_52kw,source_test,26,target_only_prefix_positive_thermal_network,matched_20min,temp_winding,5.947660032662691,5.282859655435038,9.299761034948716,0,0,1200
primary_52kw,source_test,26,target_only_prefix_positive_thermal_network,matched_20min,temp_stator_core,4.079052374643862,3.682439514345092,6.0683987265551735,0,0,1200
primary_52kw,source_test,26,target_only_prefix_positive_thermal_network,matched_20min,temp_rotor,13.325050798239227,11.654036122051854,21.347529924752678,0,0,1200
primary_52kw,source_test,26,target_only_prefix_positive_thermal_network,matched_20min,macro,7.7839210685152596,6.873111763943995,12.23856322875219,0,0,1200
primary_52kw,source_test,26,source_prior_prefix_calibrated_thermal_network,matched_20min,temp_winding,25.865503125505125,22.609454855063106,40.66752102552641,0,0,1200
primary_52kw,source_test,26,source_prior_prefix_calibrated_thermal_network,matched_20min,temp_stator_core,12.308948508269811,10.406699144645849,20.210358403153066,0,0,1200
primary_52kw,source_test,26,source_prior_prefix_calibrated_thermal_network,matched_20min,temp_rotor,3.191671548883061,2.5488240007061775,5.807488336106445,0,0,1200
primary_52kw,source_test,26,source_prior_prefix_calibrated_thermal_network,matched_20min,macro,13.788707727552667,11.854992666805044,22.22845592159531,0,0,1200
primary_52kw,source_test,26,source_thermal_network_plus_hist_gradient_residual,matched_20min,temp_winding,21.81426204931206,20.36249523606643,30.553611323330102,0,0,1200
primary_52kw,source_test,26,source_thermal_network_plus_hist_gradient_residual,matched_20min,temp_stator_core,10.289892491092482,9.486957998566838,14.919781273973655,0,0,1200
primary_52kw,source_test,26,source_thermal_network_plus_hist_gradient_residual,matched_20min,temp_rotor,6.3526081111843915,6.155482065169892,7.49001178762407,0,0,1200
primary_52kw,source_test,26,source_thermal_network_plus_hist_gradient_residual,matched_20min,macro,12.818920883862978,12.001645099934386,17.654468128309276,0,0,1200
primary_52kw,source_test,26,initial_state_persistence,long_55min,temp_winding,20.426807045969472,20.17918754346443,23.27519989013672,0,0,3300
primary_52kw,source_test,26,initial_state_persistence,long_55min,temp_stator_core,16.721358929750274,16.5077758436492,17.873109817504883,0,0,3300
primary_52kw,source_test,26,initial_state_persistence,long_55min,temp_rotor,39.28309522599368,37.86315013307514,45.88240432739259,0,0,3300
primary_52kw,source_test,26,initial_state_persistence,long_55min,macro,25.477087067237807,24.850037840062924,29.010238011678066,0,0,3300
primary_52kw,source_test,26,boundary_shift_persistence,long_55min,temp_winding,18.9395150423338,18.684344886144004,23.115681171417236,0,0,3300
primary_52kw,source_test,26,boundary_shift_persistence,long_55min,temp_stator_core,15.20188393735446,15.012934796015422,17.50929880142212,0,0,3300
primary_52kw,source_test,26,boundary_shift_persistence,long_55min,temp_rotor,37.707375145088704,36.36830747575471,44.086266517639174,0,0,3300
primary_52kw,source_test,26,boundary_shift_persistence,long_55min,macro,23.949591374925657,23.355195719304714,28.237082163492843,0,0,3300
primary_52kw,source_test,26,source_ridge_arx,long_55min,temp_winding,35.41387347302451,33.8615642574549,43.00921402299481,0,0,3300
primary_52kw,source_test,26,source_ridge_arx,long_55min,temp_stator_core,18.218053600494667,17.255052622207685,22.70359085288836,0,0,3300
primary_52kw,source_test,26,source_ridge_arx,long_55min,temp_rotor,17.49655685998785,17.031920997004654,20.14175388370745,0,0,3300
primary_52kw,source_test,26,source_ridge_arx,long_55min,macro,23.709494644502342,22.71617929222241,28.61818625319687,0,0,3300
primary_52kw,source_test,26,source_positive_thermal_network_raw,long_55min,temp_winding,2.2576198213211827,2.2017514237343048,3.498148824296507,0,0,3300
primary_52kw,source_test,26,source_positive_thermal_network_raw,long_55min,temp_stator_core,1.6395915291777905,1.5898130938681792,2.1679490394846965,0,0,3300
primary_52kw,source_test,26,source_positive_thermal_network_raw,long_55min,temp_rotor,4.739729729275738,4.229586341178513,6.3782966965457035,0,0,3300
primary_52kw,source_test,26,source_positive_thermal_network_raw,long_55min,macro,2.878980359924904,2.673716952926999,4.014798186775636,0,0,3300
primary_52kw,source_test,26,source_positive_thermal_network_normalized,long_55min,temp_winding,40.899919272933104,39.99109465754141,46.33080679858621,0,0,3300
primary_52kw,source_test,26,source_positive_thermal_network_normalized,long_55min,temp_stator_core,21.20348997131988,20.56878519246598,24.5636540938797,0,0,3300
primary_52kw,source_test,26,source_positive_thermal_network_normalized,long_55min,temp_rotor,21.10695586474186,20.5063918410929,24.2488833989256,0,0,3300
primary_52kw,source_test,26,source_positive_thermal_network_normalized,long_55min,macro,27.73678836966495,27.0220905637001,31.7144480971305,0,0,3300
primary_52kw,source_test,26,target_only_prefix_positive_thermal_network,long_55min,temp_winding,8.973237053826217,8.471282524391103,11.228465271763099,0,0,3300
primary_52kw,source_test,26,target_only_prefix_positive_thermal_network,long_55min,temp_stator_core,6.083589604281547,5.769186293886047,7.669433229531634,0,0,3300
primary_52kw,source_test,26,target_only_prefix_positive_thermal_network,long_55min,temp_rotor,21.945776922366505,20.492661849297583,27.522184547118897,0,0,3300
primary_52kw,source_test,26,target_only_prefix_positive_thermal_network,long_55min,macro,12.334201193491424,11.577710222524912,15.473361016137877,0,0,3300
primary_52kw,source_test,26,source_prior_prefix_calibrated_thermal_network,long_55min,temp_winding,41.268552632235554,38.65645501526881,50.681884458903596,0,0,3300
primary_52kw,source_test,26,source_prior_prefix_calibrated_thermal_network,long_55min,temp_stator_core,20.792598041984412,19.251159190804245,25.766951590394328,0,0,3300
primary_52kw,source_test,26,source_prior_prefix_calibrated_thermal_network,long_55min,temp_rotor,6.357027671563208,5.748123592248791,8.060402099964492,0,0,3300
primary_52kw,source_test,26,source_prior_prefix_calibrated_thermal_network,long_55min,macro,22.806059448594393,21.21857926610728,28.16974604975414,0,0,3300
primary_52kw,source_test,26,source_thermal_network_plus_hist_gradient_residual,long_55min,temp_winding,30.097783045923215,28.97468772294968,35.96796300695998,0,0,3300
primary_52kw,source_test,26,source_thermal_network_plus_hist_gradient_residual,long_55min,temp_stator_core,15.024479021478337,14.347053138459398,18.48546315044802,0,0,3300
primary_52kw,source_test,26,source_thermal_network_plus_hist_gradient_residual,long_55min,temp_rotor,6.912081515402628,6.823405161323194,8.124964134942275,0,0,3300
primary_52kw,source_test,26,source_thermal_network_plus_hist_gradient_residual,long_55min,macro,17.34478119426806,16.71504867424409,20.859463430783425,0,0,3300
primary_52kw,source_test,43,initial_state_persistence,matched_20min,temp_winding,37.143081330137065,31.761703895121173,66.77290343948704,0,0,1200
primary_52kw,source_test,43,initial_state_persistence,matched_20min,temp_stator_core,14.272665176820095,11.144287852420131,27.3693898993484,0,0,1200
primary_52kw,source_test,43,initial_state_persistence,matched_20min,temp_rotor,16.362388576837443,13.877819033288882,27.933024663819367,0,0,1200
primary_52kw,source_test,43,initial_state_persistence,matched_20min,macro,22.592711694598204,18.927936926943396,40.6917726675516,0,0,1200
primary_52kw,source_test,43,boundary_shift_persistence,matched_20min,temp_winding,43.825912868201094,39.192275962397844,74.28306790987374,0,0,1200
primary_52kw,source_test,43,boundary_shift_persistence,matched_20min,temp_stator_core,20.658915008839525,18.40983946948909,35.04943546530511,0,0,1200
primary_52kw,source_test,43,boundary_shift_persistence,matched_20min,temp_rotor,23.156441456279136,21.354588407517134,35.568261416357316,0,0,1200
primary_52kw,source_test,43,boundary_shift_persistence,matched_20min,macro,29.21375644443992,26.318901279801356,48.30025493051206,0,0,1200
primary_52kw,source_test,43,source_ridge_arx,matched_20min,temp_winding,28.757862800842112,24.936384085897696,51.90560443692863,0,0,1200
primary_52kw,source_test,43,source_ridge_arx,matched_20min,temp_stator_core,14.768374683788364,13.06311907621543,25.14399637735726,0,0,1200
primary_52kw,source_test,43,source_ridge_arx,matched_20min,temp_rotor,7.511889953028775,6.568753965754249,11.793017949977468,0,0,1200
primary_52kw,source_test,43,source_ridge_arx,matched_20min,macro,17.01270914588642,14.856085709289125,29.614206254754453,0,0,1200
primary_52kw,source_test,43,source_positive_thermal_network_raw,matched_20min,temp_winding,3.339512320100454,2.8320852163057677,7.589971227912429,0,0,1200
primary_52kw,source_test,43,source_positive_thermal_network_raw,matched_20min,temp_stator_core,1.9416284348846065,1.5304470328226865,4.5721273685270205,0,0,1200
primary_52kw,source_test,43,source_positive_thermal_network_raw,matched_20min,temp_rotor,0.8559559648195963,0.7084592742615808,2.0816749270613712,0,0,1200
primary_52kw,source_test,43,source_positive_thermal_network_raw,matched_20min,macro,2.0456989066015523,1.6903305077966786,4.7479245078336065,0,0,1200
primary_52kw,source_test,43,source_positive_thermal_network_normalized,matched_20min,temp_winding,11.039779750501483,9.01893816286829,22.415698603357015,0,0,1200
primary_52kw,source_test,43,source_positive_thermal_network_normalized,matched_20min,temp_stator_core,5.432881673589432,4.463964138535931,10.709849479911767,0,0,1200
primary_52kw,source_test,43,source_positive_thermal_network_normalized,matched_20min,temp_rotor,2.317568558833435,2.096358649665319,3.761757144200466,0,0,1200
primary_52kw,source_test,43,source_positive_thermal_network_normalized,matched_20min,macro,6.263409994308117,5.193086983689846,12.295768409156416,0,0,1200
primary_52kw,source_test,43,target_only_prefix_positive_thermal_network,matched_20min,temp_winding,29.277541879516612,24.752653351239406,48.04821924081837,0,0,1200
primary_52kw,source_test,43,target_only_prefix_positive_thermal_network,matched_20min,temp_stator_core,20.05803749075485,17.21874292131832,30.689133127323757,0,0,1200
primary_52kw,source_test,43,target_only_prefix_positive_thermal_network,matched_20min,temp_rotor,4.24261397631027,3.160010107907786,9.998849028192652,0,0,1200
primary_52kw,source_test,43,target_only_prefix_positive_thermal_network,matched_20min,macro,17.85939778219391,15.043802126821838,29.57873379877826,0,0,1200
primary_52kw,source_test,43,source_prior_prefix_calibrated_thermal_network,matched_20min,temp_winding,8.761443459437768,6.565638902990505,19.11971096314788,0,0,1200
primary_52kw,source_test,43,source_prior_prefix_calibrated_thermal_network,matched_20min,temp_stator_core,7.153191057934808,5.969876051593702,12.80205888066125,0,0,1200
primary_52kw,source_test,43,source_prior_prefix_calibrated_thermal_network,matched_20min,temp_rotor,1.424003406468497,0.9741799473789178,3.7373568859377215,0,0,1200
primary_52kw,source_test,43,source_prior_prefix_calibrated_thermal_network,matched_20min,macro,5.779545974613691,4.503231633987709,11.886375576582283,0,0,1200
primary_52kw,source_test,43,source_thermal_network_plus_hist_gradient_residual,matched_20min,temp_winding,16.636479922967226,13.530524920030278,32.64919968238863,0,0,1200
primary_52kw,source_test,43,source_thermal_network_plus_hist_gradient_residual,matched_20min,temp_stator_core,7.199507569508089,5.776632038161446,14.98503763787275,0,0,1200
primary_52kw,source_test,43,source_thermal_network_plus_hist_gradient_residual,matched_20min,temp_rotor,4.834768487550126,3.716621075386925,11.574502484506354,0,0,1200
primary_52kw,source_test,43,source_thermal_network_plus_hist_gradient_residual,matched_20min,macro,9.55691866000848,7.6745926778595495,19.736246601589244,0,0,1200
primary_52kw,source_test,43,initial_state_persistence,long_55min,temp_winding,28.25229529301913,23.616009387962276,66.77290343948704,0,0,3300
primary_52kw,source_test,43,initial_state_persistence,long_55min,temp_stator_core,12.234566959916561,10.319777238682247,27.3693898993484,0,0,3300
primary_52kw,source_test,43,initial_state_persistence,long_55min,temp_rotor,21.804514564097992,20.07668199930373,32.78127856504031,0,0,3300
primary_52kw,source_test,43,initial_state_persistence,long_55min,macro,20.763792272344563,18.004156208649416,42.30785730129191,0,0,3300
primary_52kw,source_test,43,boundary_shift_persistence,long_55min,temp_winding,32.97832282633241,26.934053605525996,74.28306790987374,0,0,3300
primary_52kw,source_test,43,boundary_shift_persistence,long_55min,temp_stator_core,15.898756379261755,13.433413131126509,35.04943546530511,0,0,3300
primary_52kw,source_test,43,boundary_shift_persistence,long_55min,temp_rotor,28.90638610302332,27.640836774316387,40.32069650920806,0,0,3300
primary_52kw,source_test,43,boundary_shift_persistence,long_55min,macro,25.92782176953916,22.669434503656294,49.8843999614623,0,0,3300
primary_52kw,source_test,43,source_ridge_arx,long_55min,temp_winding,23.754209402070533,20.210410371486734,51.90560443692863,0,0,3300
primary_52kw,source_test,43,source_ridge_arx,long_55min,temp_stator_core,12.288650634565714,10.358555807564835,25.14399637735726,0,0,3300
primary_52kw,source_test,43,source_ridge_arx,long_55min,temp_rotor,8.708346608748947,7.320074367435482,15.743244319408781,0,0,3300
primary_52kw,source_test,43,source_ridge_arx,long_55min,macro,14.917068881795066,12.629680182162351,30.930948377898222,0,0,3300
primary_52kw,source_test,43,source_positive_thermal_network_raw,long_55min,temp_winding,2.5923767901524943,2.059666641054607,7.589971227912429,0,0,3300
primary_52kw,source_test,43,source_positive_thermal_network_raw,long_55min,temp_stator_core,1.5870843913743231,1.257005090029996,4.5721273685270205,0,0,3300
primary_52kw,source_test,43,source_positive_thermal_network_raw,long_55min,temp_rotor,2.7026993907596073,2.012669797985889,7.6002119124880565,0,0,3300
primary_52kw,source_test,43,source_positive_thermal_network_raw,long_55min,macro,2.294053524095475,1.7764471763568306,6.587436836309169,0,0,3300
primary_52kw,source_test,43,source_positive_thermal_network_normalized,long_55min,temp_winding,13.616395902257619,11.965080695960784,23.477421184947573,0,0,3300
primary_52kw,source_test,43,source_positive_thermal_network_normalized,long_55min,temp_stator_core,6.98986172400562,6.117200747611716,12.346636178045678,0,0,3300
primary_52kw,source_test,43,source_positive_thermal_network_normalized,long_55min,temp_rotor,6.954216476970839,5.6012147075976655,12.466492353823242,0,0,3300
primary_52kw,source_test,43,source_positive_thermal_network_normalized,long_55min,macro,9.186824701078026,7.894498717056723,16.0968499056055,0,0,3300
primary_52kw,source_test,43,target_only_prefix_positive_thermal_network,long_55min,temp_winding,25.9250300711265,21.483099656876266,48.04821924081837,0,0,3300
primary_52kw,source_test,43,target_only_prefix_positive_thermal_network,long_55min,temp_stator_core,17.325590958601584,14.349058274591675,30.689133127323757,0,0,3300
primary_52kw,source_test,43,target_only_prefix_positive_thermal_network,long_55min,temp_rotor,7.233000951995056,5.631441985229986,15.401129631684057,0,0,3300
primary_52kw,source_test,43,target_only_prefix_positive_thermal_network,long_55min,macro,16.827873993907712,13.821199972232641,31.37949399994206,0,0,3300
primary_52kw,source_test,43,source_prior_prefix_calibrated_thermal_network,long_55min,temp_winding,8.991629565891477,7.000028637077718,19.381662005637608,0,0,3300
primary_52kw,source_test,43,source_prior_prefix_calibrated_thermal_network,long_55min,temp_stator_core,6.582357437662211,5.433703986022048,13.051274417531154,0,0,3300
primary_52kw,source_test,43,source_prior_prefix_calibrated_thermal_network,long_55min,temp_rotor,10.053008345989955,7.699579180545986,18.0881813830036,0,0,3300
primary_52kw,source_test,43,source_prior_prefix_calibrated_thermal_network,long_55min,macro,8.542331783181215,6.711103934548585,16.840372602057453,0,0,3300
primary_52kw,source_test,43,source_thermal_network_plus_hist_gradient_residual,long_55min,temp_winding,16.248532726641656,13.146974271020488,34.93641314261778,0,0,3300
primary_52kw,source_test,43,source_thermal_network_plus_hist_gradient_residual,long_55min,temp_stator_core,8.109201378179366,6.571641911169151,17.424488203359893,0,0,3300
primary_52kw,source_test,43,source_thermal_network_plus_hist_gradient_residual,long_55min,temp_rotor,9.58531986453136,8.535882438019813,14.171225645166245,0,0,3300
primary_52kw,source_test,43,source_thermal_network_plus_hist_gradient_residual,long_55min,macro,11.314351323117458,9.418166206736485,22.17737566371464,0,0,3300
primary_52kw,source_test,45,initial_state_persistence,matched_20min,temp_winding,20.456586388608287,18.19772375205522,35.33859284701094,0,0,1200
primary_52kw,source_test,45,initial_state_persistence,matched_20min,temp_stator_core,23.415089697467668,20.078925698201655,38.4557505611003,0,0,1200
primary_52kw,source_test,45,initial_state_persistence,matched_20min,temp_rotor,15.491552224195441,12.955104635904508,28.742701553583103,0,0,1200
primary_52kw,source_test,45,initial_state_persistence,matched_20min,macro,19.787742770090464,17.077251362053797,34.17901498723145,0,0,1200
primary_52kw,source_test,45,boundary_shift_persistence,matched_20min,temp_winding,19.878011428591126,17.254384836580506,34.73062066475844,0,0,1200
primary_52kw,source_test,45,boundary_shift_persistence,matched_20min,temp_stator_core,12.696340607311052,10.463354670204211,22.956378491868094,0,0,1200
primary_52kw,source_test,45,boundary_shift_persistence,matched_20min,temp_rotor,7.166172588857958,6.165370568647095,13.035852051415532,0,0,1200
primary_52kw,source_test,45,boundary_shift_persistence,matched_20min,macro,13.246841541586713,11.29437002514394,23.574283736014024,0,0,1200
primary_52kw,source_test,45,source_ridge_arx,matched_20min,temp_winding,28.143469177612307,21.476926023779868,50.684008874520686,0,0,1200
primary_52kw,source_test,45,source_ridge_arx,matched_20min,temp_stator_core,13.749188287361212,10.63532113154079,23.93061001750779,0,0,1200
primary_52kw,source_test,45,source_ridge_arx,matched_20min,temp_rotor,7.2401343404712835,6.3934318324798,11.27818709836815,0,0,1200
primary_52kw,source_test,45,source_ridge_arx,matched_20min,macro,16.3775972684816,12.835226329266819,28.630935330132207,0,0,1200
primary_52kw,source_test,45,source_positive_thermal_network_raw,matched_20min,temp_winding,2.9186044021398945,2.2411899889424753,5.5508743551696185,0,0,1200
primary_52kw,source_test,45,source_positive_thermal_network_raw,matched_20min,temp_stator_core,1.8212969509390913,1.2983777211127396,4.176009093770162,0,0,1200
primary_52kw,source_test,45,source_positive_thermal_network_raw,matched_20min,temp_rotor,2.1522330296437553,1.9463885807879304,3.2288408226555987,0,0,1200
primary_52kw,source_test,45,source_positive_thermal_network_raw,matched_20min,macro,2.297378127574247,1.828652096947715,4.318574757198459,0,0,1200
primary_52kw,source_test,45,source_positive_thermal_network_normalized,matched_20min,temp_winding,14.132079408364085,12.763164604350568,21.898162953413618,0,0,1200
primary_52kw,source_test,45,source_positive_thermal_network_normalized,matched_20min,temp_stator_core,7.363742940088546,6.401621924053961,11.767730778711282,0,0,1200
primary_52kw,source_test,45,source_positive_thermal_network_normalized,matched_20min,temp_rotor,3.239870094096862,2.5752267689323625,6.719410189286663,0,0,1200
primary_52kw,source_test,45,source_positive_thermal_network_normalized,matched_20min,macro,8.245230814183165,7.246671099112297,13.461767973803854,0,0,1200
primary_52kw,source_test,45,target_only_prefix_positive_thermal_network,matched_20min,temp_winding,6.878576146249482,6.299538888384161,10.47662176091454,0,0,1200
primary_52kw,source_test,45,target_only_prefix_positive_thermal_network,matched_20min,temp_stator_core,1.7097890185524571,1.4322618179987368,3.5439587686599765,0,0,1200
primary_52kw,source_test,45,target_only_prefix_positive_thermal_network,matched_20min,temp_rotor,5.49419106365591,4.443889165165324,12.347862912852598,0,0,1200
primary_52kw,source_test,45,target_only_prefix_positive_thermal_network,matched_20min,macro,4.694185409485949,4.058563290516074,8.789481147475705,0,0,1200
primary_52kw,source_test,45,source_prior_prefix_calibrated_thermal_network,matched_20min,temp_winding,76.86571054395779,68.13597011218457,149.0029812962897,45,0,1200
primary_52kw,source_test,45,source_prior_prefix_calibrated_thermal_network,matched_20min,temp_stator_core,39.08465088937836,34.44736760440877,76.40179866655973,45,0,1200
primary_52kw,source_test,45,source_prior_prefix_calibrated_thermal_network,matched_20min,temp_rotor,28.263090463519074,24.07723305972747,53.0534257578545,45,0,1200
primary_52kw,source_test,45,source_prior_prefix_calibrated_thermal_network,matched_20min,macro,48.071150632285075,42.220190258773606,92.8194019069013,45,0,1200
primary_52kw,source_test,45,source_thermal_network_plus_hist_gradient_residual,matched_20min,temp_winding,18.932606876741723,15.821750504644196,28.965319522272935,0,0,1200
primary_52kw,source_test,45,source_thermal_network_plus_hist_gradient_residual,matched_20min,temp_stator_core,9.707389992261815,7.978986645066704,15.392384569185836,0,0,1200
primary_52kw,source_test,45,source_thermal_network_plus_hist_gradient_residual,matched_20min,temp_rotor,0.47760990070948467,0.39259663711592274,1.5513722673580261,0,0,1200
primary_52kw,source_test,45,source_thermal_network_plus_hist_gradient_residual,matched_20min,macro,9.705868923237675,8.064444595608942,15.303025452938932,0,0,1200
primary_52kw,source_test,45,initial_state_persistence,long_55min,temp_winding,17.982990735117582,16.575562925765393,35.33859284701094,0,0,3300
primary_52kw,source_test,45,initial_state_persistence,long_55min,temp_stator_core,32.833144982379,30.870560433038257,42.44597088617685,0,0,3300
primary_52kw,source_test,45,initial_state_persistence,long_55min,temp_rotor,29.319819495048424,26.589636698033367,44.56554078184227,0,0,3300
primary_52kw,source_test,45,initial_state_persistence,long_55min,macro,26.711985070848332,24.678586685612334,40.78336817167669,0,0,3300
primary_52kw,source_test,45,boundary_shift_persistence,long_55min,temp_winding,15.135760246608386,12.956401408018516,34.73062066475844,0,0,3300
primary_52kw,source_test,45,boundary_shift_persistence,long_55min,temp_stator_core,11.93643062316549,10.878555005342434,22.956378491868094,0,0,3300
primary_52kw,source_test,45,boundary_shift_persistence,long_55min,temp_rotor,9.072908817865484,7.626253579004071,18.115845622068974,0,0,3300
primary_52kw,source_test,45,boundary_shift_persistence,long_55min,macro,12.048366562546454,10.487069997455007,25.26761492623184,0,0,3300
primary_52kw,source_test,45,source_ridge_arx,long_55min,temp_winding,20.39102669895499,14.994354890846228,50.684008874520686,0,0,3300
primary_52kw,source_test,45,source_ridge_arx,long_55min,temp_stator_core,10.039553832133834,7.471699179416111,23.93061001750779,0,0,3300
primary_52kw,source_test,45,source_ridge_arx,long_55min,temp_rotor,9.032758925159163,8.277820335171228,13.690951545916377,0,0,3300
primary_52kw,source_test,45,source_ridge_arx,long_55min,macro,13.154446485415995,10.247958135144522,29.43519014598162,0,0,3300
primary_52kw,source_test,45,source_positive_thermal_network_raw,long_55min,temp_winding,2.1489306293430297,1.6620098261253655,5.5508743551696185,0,0,3300
primary_52kw,source_test,45,source_positive_thermal_network_raw,long_55min,temp_stator_core,1.4354328124194897,1.115779805490637,4.176009093770162,0,0,3300
primary_52kw,source_test,45,source_positive_thermal_network_raw,long_55min,temp_rotor,2.8299530863387274,2.6553486080960567,4.228358024878283,0,0,3300
primary_52kw,source_test,45,source_positive_thermal_network_raw,long_55min,macro,2.1381055093670827,1.8110460799040198,4.651747157939354,0,0,3300
primary_52kw,source_test,45,source_positive_thermal_network_normalized,long_55min,temp_winding,8.750919737639427,5.874095934846478,21.898162953413618,0,0,3300
primary_52kw,source_test,45,source_positive_thermal_network_normalized,long_55min,temp_stator_core,4.5891953542538255,2.746086426739406,11.767730778711282,0,0,3300
primary_52kw,source_test,45,source_positive_thermal_network_normalized,long_55min,temp_rotor,2.299423620845412,1.5863234253690275,6.719410189286663,0,0,3300
primary_52kw,source_test,45,source_positive_thermal_network_normalized,long_55min,macro,5.213179570912888,3.4021685956516374,13.461767973803854,0,0,3300
primary_52kw,source_test,45,target_only_prefix_positive_thermal_network,long_55min,temp_winding,5.375593759793468,4.536451783675453,10.47662176091454,0,0,3300
primary_52kw,source_test,45,target_only_prefix_positive_thermal_network,long_55min,temp_stator_core,2.5919471551820235,2.184718857092266,4.969962410102411,0,0,3300
primary_52kw,source_test,45,target_only_prefix_positive_thermal_network,long_55min,temp_rotor,13.914809413454016,12.364713230425817,19.818983505218597,0,0,3300
primary_52kw,source_test,45,target_only_prefix_positive_thermal_network,long_55min,macro,7.29411677614317,6.361961290397846,11.755189225411849,0,0,3300
primary_52kw,source_test,45,source_prior_prefix_calibrated_thermal_network,long_55min,temp_winding,135.06891690181013,125.93284797006957,166.38871413198936,2145,0,3300
primary_52kw,source_test,45,source_prior_prefix_calibrated_thermal_network,long_55min,temp_stator_core,76.07697407357252,70.21123753847117,92.3002632324401,2145,0,3300
primary_52kw,source_test,45,source_prior_prefix_calibrated_thermal_network,long_55min,temp_rotor,72.7340677580272,64.66146973901333,97.74310952145464,2145,0,3300
primary_52kw,source_test,45,source_prior_prefix_calibrated_thermal_network,long_55min,macro,94.62665291113662,86.93518508251803,118.81069562862803,2145,0,3300
primary_52kw,source_test,45,source_thermal_network_plus_hist_gradient_residual,long_55min,temp_winding,12.348467916184648,8.203236833011644,28.965319522272935,0,0,3300
primary_52kw,source_test,45,source_thermal_network_plus_hist_gradient_residual,long_55min,temp_stator_core,6.5329838395391056,4.561344616758558,15.392384569185836,0,0,3300
primary_52kw,source_test,45,source_thermal_network_plus_hist_gradient_residual,long_55min,temp_rotor,1.6167619886871096,1.0223522432652123,4.03914363101552,0,0,3300
primary_52kw,source_test,45,source_thermal_network_plus_hist_gradient_residual,long_55min,macro,6.83273791480362,4.595644564345138,16.132282574158097,0,0,3300
primary_52kw,source_test,56,initial_state_persistence,matched_20min,temp_winding,10.374708213142053,8.673819874286421,20.560822268702182,0,0,1200
primary_52kw,source_test,56,initial_state_persistence,matched_20min,temp_stator_core,5.466835676569737,4.937224853377568,8.206762959627866,0,0,1200
primary_52kw,source_test,56,initial_state_persistence,matched_20min,temp_rotor,10.599692298490535,9.957794041854955,13.604745966860932,0,0,1200
primary_52kw,source_test,56,initial_state_persistence,matched_20min,macro,8.813745396067441,7.856279589839648,14.124110398396994,0,0,1200
primary_52kw,source_test,56,boundary_shift_persistence,matched_20min,temp_winding,10.170478621700033,8.563811844686054,20.25697993530528,0,0,1200
primary_52kw,source_test,56,boundary_shift_persistence,matched_20min,temp_stator_core,5.302553454722481,4.827238357896152,7.910978700000882,0,0,1200
primary_52kw,source_test,56,boundary_shift_persistence,matched_20min,temp_rotor,10.498787104963155,9.848108843441054,14.637302141300594,0,0,1200
primary_52kw,source_test,56,boundary_shift_persistence,matched_20min,macro,8.65727306046189,7.74638634867442,14.26842025886892,0,0,1200
primary_52kw,source_test,56,source_ridge_arx,matched_20min,temp_winding,7.1426545538609005,6.009400396294531,12.50909497032471,0,0,1200
primary_52kw,source_test,56,source_ridge_arx,matched_20min,temp_stator_core,2.925716652655801,2.5003559959882384,5.307861366704856,0,0,1200
primary_52kw,source_test,56,source_ridge_arx,matched_20min,temp_rotor,4.9065598356967515,4.1160207202844274,8.589842551602416,0,0,1200
primary_52kw,source_test,56,source_ridge_arx,matched_20min,macro,4.991643680737817,4.208592370855732,8.80226629621066,0,0,1200
primary_52kw,source_test,56,source_positive_thermal_network_raw,matched_20min,temp_winding,4.600379982580667,4.100259671557464,8.955072298788721,0,0,1200
primary_52kw,source_test,56,source_positive_thermal_network_raw,matched_20min,temp_stator_core,2.967526902767379,2.754705380179436,4.099149798625845,0,0,1200
primary_52kw,source_test,56,source_positive_thermal_network_raw,matched_20min,temp_rotor,4.635891849343258,3.6224501061234924,8.469176109448696,0,0,1200
primary_52kw,source_test,56,source_positive_thermal_network_raw,matched_20min,macro,4.067932911563768,3.4924717192867973,7.174466068954421,0,0,1200
primary_52kw,source_test,56,source_positive_thermal_network_normalized,matched_20min,temp_winding,23.3008354568672,20.08643890419635,34.318804248034624,0,0,1200
primary_52kw,source_test,56,source_positive_thermal_network_normalized,matched_20min,temp_stator_core,11.566310581364192,9.896762924430375,17.435069228252956,0,0,1200
primary_52kw,source_test,56,source_positive_thermal_network_normalized,matched_20min,temp_rotor,6.612365046168049,5.022079488082257,15.10516133982344,0,0,1200
primary_52kw,source_test,56,source_positive_thermal_network_normalized,matched_20min,macro,13.826503694799817,11.668427105569661,22.286344938703675,0,0,1200
primary_52kw,source_test,56,target_only_prefix_positive_thermal_network,matched_20min,temp_winding,3.59029741425756,2.9901087809989004,7.171352348102502,0,0,1200
primary_52kw,source_test,56,target_only_prefix_positive_thermal_network,matched_20min,temp_stator_core,0.6032877410043075,0.47833286525037844,2.05941214471396,0,0,1200
primary_52kw,source_test,56,target_only_prefix_positive_thermal_network,matched_20min,temp_rotor,6.147581077249669,5.642813125723114,9.331274042551911,0,0,1200
primary_52kw,source_test,56,target_only_prefix_positive_thermal_network,matched_20min,macro,3.4470554108371787,3.0370849239907973,6.187346178456124,0,0,1200
primary_52kw,source_test,56,source_prior_prefix_calibrated_thermal_network,matched_20min,temp_winding,3.4648064303855937,2.7974184411699556,7.107765632927425,0,0,1200
primary_52kw,source_test,56,source_prior_prefix_calibrated_thermal_network,matched_20min,temp_stator_core,0.8114971924170301,0.6582341443776387,1.6298513150916136,0,0,1200
primary_52kw,source_test,56,source_prior_prefix_calibrated_thermal_network,matched_20min,temp_rotor,6.266599904885709,5.849585271640626,8.61596857440658,0,0,1200
primary_52kw,source_test,56,source_prior_prefix_calibrated_thermal_network,matched_20min,macro,3.514301175896111,3.1017459523960738,5.784528507475206,0,0,1200
primary_52kw,source_test,56,source_thermal_network_plus_hist_gradient_residual,matched_20min,temp_winding,33.02354967146087,27.68767826243717,51.03113575679123,0,0,1200
primary_52kw,source_test,56,source_thermal_network_plus_hist_gradient_residual,matched_20min,temp_stator_core,15.697971700982983,13.017547610484685,25.50350183631862,0,0,1200
primary_52kw,source_test,56,source_thermal_network_plus_hist_gradient_residual,matched_20min,temp_rotor,12.141195553705836,8.943061940760074,24.05602333375657,0,0,1200
primary_52kw,source_test,56,source_thermal_network_plus_hist_gradient_residual,matched_20min,macro,20.287572308716562,16.54942927122731,33.53022030895547,0,0,1200
primary_52kw,source_test,56,initial_state_persistence,long_55min,temp_winding,12.609034416512056,10.607833068612015,30.65003287475571,0,0,3300
primary_52kw,source_test,56,initial_state_persistence,long_55min,temp_stator_core,5.511455619939291,4.92889454272351,10.038573007510493,0,0,3300
primary_52kw,source_test,56,initial_state_persistence,long_55min,temp_rotor,8.005116154548354,6.767328828478626,13.604745966860932,0,0,3300
primary_52kw,source_test,56,initial_state_persistence,long_55min,macro,8.7085353969999,7.43468547993805,18.097783949709044,0,0,3300
primary_52kw,source_test,56,boundary_shift_persistence,long_55min,temp_winding,13.66128968246321,10.54001797804268,35.45258849131491,0,0,3300
primary_52kw,source_test,56,boundary_shift_persistence,long_55min,temp_stator_core,6.086023531414182,4.785590801505785,17.78386405027075,0,0,3300
primary_52kw,source_test,56,boundary_shift_persistence,long_55min,temp_rotor,9.7894461746539,8.92236290457827,22.788455835716675,0,0,3300
primary_52kw,source_test,56,boundary_shift_persistence,long_55min,macro,9.845586462843764,8.082657228042246,25.341636125767447,0,0,3300
primary_52kw,source_test,56,source_ridge_arx,long_55min,temp_winding,9.026075430380468,8.086450036623939,16.421363450143815,0,0,3300
primary_52kw,source_test,56,source_ridge_arx,long_55min,temp_stator_core,3.895620418569896,3.497138709175133,7.102681639461338,0,0,3300
primary_52kw,source_test,56,source_ridge_arx,long_55min,temp_rotor,6.11252086648305,5.483691986897705,10.065372034712396,0,0,3300
primary_52kw,source_test,56,source_ridge_arx,long_55min,macro,6.344738905144471,5.689093577565592,11.196472374772517,0,0,3300
primary_52kw,source_test,56,source_positive_thermal_network_raw,long_55min,temp_winding,3.2364670971340983,2.6280016839758846,8.955072298788721,0,0,3300
primary_52kw,source_test,56,source_positive_thermal_network_raw,long_55min,temp_stator_core,2.4107418199182984,2.110265042830722,4.129140746680875,0,0,3300
primary_52kw,source_test,56,source_positive_thermal_network_raw,long_55min,temp_rotor,4.0530136301140045,2.9788374077256803,8.469176109448696,0,0,3300
primary_52kw,source_test,56,source_positive_thermal_network_raw,long_55min,macro,3.2334075157221336,2.572368044844096,7.1844630516394306,0,0,3300
primary_52kw,source_test,56,source_positive_thermal_network_normalized,long_55min,temp_winding,32.05922678473487,29.07749482035532,65.51689622522844,0,0,3300
primary_52kw,source_test,56,source_positive_thermal_network_normalized,long_55min,temp_stator_core,16.53108249058492,14.927267468743036,34.23235733849701,0,0,3300
primary_52kw,source_test,56,source_positive_thermal_network_normalized,long_55min,temp_rotor,20.12442953423463,17.379257880054457,34.654856323602246,0,0,3300
primary_52kw,source_test,56,source_positive_thermal_network_normalized,long_55min,macro,22.90491293651814,20.46134005638427,44.80136996244257,0,0,3300
primary_52kw,source_test,56,target_only_prefix_positive_thermal_network,long_55min,temp_winding,12.045126742990316,7.402393182308555,35.15654108506777,0,0,3300
primary_52kw,source_test,56,target_only_prefix_positive_thermal_network,long_55min,temp_stator_core,6.850635610839979,4.123536006467946,18.620409095883105,0,0,3300
primary_52kw,source_test,56,target_only_prefix_positive_thermal_network,long_55min,temp_rotor,9.632635233069765,8.836882329244775,18.532800087235458,0,0,3300
primary_52kw,source_test,56,target_only_prefix_positive_thermal_network,long_55min,macro,9.50946586230002,6.7876038393404245,24.103250089395445,0,0,3300
primary_52kw,source_test,56,source_prior_prefix_calibrated_thermal_network,long_55min,temp_winding,3.9094817017794976,3.3702539612192988,9.036865978725274,0,0,3300
primary_52kw,source_test,56,source_prior_prefix_calibrated_thermal_network,long_55min,temp_stator_core,1.0430598962081004,0.8351920599295583,3.221088100957502,0,0,3300
primary_52kw,source_test,56,source_prior_prefix_calibrated_thermal_network,long_55min,temp_rotor,6.144901015523098,5.688316606161709,8.930825880344415,0,0,3300
primary_52kw,source_test,56,source_prior_prefix_calibrated_thermal_network,long_55min,macro,3.699147537836899,3.2979208757701883,7.062926653342397,0,0,3300
primary_52kw,source_test,56,source_thermal_network_plus_hist_gradient_residual,long_55min,temp_winding,24.548005345224862,18.4929522877334,51.03113575679123,0,0,3300
primary_52kw,source_test,56,source_thermal_network_plus_hist_gradient_residual,long_55min,temp_stator_core,12.27720997870424,9.368540963657034,25.50350183631862,0,0,3300
primary_52kw,source_test,56,source_thermal_network_plus_hist_gradient_residual,long_55min,temp_rotor,13.539875923628248,9.994713266444187,26.04326870385104,0,0,3300
primary_52kw,source_test,56,source_thermal_network_plus_hist_gradient_residual,long_55min,macro,16.78836374918578,12.618735505944874,34.192635432320294,0,0,3300
primary_52kw,source_test,59,initial_state_persistence,matched_20min,temp_winding,16.144710444202154,12.48690753439591,34.48404367605015,0,0,1200
primary_52kw,source_test,59,initial_state_persistence,matched_20min,temp_stator_core,9.146008916605567,7.769602086521117,17.026955453911285,0,0,1200
primary_52kw,source_test,59,initial_state_persistence,matched_20min,temp_rotor,13.582001254159161,10.922040341237915,26.872361732327228,0,0,1200
primary_52kw,source_test,59,initial_state_persistence,matched_20min,macro,12.957573538322293,10.39284998738498,26.127786954096223,0,0,1200
primary_52kw,source_test,59,boundary_shift_persistence,matched_20min,temp_winding,16.066762456462072,12.434456116151551,34.2726948927843,0,0,1200
primary_52kw,source_test,59,boundary_shift_persistence,matched_20min,temp_stator_core,9.067734821303553,7.700342608851188,16.827440863927336,0,0,1200
primary_52kw,source_test,59,boundary_shift_persistence,matched_20min,temp_rotor,13.503914479190524,10.852768992147011,26.639992090082778,0,0,1200
primary_52kw,source_test,59,boundary_shift_persistence,matched_20min,macro,12.879470585652049,10.329189239049917,25.913375948931474,0,0,1200
primary_52kw,source_test,59,source_ridge_arx,matched_20min,temp_winding,13.691795064873812,10.7110253651329,30.93812316619818,0,0,1200
primary_52kw,source_test,59,source_ridge_arx,matched_20min,temp_stator_core,6.921500472514233,5.763855864856525,13.856534735008921,0,0,1200
primary_52kw,source_test,59,source_ridge_arx,matched_20min,temp_rotor,3.2790725663165237,2.4866825758310047,8.230770913902262,0,0,1200
primary_52kw,source_test,59,source_ridge_arx,matched_20min,macro,7.9641227012348565,6.32052126860681,17.67514293836979,0,0,1200
primary_52kw,source_test,59,source_positive_thermal_network_raw,matched_20min,temp_winding,2.854517013625912,2.46546327750459,5.984851603086014,0,0,1200
primary_52kw,source_test,59,source_positive_thermal_network_raw,matched_20min,temp_stator_core,2.3407690839187203,2.1103448992818894,3.6963493320671574,0,0,1200
primary_52kw,source_test,59,source_positive_thermal_network_raw,matched_20min,temp_rotor,0.9556843592597466,0.8205509309312039,3.747407156912942,0,0,1200
primary_52kw,source_test,59,source_positive_thermal_network_raw,matched_20min,macro,2.0503234856014596,1.7987863692392276,4.4762026973553715,0,0,1200
primary_52kw,source_test,59,source_positive_thermal_network_normalized,matched_20min,temp_winding,4.002257553667081,3.074591228118188,12.782560252062893,0,0,1200
primary_52kw,source_test,59,source_positive_thermal_network_normalized,matched_20min,temp_stator_core,1.930480194806334,1.581129711000797,5.422508406986253,0,0,1200
primary_52kw,source_test,59,source_positive_thermal_network_normalized,matched_20min,temp_rotor,2.301576166658262,2.0127118590639514,3.8820056017960383,0,0,1200
primary_52kw,source_test,59,source_positive_thermal_network_normalized,matched_20min,macro,2.7447713050438924,2.2228109327276453,7.362358086948395,0,0,1200
primary_52kw,source_test,59,target_only_prefix_positive_thermal_network,matched_20min,temp_winding,7.908502095682253,6.250920883139339,19.57272727555477,0,0,1200
primary_52kw,source_test,59,target_only_prefix_positive_thermal_network,matched_20min,temp_stator_core,3.7153454518327758,2.9376159727906974,9.491475933265733,0,0,1200
primary_52kw,source_test,59,target_only_prefix_positive_thermal_network,matched_20min,temp_rotor,7.919816828432544,7.014321826347557,13.937366233570813,0,0,1200
primary_52kw,source_test,59,target_only_prefix_positive_thermal_network,matched_20min,macro,6.5145547919825235,5.400952894092531,14.333856480797104,0,0,1200
primary_52kw,source_test,59,source_prior_prefix_calibrated_thermal_network,matched_20min,temp_winding,18.49979838481726,14.717706992062274,40.530563190215105,0,0,1200
primary_52kw,source_test,59,source_prior_prefix_calibrated_thermal_network,matched_20min,temp_stator_core,7.8523884048915304,5.980916153583074,18.599630352556076,0,0,1200
primary_52kw,source_test,59,source_prior_prefix_calibrated_thermal_network,matched_20min,temp_rotor,6.090570257660858,4.85217796281856,12.512133333293335,0,0,1200
primary_52kw,source_test,59,source_prior_prefix_calibrated_thermal_network,matched_20min,macro,10.814252349123217,8.516933702821303,23.88077562535484,0,0,1200
primary_52kw,source_test,59,source_thermal_network_plus_hist_gradient_residual,matched_20min,temp_winding,18.005867552743208,16.202064651096983,28.77308012169493,0,0,1200
primary_52kw,source_test,59,source_thermal_network_plus_hist_gradient_residual,matched_20min,temp_stator_core,7.476610724789579,6.816602723531524,10.737691744605684,0,0,1200
primary_52kw,source_test,59,source_thermal_network_plus_hist_gradient_residual,matched_20min,temp_rotor,5.374836378282454,4.641339901418238,9.120934579964555,0,0,1200
primary_52kw,source_test,59,source_thermal_network_plus_hist_gradient_residual,matched_20min,macro,10.285771551938415,9.220002425348914,16.210568815421723,0,0,1200
primary_52kw,source_test,59,initial_state_persistence,long_55min,temp_winding,21.41933415173966,17.785662316841286,45.05312157852423,0,0,3300
primary_52kw,source_test,59,initial_state_persistence,long_55min,temp_stator_core,20.95263324355064,17.347236550524393,40.30532702873815,0,0,3300
primary_52kw,source_test,59,initial_state_persistence,long_55min,temp_rotor,20.59759622686204,18.332601428647504,34.593519652080566,0,0,3300
primary_52kw,source_test,59,initial_state_persistence,long_55min,macro,20.989854540717445,17.821833432004397,39.98398941978098,0,0,3300
primary_52kw,source_test,59,boundary_shift_persistence,long_55min,temp_winding,17.520901719833166,14.152461366381418,39.616158361268646,0,0,3300
primary_52kw,source_test,59,boundary_shift_persistence,long_55min,temp_stator_core,10.236607975837385,8.784152332533536,26.642746434881815,0,0,3300
primary_52kw,source_test,59,boundary_shift_persistence,long_55min,temp_rotor,35.70889844413241,31.03248830213499,60.0951048291895,0,0,3300
primary_52kw,source_test,59,boundary_shift_persistence,long_55min,macro,21.15546937993432,17.98970066701665,42.11800320844665,0,0,3300
primary_52kw,source_test,59,source_ridge_arx,long_55min,temp_winding,17.52254946780585,13.855373236545848,48.02355070473836,0,0,3300
primary_52kw,source_test,59,source_ridge_arx,long_55min,temp_stator_core,9.528521159797005,8.132360096023787,21.478779877827797,0,0,3300
primary_52kw,source_test,59,source_ridge_arx,long_55min,temp_rotor,6.28982451213317,5.223005390821868,13.827631012761515,0,0,3300
primary_52kw,source_test,59,source_ridge_arx,long_55min,macro,11.113631713245342,9.0702462411305,27.776653865109225,0,0,3300
primary_52kw,source_test,59,source_positive_thermal_network_raw,long_55min,temp_winding,2.5623803869160353,1.9925527488133212,7.816340335876632,0,0,3300
primary_52kw,source_test,59,source_positive_thermal_network_raw,long_55min,temp_stator_core,2.4002358468379668,2.1515094474856564,3.7214173918838185,0,0,3300
primary_52kw,source_test,59,source_positive_thermal_network_raw,long_55min,temp_rotor,1.9914383336870818,1.673649590054074,4.598562576024904,0,0,3300
primary_52kw,source_test,59,source_positive_thermal_network_raw,long_55min,macro,2.3180181891470277,1.939237262117684,5.378773434595118,0,0,3300
primary_52kw,source_test,59,source_positive_thermal_network_normalized,long_55min,temp_winding,10.63013935130485,7.768697000843156,26.515788987748202,0,0,3300
primary_52kw,source_test,59,source_positive_thermal_network_normalized,long_55min,temp_stator_core,4.897576222181714,3.552978909267636,13.53909103703792,0,0,3300
primary_52kw,source_test,59,source_positive_thermal_network_normalized,long_55min,temp_rotor,7.269061028664799,5.559349838921987,14.544947348841518,0,0,3300
primary_52kw,source_test,59,source_positive_thermal_network_normalized,long_55min,macro,7.598925534050454,5.627008583010927,18.19994245787588,0,0,3300
primary_52kw,source_test,59,target_only_prefix_positive_thermal_network,long_55min,temp_winding,22.92496547586876,19.814241396450296,41.45151462006632,0,0,3300
primary_52kw,source_test,59,target_only_prefix_positive_thermal_network,long_55min,temp_stator_core,8.302887498765502,7.185229017904569,15.00131239844545,0,0,3300
primary_52kw,source_test,59,target_only_prefix_positive_thermal_network,long_55min,temp_rotor,22.82878949888438,19.86512785694464,36.18896780626306,0,0,3300
primary_52kw,source_test,59,target_only_prefix_positive_thermal_network,long_55min,macro,18.018880824506212,15.621532757099834,30.88059827492494,0,0,3300
primary_52kw,source_test,59,source_prior_prefix_calibrated_thermal_network,long_55min,temp_winding,52.933009891688194,46.10104852475193,84.39519142803616,0,0,3300
primary_52kw,source_test,59,source_prior_prefix_calibrated_thermal_network,long_55min,temp_stator_core,21.561170786671553,18.72922836619502,35.49064750914866,0,0,3300
primary_52kw,source_test,59,source_prior_prefix_calibrated_thermal_network,long_55min,temp_rotor,19.262081646634506,16.435566708902524,31.65503896015654,0,0,3300
primary_52kw,source_test,59,source_prior_prefix_calibrated_thermal_network,long_55min,macro,31.252087441664752,27.08861453328316,50.51362596578045,0,0,3300
primary_52kw,source_test,59,source_thermal_network_plus_hist_gradient_residual,long_55min,temp_winding,16.664333475526938,15.044027844265347,30.19207806289903,0,0,3300
primary_52kw,source_test,59,source_thermal_network_plus_hist_gradient_residual,long_55min,temp_stator_core,7.172959779923497,6.533825921473996,12.504004036488439,0,0,3300
primary_52kw,source_test,59,source_thermal_network_plus_hist_gradient_residual,long_55min,temp_rotor,5.981313534820041,5.4032433106590645,9.147429093724128,0,0,3300
primary_52kw,source_test,59,source_thermal_network_plus_hist_gradient_residual,long_55min,macro,9.939535596756825,8.993699025466135,17.281170397703864,0,0,3300
primary_52kw,source_test,65,initial_state_persistence,matched_20min,temp_winding,34.05625380188566,30.464843651182235,58.90272671786325,0,0,1200
primary_52kw,source_test,65,initial_state_persistence,matched_20min,temp_stator_core,25.15632218017238,23.3345167471142,36.69899649563182,0,0,1200
primary_52kw,source_test,65,initial_state_persistence,matched_20min,temp_rotor,19.535470166088523,17.008357007756832,27.79728885134115,0,0,1200
primary_52kw,source_test,65,initial_state_persistence,matched_20min,macro,26.249348716048853,23.602572468684425,41.133004021612074,0,0,1200
primary_52kw,source_test,65,boundary_shift_persistence,matched_20min,temp_winding,28.703511038675572,24.97859332583913,52.89033174756509,0,0,1200
primary_52kw,source_test,65,boundary_shift_persistence,matched_20min,temp_stator_core,19.555646557541202,17.560665186101428,30.766008660531014,0,0,1200
primary_52kw,source_test,65,boundary_shift_persistence,matched_20min,temp_rotor,14.446274972929608,12.263841131930764,21.539606892571783,0,0,1200
primary_52kw,source_test,65,boundary_shift_persistence,matched_20min,macro,20.901810856382127,18.26769988129044,35.06531576688929,0,0,1200
primary_52kw,source_test,65,source_ridge_arx,matched_20min,temp_winding,9.368746104855713,6.9989328221482845,24.65897613194545,0,0,1200
primary_52kw,source_test,65,source_ridge_arx,matched_20min,temp_stator_core,3.8718930663966065,2.8443785484636974,9.893367541717993,0,0,1200
primary_52kw,source_test,65,source_ridge_arx,matched_20min,temp_rotor,6.5723013716549845,5.391764664086881,11.909238200904824,0,0,1200
primary_52kw,source_test,65,source_ridge_arx,matched_20min,macro,6.604313514302434,5.078358678232955,15.487193958189422,0,0,1200
primary_52kw,source_test,65,source_positive_thermal_network_raw,matched_20min,temp_winding,1.861424408404089,1.60353980169047,4.236259301876011,0,0,1200
primary_52kw,source_test,65,source_positive_thermal_network_raw,matched_20min,temp_stator_core,1.649651032315937,1.4212519533649453,3.4358531842863727,0,0,1200
primary_52kw,source_test,65,source_positive_thermal_network_raw,matched_20min,temp_rotor,1.0200581648460647,0.7622197519624933,2.452730548839355,0,0,1200
primary_52kw,source_test,65,source_positive_thermal_network_raw,matched_20min,macro,1.5103778685220302,1.2623371690059695,3.3749476783339127,0,0,1200
primary_52kw,source_test,65,source_positive_thermal_network_normalized,matched_20min,temp_winding,14.870363680253718,11.844006563573517,31.020126293090556,0,0,1200
primary_52kw,source_test,65,source_positive_thermal_network_normalized,matched_20min,temp_stator_core,7.316046427709061,6.020163709694192,14.251085705978973,0,0,1200
primary_52kw,source_test,65,source_positive_thermal_network_normalized,matched_20min,temp_rotor,10.575128858832217,9.240947472214287,16.457095954238305,0,0,1200
primary_52kw,source_test,65,source_positive_thermal_network_normalized,matched_20min,macro,10.920512988931664,9.035039248494,20.576102651102612,0,0,1200
primary_52kw,source_test,65,target_only_prefix_positive_thermal_network,matched_20min,temp_winding,17.59813534017515,16.11827552748895,25.59933157422288,0,0,1200
primary_52kw,source_test,65,target_only_prefix_positive_thermal_network,matched_20min,temp_stator_core,13.195092117444672,12.456641627749901,16.478392896265078,0,0,1200
primary_52kw,source_test,65,target_only_prefix_positive_thermal_network,matched_20min,temp_rotor,9.128578642432451,6.947198608596394,16.502875515425337,0,0,1200
primary_52kw,source_test,65,target_only_prefix_positive_thermal_network,matched_20min,macro,13.307268700017424,11.840705254611748,19.5268666619711,0,0,1200
primary_52kw,source_test,65,source_prior_prefix_calibrated_thermal_network,matched_20min,temp_winding,19.322466952606472,17.90764183491004,28.022846151492885,0,0,1200
primary_52kw,source_test,65,source_prior_prefix_calibrated_thermal_network,matched_20min,temp_stator_core,14.796034694204883,14.014133889276584,17.790368580627018,0,0,1200
primary_52kw,source_test,65,source_prior_prefix_calibrated_thermal_network,matched_20min,temp_rotor,10.758805937712372,8.671757382774345,18.283985128381218,0,0,1200
primary_52kw,source_test,65,source_prior_prefix_calibrated_thermal_network,matched_20min,macro,14.959102528174576,13.531177702320322,21.365733286833706,0,0,1200
primary_52kw,source_test,65,source_thermal_network_plus_hist_gradient_residual,matched_20min,temp_winding,4.317846814237162,3.6030789324852277,7.849301819113663,0,0,1200
primary_52kw,source_test,65,source_thermal_network_plus_hist_gradient_residual,matched_20min,temp_stator_core,2.1163793128496535,1.7321892198677973,4.101265430519462,0,0,1200
primary_52kw,source_test,65,source_thermal_network_plus_hist_gradient_residual,matched_20min,temp_rotor,1.9672306487624873,1.5225921534982327,4.317378908225422,0,0,1200
primary_52kw,source_test,65,source_thermal_network_plus_hist_gradient_residual,matched_20min,macro,2.800485591949768,2.2859534352837527,5.422648719286182,0,0,1200
primary_52kw,source_test,65,initial_state_persistence,long_55min,temp_winding,32.16929731309128,30.237294748031726,58.90272671786325,0,0,3300
primary_52kw,source_test,65,initial_state_persistence,long_55min,temp_stator_core,21.877523931253926,20.4693172673839,36.69899649563182,0,0,3300
primary_52kw,source_test,65,initial_state_persistence,long_55min,temp_rotor,26.116131110112235,24.759604629894152,32.86621034616812,0,0,3300
primary_52kw,source_test,65,initial_state_persistence,long_55min,macro,26.720984118152483,25.155405548436594,42.822644519887724,0,0,3300
primary_52kw,source_test,65,boundary_shift_persistence,long_55min,temp_winding,31.960767208435396,29.777945394355196,52.89033174756509,0,0,3300
primary_52kw,source_test,65,boundary_shift_persistence,long_55min,temp_stator_core,20.960458858504467,19.905385646191124,30.766008660531014,0,0,3300
primary_52kw,source_test,65,boundary_shift_persistence,long_55min,temp_rotor,27.21422850176231,24.569976894223814,39.4174750680588,0,0,3300
primary_52kw,source_test,65,boundary_shift_persistence,long_55min,macro,26.711818189567392,24.751102644923378,41.024605158718295,0,0,3300
primary_52kw,source_test,65,source_ridge_arx,long_55min,temp_winding,12.342252846240685,10.053125645818097,28.568093081899576,0,0,3300
primary_52kw,source_test,65,source_ridge_arx,long_55min,temp_stator_core,5.997960605268281,4.714051997958623,13.971397998736379,0,0,3300
primary_52kw,source_test,65,source_ridge_arx,long_55min,temp_rotor,5.633811192852971,4.960316040091792,11.909238200904824,0,0,3300
primary_52kw,source_test,65,source_ridge_arx,long_55min,macro,7.991341548120645,6.5758312279561695,18.14957642718026,0,0,3300
primary_52kw,source_test,65,source_positive_thermal_network_raw,long_55min,temp_winding,2.198661323047837,1.7401323564068871,6.746515574978815,0,0,3300
primary_52kw,source_test,65,source_positive_thermal_network_raw,long_55min,temp_stator_core,1.5479720655166833,1.2608045599732949,3.7021493961734535,0,0,3300
primary_52kw,source_test,65,source_positive_thermal_network_raw,long_55min,temp_rotor,1.127854645567991,0.9033890096004878,3.0060446262484675,0,0,3300
primary_52kw,source_test,65,source_positive_thermal_network_raw,long_55min,macro,1.624829344710837,1.3014419753268898,4.484903199133579,0,0,3300
primary_52kw,source_test,65,source_positive_thermal_network_normalized,long_55min,temp_winding,11.404297230878646,8.807681795927662,31.020126293090556,0,0,3300
primary_52kw,source_test,65,source_positive_thermal_network_normalized,long_55min,temp_stator_core,5.787954649353994,4.743535706331911,14.251085705978973,0,0,3300
primary_52kw,source_test,65,source_positive_thermal_network_normalized,long_55min,temp_rotor,8.742897425895958,7.940108654060243,16.457095954238305,0,0,3300
primary_52kw,source_test,65,source_positive_thermal_network_normalized,long_55min,macro,8.645049768709532,7.163775385439938,20.576102651102612,0,0,3300
primary_52kw,source_test,65,target_only_prefix_positive_thermal_network,long_55min,temp_winding,16.294524756160037,15.007108348517221,27.745852820503757,0,0,3300
primary_52kw,source_test,65,target_only_prefix_positive_thermal_network,long_55min,temp_stator_core,11.411411387321733,10.252297968306067,19.04461216002622,0,0,3300
primary_52kw,source_test,65,target_only_prefix_positive_thermal_network,long_55min,temp_rotor,16.779967085097084,15.116463986313306,23.390995453613492,0,0,3300
primary_52kw,source_test,65,target_only_prefix_positive_thermal_network,long_55min,macro,14.828634409526286,13.458623434378865,23.393820144714493,0,0,3300
primary_52kw,source_test,65,source_prior_prefix_calibrated_thermal_network,long_55min,temp_winding,16.11737802968907,13.580712737159931,28.379344861589594,0,0,3300
primary_52kw,source_test,65,source_prior_prefix_calibrated_thermal_network,long_55min,temp_stator_core,12.212172307176148,10.381055613765083,19.963184300432232,0,0,3300
primary_52kw,source_test,65,source_prior_prefix_calibrated_thermal_network,long_55min,temp_rotor,17.240142202504185,15.805332991481551,25.593881551001573,0,0,3300
primary_52kw,source_test,65,source_prior_prefix_calibrated_thermal_network,long_55min,macro,15.189897513123134,13.255700447468854,24.64547023767447,0,0,3300
primary_52kw,source_test,65,source_thermal_network_plus_hist_gradient_residual,long_55min,temp_winding,11.840460865217116,9.198814019412481,26.744710617448376,0,0,3300
primary_52kw,source_test,65,source_thermal_network_plus_hist_gradient_residual,long_55min,temp_stator_core,6.19517935072012,4.699763082152794,13.726808082392267,0,0,3300
primary_52kw,source_test,65,source_thermal_network_plus_hist_gradient_residual,long_55min,temp_rotor,5.0041369055401015,3.9526147375124228,11.317226614343383,0,0,3300
primary_52kw,source_test,65,source_thermal_network_plus_hist_gradient_residual,long_55min,macro,7.679925707159112,5.950397279692566,17.26291510472801,0,0,3300
primary_52kw,source_test,71,initial_state_persistence,matched_20min,temp_winding,17.040616165933763,13.183147796682652,39.136502348891725,0,0,1200
primary_52kw,source_test,71,initial_state_persistence,matched_20min,temp_stator_core,9.93508419376082,8.239552112545157,19.48662940822721,0,0,1200
primary_52kw,source_test,71,initial_state_persistence,matched_20min,temp_rotor,8.646557495673267,7.099945600850697,13.32489696198649,0,0,1200
primary_52kw,source_test,71,initial_state_persistence,matched_20min,macro,11.874085951789283,9.507548503359502,23.982676239701807,0,0,1200
primary_52kw,source_test,71,boundary_shift_persistence,matched_20min,temp_winding,14.271493246902937,11.103816334660486,34.97415511571219,0,0,1200
primary_52kw,source_test,71,boundary_shift_persistence,matched_20min,temp_stator_core,7.118982729105181,5.922278037993864,15.286874760530615,0,0,1200
primary_52kw,source_test,71,boundary_shift_persistence,matched_20min,temp_rotor,5.641353539377301,4.949809927427072,9.18351228841118,0,0,1200
primary_52kw,source_test,71,boundary_shift_persistence,matched_20min,macro,9.010609838461805,7.325301433360473,19.814847388217995,0,0,1200
primary_52kw,source_test,71,source_ridge_arx,matched_20min,temp_winding,8.464060734165137,6.286824483342084,24.056332885392436,0,0,1200
primary_52kw,source_test,71,source_ridge_arx,matched_20min,temp_stator_core,3.5528213254614207,2.755166370774385,9.031486351768912,0,0,1200
primary_52kw,source_test,71,source_ridge_arx,matched_20min,temp_rotor,1.602465846117086,1.4063953479627556,4.057004000922838,0,0,1200
primary_52kw,source_test,71,source_ridge_arx,matched_20min,macro,4.539782635247882,3.4827954006930746,12.381607746028061,0,0,1200
primary_52kw,source_test,71,source_positive_thermal_network_raw,matched_20min,temp_winding,1.1753521939114229,1.0059532970005385,2.7045835243534952,0,0,1200
primary_52kw,source_test,71,source_positive_thermal_network_raw,matched_20min,temp_stator_core,0.8554741062131763,0.7022409558624821,2.6594408289049483,0,0,1200
primary_52kw,source_test,71,source_positive_thermal_network_raw,matched_20min,temp_rotor,0.9639408425248085,0.7917383920270824,3.869538672154114,0,0,1200
primary_52kw,source_test,71,source_positive_thermal_network_raw,matched_20min,macro,0.9982557142164693,0.8333108816300343,3.0778543418041857,0,0,1200
primary_52kw,source_test,71,source_positive_thermal_network_normalized,matched_20min,temp_winding,14.620000730688437,11.163810235382751,34.64102144719097,0,0,1200
primary_52kw,source_test,71,source_positive_thermal_network_normalized,matched_20min,temp_stator_core,7.260539743923674,5.8646455552008065,15.162075098407065,0,0,1200
primary_52kw,source_test,71,source_positive_thermal_network_normalized,matched_20min,temp_rotor,5.719773979388558,4.7306644265530995,8.876818557759094,0,0,1200
primary_52kw,source_test,71,source_positive_thermal_network_normalized,matched_20min,macro,9.200104818000222,7.253040072378885,19.559971701119043,0,0,1200
primary_52kw,source_test,71,target_only_prefix_positive_thermal_network,matched_20min,temp_winding,6.339037430910557,5.608490238851365,11.460138570946008,0,0,1200
primary_52kw,source_test,71,target_only_prefix_positive_thermal_network,matched_20min,temp_stator_core,6.657013818812599,6.12309742693396,9.012477156723904,0,0,1200
primary_52kw,source_test,71,target_only_prefix_positive_thermal_network,matched_20min,temp_rotor,5.528091843611684,4.810573478900753,10.703412313472015,0,0,1200
primary_52kw,source_test,71,target_only_prefix_positive_thermal_network,matched_20min,macro,6.174714364444946,5.514053714895359,10.392009347047308,0,0,1200
primary_52kw,source_test,71,source_prior_prefix_calibrated_thermal_network,matched_20min,temp_winding,2.268915582837858,1.75547501831886,7.559262115884238,0,0,1200
primary_52kw,source_test,71,source_prior_prefix_calibrated_thermal_network,matched_20min,temp_stator_core,1.6747964717782395,1.3629786964321537,3.357285535402198,0,0,1200
primary_52kw,source_test,71,source_prior_prefix_calibrated_thermal_network,matched_20min,temp_rotor,3.79901870318831,3.37544217850875,7.949165860786664,0,0,1200
primary_52kw,source_test,71,source_prior_prefix_calibrated_thermal_network,matched_20min,macro,2.5809102526014693,2.1646319644199212,6.288571170691033,0,0,1200
primary_52kw,source_test,71,source_thermal_network_plus_hist_gradient_residual,matched_20min,temp_winding,10.566347146837257,9.10653326374535,21.679284192171856,0,0,1200
primary_52kw,source_test,71,source_thermal_network_plus_hist_gradient_residual,matched_20min,temp_stator_core,5.555358273438084,4.828916775965639,9.855188253966766,0,0,1200
primary_52kw,source_test,71,source_thermal_network_plus_hist_gradient_residual,matched_20min,temp_rotor,2.5168889692654894,2.1476056444433214,5.493789542321458,0,0,1200
primary_52kw,source_test,71,source_thermal_network_plus_hist_gradient_residual,matched_20min,macro,6.21286479651361,5.36101856138477,12.34275399615336,0,0,1200
primary_52kw,source_test,71,initial_state_persistence,long_55min,temp_winding,34.01037543306176,27.20334576110048,64.4023136369274,0,0,3300
primary_52kw,source_test,71,initial_state_persistence,long_55min,temp_stator_core,32.90427607565606,25.588794700510423,58.55115285367172,0,0,3300
primary_52kw,source_test,71,initial_state_persistence,long_55min,temp_rotor,21.976854136940425,18.438036005776915,37.51211877957841,0,0,3300
primary_52kw,source_test,71,initial_state_persistence,long_55min,macro,29.63050188188608,23.74339215579594,53.4885284233925,0,0,3300
primary_52kw,source_test,71,boundary_shift_persistence,long_55min,temp_winding,15.956898071440946,12.599860608210884,39.339736293999664,0,0,3300
primary_52kw,source_test,71,boundary_shift_persistence,long_55min,temp_stator_core,13.390561655034105,10.361833943536935,36.56056279811385,0,0,3300
primary_52kw,source_test,71,boundary_shift_persistence,long_55min,temp_rotor,7.595825688820383,6.674507014377507,16.23698125766063,0,0,3300
primary_52kw,source_test,71,boundary_shift_persistence,long_55min,macro,12.314428471765146,9.878733855375108,30.71242678325805,0,0,3300
primary_52kw,source_test,71,source_ridge_arx,long_55min,temp_winding,14.086816611128274,10.894204007521344,31.132546083209675,0,0,3300
primary_52kw,source_test,71,source_ridge_arx,long_55min,temp_stator_core,6.888297425740848,5.509366137628434,15.194922409840743,0,0,3300
primary_52kw,source_test,71,source_ridge_arx,long_55min,temp_rotor,4.741956598016051,3.9939128386496736,11.390472214362298,0,0,3300
primary_52kw,source_test,71,source_ridge_arx,long_55min,macro,8.572356878295059,6.799160994599817,19.239313569137572,0,0,3300
primary_52kw,source_test,71,source_positive_thermal_network_raw,long_55min,temp_winding,2.3100553222062357,1.8409808605094917,5.8315981670073285,0,0,3300
primary_52kw,source_test,71,source_positive_thermal_network_raw,long_55min,temp_stator_core,1.2135585739930692,0.9931864854231107,3.3276267570119415,0,0,3300
primary_52kw,source_test,71,source_positive_thermal_network_raw,long_55min,temp_rotor,1.4839175784979184,1.3055440118018942,3.869538672154114,0,0,3300
primary_52kw,source_test,71,source_positive_thermal_network_raw,long_55min,macro,1.669177158232408,1.3799037859114989,4.342921198724461,0,0,3300
primary_52kw,source_test,71,source_positive_thermal_network_normalized,long_55min,temp_winding,13.480952533162636,11.026142339145096,34.64102144719097,0,0,3300
primary_52kw,source_test,71,source_positive_thermal_network_normalized,long_55min,temp_stator_core,7.182306977211462,6.110285273285641,15.162075098407065,0,0,3300
primary_52kw,source_test,71,source_positive_thermal_network_normalized,long_55min,temp_rotor,9.434856844901065,8.47683756034457,18.0279196938236,0,0,3300
primary_52kw,source_test,71,source_positive_thermal_network_normalized,long_55min,macro,10.032705451758387,8.537755057591768,22.610338746473882,0,0,3300
primary_52kw,source_test,71,target_only_prefix_positive_thermal_network,long_55min,temp_winding,34.543220851711055,26.28164282054806,61.0301816786184,0,0,3300
primary_52kw,source_test,71,target_only_prefix_positive_thermal_network,long_55min,temp_stator_core,33.70929963157861,26.082930835851734,57.892085454880366,0,0,3300
primary_52kw,source_test,71,target_only_prefix_positive_thermal_network,long_55min,temp_rotor,8.395843982362024,7.3199678767742755,17.488988310154227,0,0,3300
primary_52kw,source_test,71,target_only_prefix_positive_thermal_network,long_55min,macro,25.549454821883895,19.894847177724692,45.470418481217656,0,0,3300
primary_52kw,source_test,71,source_prior_prefix_calibrated_thermal_network,long_55min,temp_winding,4.415099975124012,3.589822493278091,10.024095709949364,0,0,3300
primary_52kw,source_test,71,source_prior_prefix_calibrated_thermal_network,long_55min,temp_stator_core,2.1989930561050617,1.8335040271475125,5.297180487112271,0,0,3300
primary_52kw,source_test,71,source_prior_prefix_calibrated_thermal_network,long_55min,temp_rotor,15.970703633866865,12.114256302343984,34.40792038405384,0,0,3300
primary_52kw,source_test,71,source_prior_prefix_calibrated_thermal_network,long_55min,macro,7.52826555503198,5.845860940923195,16.576398860371825,0,0,3300
primary_52kw,source_test,71,source_thermal_network_plus_hist_gradient_residual,long_55min,temp_winding,12.981615174634271,11.743517187412424,25.094699119976895,0,0,3300
primary_52kw,source_test,71,source_thermal_network_plus_hist_gradient_residual,long_55min,temp_stator_core,6.94565056689395,6.358178956972557,11.853677360526163,0,0,3300
primary_52kw,source_test,71,source_thermal_network_plus_hist_gradient_residual,long_55min,temp_rotor,5.8639447452111435,4.984162314990742,11.325320983393588,0,0,3300
primary_52kw,source_test,71,source_thermal_network_plus_hist_gradient_residual,long_55min,macro,8.597070162246455,7.695286153125241,16.09123248796555,0,0,3300
external_ipmsm,external_test,0,initial_state_persistence,matched_20min,temp_winding,0.4693570094518499,0.450334688445832,0.7145983149999964,0,0,1200
external_ipmsm,external_test,0,initial_state_persistence,matched_20min,temp_stator_core,0.5433697980608875,0.5236051358708375,0.8591804950000039,0,0,1200
external_ipmsm,external_test,0,initial_state_persistence,matched_20min,temp_rotor,1.4961231332950633,1.269825981208334,2.614110029999999,0,0,1200
external_ipmsm,external_test,0,initial_state_persistence,matched_20min,macro,0.8362833136026002,0.7479219351750012,1.3959629466666665,0,0,1200
external_ipmsm,external_test,0,boundary_shift_persistence,matched_20min,temp_winding,0.5073351936386451,0.46815947462499763,0.9005921499999943,0,0,1200
external_ipmsm,external_test,0,boundary_shift_persistence,matched_20min,temp_stator_core,0.5688955048729027,0.5291140550333359,0.9615074399999983,0,0,1200
external_ipmsm,external_test,0,boundary_shift_persistence,matched_20min,temp_rotor,1.429509864148029,1.2671559616958354,2.5886057750000013,0,0,1200
external_ipmsm,external_test,0,boundary_shift_persistence,matched_20min,macro,0.835246854219859,0.7548098304513896,1.483568454999998,0,0,1200
external_ipmsm,external_test,0,source_ridge_arx,matched_20min,temp_winding,8.039642299307335,6.558199461795078,13.822584286646155,0,0,1200
external_ipmsm,external_test,0,source_ridge_arx,matched_20min,temp_stator_core,3.1808352308079,2.535246293046156,6.277309216522347,0,0,1200
external_ipmsm,external_test,0,source_ridge_arx,matched_20min,temp_rotor,8.054926693265502,7.019161719911364,13.57018884603254,0,0,1200
external_ipmsm,external_test,0,source_ridge_arx,matched_20min,macro,6.4251347411269135,5.370869158250866,11.223360783067013,0,0,1200
external_ipmsm,external_test,0,source_positive_thermal_network_raw,matched_20min,temp_winding,50.652158418056516,48.74017171689063,59.00900251167103,0,0,1200
external_ipmsm,external_test,0,source_positive_thermal_network_raw,matched_20min,temp_stator_core,22.423724964375456,20.93644431712327,27.732484659530563,0,0,1200
external_ipmsm,external_test,0,source_positive_thermal_network_raw,matched_20min,temp_rotor,6.818593365621617,5.905677064196772,10.89976943537869,0,0,1200
external_ipmsm,external_test,0,source_positive_thermal_network_raw,matched_20min,macro,26.631492249351197,25.194097699403557,32.547085535526755,0,0,1200
external_ipmsm,external_test,0,source_positive_thermal_network_normalized,matched_20min,temp_winding,6.213729256829599,5.753077488002215,8.76956640703969,0,0,1200
external_ipmsm,external_test,0,source_positive_thermal_network_normalized,matched_20min,temp_stator_core,1.8873306231053109,1.5962883020185805,3.384697315225033,0,0,1200
external_ipmsm,external_test,0,source_positive_thermal_network_normalized,matched_20min,temp_rotor,6.152633264176526,5.467031074397312,9.820075784400569,0,0,1200
external_ipmsm,external_test,0,source_positive_thermal_network_normalized,matched_20min,macro,4.751231048037146,4.272132288139368,7.3247798355550975,0,0,1200
external_ipmsm,external_test,0,target_only_prefix_positive_thermal_network,matched_20min,temp_winding,5.2602317754528745,4.968775605726407,6.9281580362423725,0,0,1200
external_ipmsm,external_test,0,target_only_prefix_positive_thermal_network,matched_20min,temp_stator_core,4.552085001498774,4.2492109930765265,6.534698853332763,0,0,1200
external_ipmsm,external_test,0,target_only_prefix_positive_thermal_network,matched_20min,temp_rotor,1.336107478959217,1.2062501230651412,2.0528265201126317,0,0,1200
external_ipmsm,external_test,0,target_only_prefix_positive_thermal_network,matched_20min,macro,3.7161414186369552,3.474745573956025,5.171894469895922,0,0,1200
external_ipmsm,external_test,0,source_prior_prefix_calibrated_thermal_network,matched_20min,temp_winding,7.248473390801692,6.742507710275619,10.118402988725826,0,0,1200
external_ipmsm,external_test,0,source_prior_prefix_calibrated_thermal_network,matched_20min,temp_stator_core,5.175413048131888,4.790314252070377,7.4789511034080505,0,0,1200
external_ipmsm,external_test,0,source_prior_prefix_calibrated_thermal_network,matched_20min,temp_rotor,0.5413445283204418,0.5162706993146972,0.721747179174109,0,0,1200
external_ipmsm,external_test,0,source_prior_prefix_calibrated_thermal_network,matched_20min,macro,4.32174365575134,4.016364220553564,6.106367090435995,0,0,1200
external_ipmsm,external_test,0,source_thermal_network_plus_hist_gradient_residual,matched_20min,temp_winding,21.067155718247438,20.077589092526807,24.858691124822663,0,0,1200
external_ipmsm,external_test,0,source_thermal_network_plus_hist_gradient_residual,matched_20min,temp_stator_core,9.62884242742284,8.86348076180765,11.799137072796782,0,0,1200
external_ipmsm,external_test,0,source_thermal_network_plus_hist_gradient_residual,matched_20min,temp_rotor,10.768630947759474,9.603687668765536,16.608732456975606,0,0,1200
external_ipmsm,external_test,0,source_thermal_network_plus_hist_gradient_residual,matched_20min,macro,13.821543031143252,12.848252507699998,17.755520218198352,0,0,1200
external_ipmsm,external_test,0,published_target_specific_lptn_estimates,matched_20min,temp_winding,0.7279766273062767,0.6822539164256021,1.0998249797995001,0,0,1200
external_ipmsm,external_test,0,published_target_specific_lptn_estimates,matched_20min,temp_stator_core,1.1009315430852316,1.0841483920257369,1.4538879103275875,0,0,1200
external_ipmsm,external_test,0,published_target_specific_lptn_estimates,matched_20min,temp_rotor,0.11536957186008759,0.07292852213525447,0.4225950014376778,0,0,1200
external_ipmsm,external_test,0,published_target_specific_lptn_estimates,matched_20min,macro,0.6480925807505319,0.6131102768621978,0.9921026305215884,0,0,1200
external_ipmsm,external_test,1,initial_state_persistence,matched_20min,temp_winding,4.640215961209852,3.9498333333333333,10.850000000000001,0,0,1200
external_ipmsm,external_test,1,initial_state_persistence,matched_20min,temp_stator_core,2.559241831089825,2.151125,5.949999999999999,0,0,1200
external_ipmsm,external_test,1,initial_state_persistence,matched_20min,temp_rotor,1.5557989640910135,1.4845833333333345,2.875,0,0,1200
external_ipmsm,external_test,1,initial_state_persistence,matched_20min,macro,2.9184189187968967,2.5285138888888894,6.558333333333334,0,0,1200
external_ipmsm,external_test,1,boundary_shift_persistence,matched_20min,temp_winding,4.641268684314666,3.925,10.900000000000002,0,0,1200
external_ipmsm,external_test,1,boundary_shift_persistence,matched_20min,temp_stator_core,2.5365154083243153,2.1419583333333336,6.0,0,0,1200
external_ipmsm,external_test,1,boundary_shift_persistence,matched_20min,temp_rotor,1.8236319073029343,1.7385000000000013,2.8750000000000036,0,0,1200
external_ipmsm,external_test,1,boundary_shift_persistence,matched_20min,macro,3.0004719999806384,2.601819444444445,6.591666666666669,0,0,1200
external_ipmsm,external_test,1,source_ridge_arx,matched_20min,temp_winding,21.48589241292998,18.887808890715,27.334338918886957,0,0,1200
external_ipmsm,external_test,1,source_ridge_arx,matched_20min,temp_stator_core,10.886351059451375,9.17663248217788,14.541901838329068,0,0,1200
external_ipmsm,external_test,1,source_ridge_arx,matched_20min,temp_rotor,9.529193354798656,8.092862210982624,15.646662607700726,0,0,1200
external_ipmsm,external_test,1,source_ridge_arx,matched_20min,macro,13.967145609060005,12.052434527958502,19.174301121638916,0,0,1200
external_ipmsm,external_test,1,source_positive_thermal_network_raw,matched_20min,temp_winding,18.268277616148684,12.618942107926149,45.44175783439519,0,0,1200
external_ipmsm,external_test,1,source_positive_thermal_network_raw,matched_20min,temp_stator_core,8.075150830408562,5.758817554098571,16.889416224376426,0,0,1200
external_ipmsm,external_test,1,source_positive_thermal_network_raw,matched_20min,temp_rotor,3.133273294750188,2.7960504370882338,4.451686683596115,0,0,1200
external_ipmsm,external_test,1,source_positive_thermal_network_raw,matched_20min,macro,9.825567247102478,7.057936699704317,22.260953580789245,0,0,1200
external_ipmsm,external_test,1,source_positive_thermal_network_normalized,matched_20min,temp_winding,18.45280656115477,17.067630104143962,26.69093121299148,0,0,1200
external_ipmsm,external_test,1,source_positive_thermal_network_normalized,matched_20min,temp_stator_core,9.11854962396076,8.265554689221906,13.350622025916913,0,0,1200
external_ipmsm,external_test,1,source_positive_thermal_network_normalized,matched_20min,temp_rotor,8.115539615495411,7.376715123809928,10.118477556152392,0,0,1200
external_ipmsm,external_test,1,source_positive_thermal_network_normalized,matched_20min,macro,11.895631933536981,10.903299972391933,16.72001026502026,0,0,1200
external_ipmsm,external_test,1,target_only_prefix_positive_thermal_network,matched_20min,temp_winding,4.4892876755972075,3.6229571167947543,9.510601934887305,0,0,1200
external_ipmsm,external_test,1,target_only_prefix_positive_thermal_network,matched_20min,temp_stator_core,3.1954965201848093,2.6501109082780157,6.7619185629393215,0,0,1200
external_ipmsm,external_test,1,target_only_prefix_positive_thermal_network,matched_20min,temp_rotor,1.9840190566229856,1.882942473389182,2.978166764582557,0,0,1200
external_ipmsm,external_test,1,target_only_prefix_positive_thermal_network,matched_20min,macro,3.222934417468334,2.7186701661539843,6.4168957541363945,0,0,1200
external_ipmsm,external_test,1,source_prior_prefix_calibrated_thermal_network,matched_20min,temp_winding,1.882595959584724,1.62919606106229,3.268393499541549,0,0,1200
external_ipmsm,external_test,1,source_prior_prefix_calibrated_thermal_network,matched_20min,temp_stator_core,1.026837298673834,0.9122050744696876,1.6535710601420277,0,0,1200
external_ipmsm,external_test,1,source_prior_prefix_calibrated_thermal_network,matched_20min,temp_rotor,1.711712537591965,1.5429464633122718,2.3822671297201303,0,0,1200
external_ipmsm,external_test,1,source_prior_prefix_calibrated_thermal_network,matched_20min,macro,1.5403819319501746,1.36144919961475,2.4347438964679022,0,0,1200
external_ipmsm,external_test,1,source_thermal_network_plus_hist_gradient_residual,matched_20min,temp_winding,17.06541961151325,12.914165310693507,38.44932494199307,0,0,1200
external_ipmsm,external_test,1,source_thermal_network_plus_hist_gradient_residual,matched_20min,temp_stator_core,7.790064034045026,5.957559213085369,15.364148627525502,0,0,1200
external_ipmsm,external_test,1,source_thermal_network_plus_hist_gradient_residual,matched_20min,temp_rotor,9.39955042150369,8.979635434815798,11.165929775050149,0,0,1200
external_ipmsm,external_test,1,source_thermal_network_plus_hist_gradient_residual,matched_20min,macro,11.418344689020655,9.283786652864892,21.65980111485624,0,0,1200
external_ipmsm,external_test,1,published_target_specific_lptn_estimates,matched_20min,temp_winding,0.5949294267794667,0.5399891619960755,1.085968271525772,0,0,1200
external_ipmsm,external_test,1,published_target_specific_lptn_estimates,matched_20min,temp_stator_core,0.5486171531471229,0.49353810858838815,0.8554598111374716,0,0,1200
external_ipmsm,external_test,1,published_target_specific_lptn_estimates,matched_20min,temp_rotor,0.8712463731155107,0.666797731437951,2.2431757315037153,0,0,1200
external_ipmsm,external_test,1,published_target_specific_lptn_estimates,matched_20min,macro,0.6715976510140335,0.5667750006741382,1.394867938055653,0,0,1200
external_ipmsm,external_test,2,initial_state_persistence,matched_20min,temp_winding,15.415733575366003,12.926166666666667,26.6,0,0,1200
external_ipmsm,external_test,2,initial_state_persistence,matched_20min,temp_stator_core,8.633850652132763,7.217541666666666,14.700000000000003,0,0,1200
external_ipmsm,external_test,2,initial_state_persistence,matched_20min,temp_rotor,7.1202703600354935,6.266083333333331,9.949999999999996,0,0,1200
external_ipmsm,external_test,2,initial_state_persistence,matched_20min,macro,10.389951529178086,8.803263888888887,17.083333333333332,0,0,1200
external_ipmsm,external_test,2,boundary_shift_persistence,matched_20min,temp_winding,15.314884168133082,12.932208333333334,26.400000000000002,0,0,1200
external_ipmsm,external_test,2,boundary_shift_persistence,matched_20min,temp_stator_core,8.515679900434648,7.223583333333331,14.350000000000001,0,0,1200
external_ipmsm,external_test,2,boundary_shift_persistence,matched_20min,temp_rotor,7.017333153223758,6.27320833333333,9.849999999999994,0,0,1200
external_ipmsm,external_test,2,boundary_shift_persistence,matched_20min,macro,10.282632407263831,8.809666666666665,16.866666666666664,0,0,1200
external_ipmsm,external_test,2,source_ridge_arx,matched_20min,temp_winding,51.57809568526822,42.16499172032264,76.14845156143255,0,0,1200
external_ipmsm,external_test,2,source_ridge_arx,matched_20min,temp_stator_core,25.47327080313882,19.75285211610797,40.098828574490994,0,0,1200
external_ipmsm,external_test,2,source_ridge_arx,matched_20min,temp_rotor,16.785821021146695,13.199411048609544,31.115725121348973,0,0,1200
external_ipmsm,external_test,2,source_ridge_arx,matched_20min,macro,31.279062503184576,25.03908496168005,49.12100175242417,0,0,1200
external_ipmsm,external_test,2,source_positive_thermal_network_raw,matched_20min,temp_winding,57.716352500352755,49.01840776478787,97.48053474032602,0,0,1200
external_ipmsm,external_test,2,source_positive_thermal_network_raw,matched_20min,temp_stator_core,27.254583160725176,23.166315701013175,44.43078015909718,0,0,1200
external_ipmsm,external_test,2,source_positive_thermal_network_raw,matched_20min,temp_rotor,9.556950654268912,7.961514851501844,14.079567307449516,0,0,1200
external_ipmsm,external_test,2,source_positive_thermal_network_raw,matched_20min,macro,31.509295438448948,26.715412772434295,51.996960735624235,0,0,1200
external_ipmsm,external_test,2,source_positive_thermal_network_normalized,matched_20min,temp_winding,81.62752431451725,72.0419677111316,114.13017487786084,0,0,1200
external_ipmsm,external_test,2,source_positive_thermal_network_normalized,matched_20min,temp_stator_core,41.343205913436925,35.38501144814212,58.893408772865584,0,0,1200
external_ipmsm,external_test,2,source_positive_thermal_network_normalized,matched_20min,temp_rotor,30.050062052629134,24.576219001459283,48.0937681433451,0,0,1200
external_ipmsm,external_test,2,source_positive_thermal_network_normalized,matched_20min,macro,51.00693076019443,44.00106605357767,73.70578393135717,0,0,1200
external_ipmsm,external_test,2,target_only_prefix_positive_thermal_network,matched_20min,temp_winding,9.840111942761759,8.622793890797261,16.99836814392426,0,0,1200
external_ipmsm,external_test,2,target_only_prefix_positive_thermal_network,matched_20min,temp_stator_core,5.028013090253917,4.494634747630138,8.551688917416293,0,0,1200
external_ipmsm,external_test,2,target_only_prefix_positive_thermal_network,matched_20min,temp_rotor,7.059526832622367,6.230583062884906,9.894673649868164,0,0,1200
external_ipmsm,external_test,2,target_only_prefix_positive_thermal_network,matched_20min,macro,7.309217288546015,6.449337233770769,11.814910237069574,0,0,1200
external_ipmsm,external_test,2,source_prior_prefix_calibrated_thermal_network,matched_20min,temp_winding,6.306688966792293,5.520844759882473,10.045735581405076,0,0,1200
external_ipmsm,external_test,2,source_prior_prefix_calibrated_thermal_network,matched_20min,temp_stator_core,2.0833831228783457,1.8216970117023932,3.5422072217359357,0,0,1200
external_ipmsm,external_test,2,source_prior_prefix_calibrated_thermal_network,matched_20min,temp_rotor,5.636731264082347,4.8283512520086544,8.193103184976795,0,0,1200
external_ipmsm,external_test,2,source_prior_prefix_calibrated_thermal_network,matched_20min,macro,4.675601117917662,4.05696434119784,7.260348662705936,0,0,1200
external_ipmsm,external_test,2,source_thermal_network_plus_hist_gradient_residual,matched_20min,temp_winding,59.300718209697564,53.45208129369145,83.13896053525944,0,0,1200
external_ipmsm,external_test,2,source_thermal_network_plus_hist_gradient_residual,matched_20min,temp_stator_core,29.501695010404635,26.089728608879476,42.438699403514164,0,0,1200
external_ipmsm,external_test,2,source_thermal_network_plus_hist_gradient_residual,matched_20min,temp_rotor,21.907253906913535,18.558810403120532,33.77714763657521,0,0,1200
external_ipmsm,external_test,2,source_thermal_network_plus_hist_gradient_residual,matched_20min,macro,36.90322237567191,32.70020676856382,53.118269191782936,0,0,1200
external_ipmsm,external_test,2,published_target_specific_lptn_estimates,matched_20min,temp_winding,2.220927598019005,1.7910288827177687,4.753169807799388,0,0,1200
external_ipmsm,external_test,2,published_target_specific_lptn_estimates,matched_20min,temp_stator_core,2.2777367772774184,1.7534607896517664,4.372277128113971,0,0,1200
external_ipmsm,external_test,2,published_target_specific_lptn_estimates,matched_20min,temp_rotor,3.0061561313974887,2.5958557894283842,6.091359711993608,0,0,1200
external_ipmsm,external_test,2,published_target_specific_lptn_estimates,matched_20min,macro,2.5016068355646373,2.0467818205993065,5.0722688826356555,0,0,1200
external_ipmsm,external_test,3,initial_state_persistence,matched_20min,temp_winding,5.964159971585827,5.621666666666667,7.899999999999999,0,0,1200
external_ipmsm,external_test,3,initial_state_persistence,matched_20min,temp_stator_core,4.165092035797849,3.894666666666667,5.649999999999999,0,0,1200
external_ipmsm,external_test,3,initial_state_persistence,matched_20min,temp_rotor,12.754166333169984,11.432770833333334,20.224999999999998,0,0,1200
external_ipmsm,external_test,3,initial_state_persistence,matched_20min,macro,7.627806113517887,6.983034722222222,11.258333333333331,0,0,1200
external_ipmsm,external_test,3,boundary_shift_persistence,matched_20min,temp_winding,5.310268158640077,5.029625000000001,7.099999999999994,0,0,1200
external_ipmsm,external_test,3,boundary_shift_persistence,matched_20min,temp_stator_core,3.5082637562380254,3.302625000000001,4.75,0,0,1200
external_ipmsm,external_test,3,boundary_shift_persistence,matched_20min,temp_rotor,12.099414521820194,10.840729166666668,19.325,0,0,1200
external_ipmsm,external_test,3,boundary_shift_persistence,matched_20min,macro,6.972648812232765,6.390993055555557,10.391666666666664,0,0,1200
external_ipmsm,external_test,3,source_ridge_arx,matched_20min,temp_winding,13.588882238354532,11.264001513741572,22.876712286000313,0,0,1200
external_ipmsm,external_test,3,source_ridge_arx,matched_20min,temp_stator_core,5.387201390597958,4.287670697901941,10.068569343905686,0,0,1200
external_ipmsm,external_test,3,source_ridge_arx,matched_20min,temp_rotor,1.3588786336501664,1.2062490503151708,2.323769454492542,0,0,1200
external_ipmsm,external_test,3,source_ridge_arx,matched_20min,macro,6.7783207542008865,5.585973753986228,11.75635036146618,0,0,1200
external_ipmsm,external_test,3,source_positive_thermal_network_raw,matched_20min,temp_winding,60.56018446726085,58.18069985653815,70.96695522640941,0,0,1200
external_ipmsm,external_test,3,source_positive_thermal_network_raw,matched_20min,temp_stator_core,28.24255521135538,26.41832263637447,34.75390588899791,0,0,1200
external_ipmsm,external_test,3,source_positive_thermal_network_raw,matched_20min,temp_rotor,13.370687960169544,11.832533582619817,20.337882638155932,0,0,1200
external_ipmsm,external_test,3,source_positive_thermal_network_raw,matched_20min,macro,34.057809212928596,32.14385202517747,42.01958125118775,0,0,1200
external_ipmsm,external_test,3,source_positive_thermal_network_normalized,matched_20min,temp_winding,16.86498276795575,15.221564947920367,24.97908600541659,0,0,1200
external_ipmsm,external_test,3,source_positive_thermal_network_normalized,matched_20min,temp_stator_core,6.786258553065619,5.732915420268172,11.101272021778769,0,0,1200
external_ipmsm,external_test,3,source_positive_thermal_network_normalized,matched_20min,temp_rotor,1.0841541762715816,0.9682318229388136,2.169314822360974,0,0,1200
external_ipmsm,external_test,3,source_positive_thermal_network_normalized,matched_20min,macro,8.245131832430983,7.307570730375784,12.74989094985211,0,0,1200
external_ipmsm,external_test,3,target_only_prefix_positive_thermal_network,matched_20min,temp_winding,0.4087532740647458,0.35138023010789254,0.7895317126955419,0,0,1200
external_ipmsm,external_test,3,target_only_prefix_positive_thermal_network,matched_20min,temp_stator_core,0.5466027822749627,0.4226082250127201,1.177042810945565,0,0,1200
external_ipmsm,external_test,3,target_only_prefix_positive_thermal_network,matched_20min,temp_rotor,10.4847159558319,9.294192561134807,17.225253085831604,0,0,1200
external_ipmsm,external_test,3,target_only_prefix_positive_thermal_network,matched_20min,macro,3.8133573373905363,3.3560603387518064,6.397275869824237,0,0,1200
external_ipmsm,external_test,3,source_prior_prefix_calibrated_thermal_network,matched_20min,temp_winding,0.43101316414720947,0.38021947514524235,0.7840239911946654,0,0,1200
external_ipmsm,external_test,3,source_prior_prefix_calibrated_thermal_network,matched_20min,temp_stator_core,0.4234810140744205,0.3110637680995996,1.0462397533373604,0,0,1200
external_ipmsm,external_test,3,source_prior_prefix_calibrated_thermal_network,matched_20min,temp_rotor,10.360560113253776,9.17098205209408,17.094408751587416,0,0,1200
external_ipmsm,external_test,3,source_prior_prefix_calibrated_thermal_network,matched_20min,macro,3.738351430491802,3.287421765112974,6.308224165373147,0,0,1200
external_ipmsm,external_test,3,source_thermal_network_plus_hist_gradient_residual,matched_20min,temp_winding,31.37111575281812,29.101100485876454,42.729149222736524,0,0,1200
external_ipmsm,external_test,3,source_thermal_network_plus_hist_gradient_residual,matched_20min,temp_stator_core,15.253602499539458,13.765964400297884,21.983099230391083,0,0,1200
external_ipmsm,external_test,3,source_thermal_network_plus_hist_gradient_residual,matched_20min,temp_rotor,19.880398165340267,17.83986642774164,29.866395278763335,0,0,1200
external_ipmsm,external_test,3,source_thermal_network_plus_hist_gradient_residual,matched_20min,macro,22.168372139232616,20.235643771305327,31.526214577296983,0,0,1200
external_ipmsm,external_test,3,published_target_specific_lptn_estimates,matched_20min,temp_winding,4.759746548499012,4.7498661111432305,5.274071265361037,0,0,1200
external_ipmsm,external_test,3,published_target_specific_lptn_estimates,matched_20min,temp_stator_core,5.461446165179909,5.456691140038633,5.882027073610018,0,0,1200
external_ipmsm,external_test,3,published_target_specific_lptn_estimates,matched_20min,temp_rotor,4.630538924645803,4.573434737613763,5.499450248231049,0,0,1200
external_ipmsm,external_test,3,published_target_specific_lptn_estimates,matched_20min,macro,4.950577212774908,4.926663996265209,5.551849529067368,0,0,1200
external_ipmsm,external_test,4,initial_state_persistence,matched_20min,temp_winding,9.068253346152163,8.541958333333328,12.249999999999993,0,0,1200
external_ipmsm,external_test,4,initial_state_persistence,matched_20min,temp_stator_core,5.582948556393236,5.174124999999999,8.049999999999997,0,0,1200
external_ipmsm,external_test,4,initial_state_persistence,matched_20min,temp_rotor,19.373548225178922,17.510958333333335,29.950000000000003,0,0,1200
external_ipmsm,external_test,4,initial_state_persistence,matched_20min,macro,11.341583375908106,10.409013888888888,16.749999999999996,0,0,1200
external_ipmsm,external_test,4,boundary_shift_persistence,matched_20min,temp_winding,8.823771515060887,8.35854166666666,11.699999999999996,0,0,1200
external_ipmsm,external_test,4,boundary_shift_persistence,matched_20min,temp_stator_core,5.329732052364356,4.99070833333333,7.399999999999999,0,0,1200
external_ipmsm,external_test,4,boundary_shift_persistence,matched_20min,temp_rotor,19.10849200399306,17.327875000000002,29.25,0,0,1200
external_ipmsm,external_test,4,boundary_shift_persistence,matched_20min,macro,11.087331857139434,10.225708333333332,16.116666666666664,0,0,1200
external_ipmsm,external_test,4,source_ridge_arx,matched_20min,temp_winding,7.639130058594233,6.195785696383312,14.49198141634863,0,0,1200
external_ipmsm,external_test,4,source_ridge_arx,matched_20min,temp_stator_core,2.8066498409201928,2.4869773388647944,4.49665155885841,0,0,1200
external_ipmsm,external_test,4,source_ridge_arx,matched_20min,temp_rotor,9.048229843793,8.52966747011374,12.974984655740826,0,0,1200
external_ipmsm,external_test,4,source_ridge_arx,matched_20min,macro,6.498003247769142,5.7374768351206145,10.654539210315955,0,0,1200
external_ipmsm,external_test,4,source_positive_thermal_network_raw,matched_20min,temp_winding,71.20271379288809,68.30307093818203,84.14325456965739,0,0,1200
external_ipmsm,external_test,4,source_positive_thermal_network_raw,matched_20min,temp_stator_core,33.99425161865505,31.786131925528796,41.75602857345835,0,0,1200
external_ipmsm,external_test,4,source_positive_thermal_network_raw,matched_20min,temp_rotor,25.300543778215992,22.533600982511217,38.60956089826023,0,0,1200
external_ipmsm,external_test,4,source_positive_thermal_network_raw,matched_20min,macro,43.499169729919714,40.87426794874068,54.83628134712532,0,0,1200
external_ipmsm,external_test,4,source_positive_thermal_network_normalized,matched_20min,temp_winding,11.143198836690104,9.857010586106815,16.66683913274587,0,0,1200
external_ipmsm,external_test,4,source_positive_thermal_network_normalized,matched_20min,temp_stator_core,3.0430243437850035,2.5986549110927033,5.25705163243537,0,0,1200
external_ipmsm,external_test,4,source_positive_thermal_network_normalized,matched_20min,temp_rotor,7.896148728958231,7.448482534127823,11.55043587854533,0,0,1200
external_ipmsm,external_test,4,source_positive_thermal_network_normalized,matched_20min,macro,7.3607906364777795,6.634716010442447,11.15810888124219,0,0,1200
external_ipmsm,external_test,4,target_only_prefix_positive_thermal_network,matched_20min,temp_winding,1.8606314336120837,1.7559350110551646,2.500073823600971,0,0,1200
external_ipmsm,external_test,4,target_only_prefix_positive_thermal_network,matched_20min,temp_stator_core,1.3148205217358229,1.2545356049449696,1.8007741512484046,0,0,1200
external_ipmsm,external_test,4,target_only_prefix_positive_thermal_network,matched_20min,temp_rotor,15.85761390757135,14.260347374322725,25.231516949512006,0,0,1200
external_ipmsm,external_test,4,target_only_prefix_positive_thermal_network,matched_20min,macro,6.344355287639753,5.75693933010762,9.844121641453794,0,0,1200
external_ipmsm,external_test,4,source_prior_prefix_calibrated_thermal_network,matched_20min,temp_winding,5.886322499265862,5.415086789955688,7.53488811297985,0,0,1200
external_ipmsm,external_test,4,source_prior_prefix_calibrated_thermal_network,matched_20min,temp_stator_core,4.485612328058536,4.214766426707886,5.730310884020298,0,0,1200
external_ipmsm,external_test,4,source_prior_prefix_calibrated_thermal_network,matched_20min,temp_rotor,14.469471701847727,13.026271288453843,23.20352006083685,0,0,1200
external_ipmsm,external_test,4,source_prior_prefix_calibrated_thermal_network,matched_20min,macro,8.280468843057376,7.552041501705806,12.156239685945666,0,0,1200
external_ipmsm,external_test,4,source_thermal_network_plus_hist_gradient_residual,matched_20min,temp_winding,23.44710770087933,21.73703434754098,31.717878424313774,0,0,1200
external_ipmsm,external_test,4,source_thermal_network_plus_hist_gradient_residual,matched_20min,temp_stator_core,10.063052415065362,8.926609628467052,14.560852691162985,0,0,1200
external_ipmsm,external_test,4,source_thermal_network_plus_hist_gradient_residual,matched_20min,temp_rotor,10.051436275248548,8.956129181900508,15.75024423383396,0,0,1200
external_ipmsm,external_test,4,source_thermal_network_plus_hist_gradient_residual,matched_20min,macro,14.520532130397747,13.20659105263618,20.676325116436907,0,0,1200
external_ipmsm,external_test,4,published_target_specific_lptn_estimates,matched_20min,temp_winding,11.520153956782224,11.50617177299647,12.221321228410716,0,0,1200
external_ipmsm,external_test,4,published_target_specific_lptn_estimates,matched_20min,temp_stator_core,11.640914406793927,11.627862870979424,12.284804996897897,0,0,1200
external_ipmsm,external_test,4,published_target_specific_lptn_estimates,matched_20min,temp_rotor,2.0178911102229176,1.5961678989377792,4.866106477879313,0,0,1200
external_ipmsm,external_test,4,published_target_specific_lptn_estimates,matched_20min,macro,8.392986491266356,8.243400847637892,9.790744234395975,0,0,1200
external_ipmsm,external_test,5,initial_state_persistence,matched_20min,temp_winding,5.418128328429783,5.161458333333332,7.5,0,0,1200
external_ipmsm,external_test,5,initial_state_persistence,matched_20min,temp_stator_core,3.2318547951086356,2.999208333333336,5.25,0,0,1200
external_ipmsm,external_test,5,initial_state_persistence,matched_20min,temp_rotor,7.706138448773592,6.9327499999999995,11.974999999999998,0,0,1200
external_ipmsm,external_test,5,initial_state_persistence,matched_20min,macro,5.452040524104004,5.031138888888889,8.241666666666665,0,0,1200
external_ipmsm,external_test,5,boundary_shift_persistence,matched_20min,temp_winding,5.398989874658651,5.2144999999999975,7.0,0,0,1200
external_ipmsm,external_test,5,boundary_shift_persistence,matched_20min,temp_stator_core,3.192985149772337,3.0514166666666678,4.800000000000004,0,0,1200
external_ipmsm,external_test,5,boundary_shift_persistence,matched_20min,temp_rotor,7.646550352392027,6.985291666666665,11.924999999999994,0,0,1200
external_ipmsm,external_test,5,boundary_shift_persistence,matched_20min,macro,5.412841792274338,5.083736111111111,7.908333333333332,0,0,1200
external_ipmsm,external_test,5,source_ridge_arx,matched_20min,temp_winding,15.938193815265553,13.275160720431241,27.435844313692613,0,0,1200
external_ipmsm,external_test,5,source_ridge_arx,matched_20min,temp_stator_core,7.070390698205787,5.623365110985944,12.268693148218972,0,0,1200
external_ipmsm,external_test,5,source_ridge_arx,matched_20min,temp_rotor,4.796073538899908,3.7304583850188084,10.325209601311101,0,0,1200
external_ipmsm,external_test,5,source_ridge_arx,matched_20min,macro,9.268219350790416,7.5429947388119984,16.67658235440756,0,0,1200
external_ipmsm,external_test,5,source_positive_thermal_network_raw,matched_20min,temp_winding,55.33818679494268,53.167716743781625,68.06527917947052,0,0,1200
external_ipmsm,external_test,5,source_positive_thermal_network_raw,matched_20min,temp_stator_core,25.605121282820697,23.96224406655906,32.357716019545606,0,0,1200
external_ipmsm,external_test,5,source_positive_thermal_network_raw,matched_20min,temp_rotor,9.448194695276815,8.150507816967119,17.756436948384433,0,0,1200
external_ipmsm,external_test,5,source_positive_thermal_network_raw,matched_20min,macro,30.13050092434673,28.426822875769272,39.39314404913352,0,0,1200
external_ipmsm,external_test,5,source_positive_thermal_network_normalized,matched_20min,temp_winding,19.793510678279397,17.776297825588088,33.15979938239525,0,0,1200
external_ipmsm,external_test,5,source_positive_thermal_network_normalized,matched_20min,temp_stator_core,8.809045692196403,7.546991767427562,14.658434057963639,0,0,1200
external_ipmsm,external_test,5,source_positive_thermal_network_normalized,matched_20min,temp_rotor,5.631791038133834,4.4876999921743055,12.16496445464032,0,0,1200
external_ipmsm,external_test,5,source_positive_thermal_network_normalized,matched_20min,macro,11.411449136203212,9.936996528396653,19.994399298333068,0,0,1200
external_ipmsm,external_test,5,target_only_prefix_positive_thermal_network,matched_20min,temp_winding,2.083114856046463,0.8796670149592223,11.418803675167247,0,0,1200
external_ipmsm,external_test,5,target_only_prefix_positive_thermal_network,matched_20min,temp_stator_core,0.8579715098397651,0.3350192557829988,5.112300766528982,0,0,1200
external_ipmsm,external_test,5,target_only_prefix_positive_thermal_network,matched_20min,temp_rotor,5.950260598767865,5.330075865567634,9.826619497563609,0,0,1200
external_ipmsm,external_test,5,target_only_prefix_positive_thermal_network,matched_20min,macro,2.963782321551365,2.181587378769952,8.78590797975328,0,0,1200
external_ipmsm,external_test,5,source_prior_prefix_calibrated_thermal_network,matched_20min,temp_winding,1.5111030256166145,1.1714013311173588,6.0802381458886146,0,0,1200
external_ipmsm,external_test,5,source_prior_prefix_calibrated_thermal_network,matched_20min,temp_stator_core,0.7543674202255071,0.5831249356273783,3.1703566796785836,0,0,1200
external_ipmsm,external_test,5,source_prior_prefix_calibrated_thermal_network,matched_20min,temp_rotor,5.874288354294244,5.240749331868518,9.746713520970328,0,0,1200
external_ipmsm,external_test,5,source_prior_prefix_calibrated_thermal_network,matched_20min,macro,2.7132529333787883,2.331758532871085,6.332436115512508,0,0,1200
external_ipmsm,external_test,5,source_thermal_network_plus_hist_gradient_residual,matched_20min,temp_winding,34.9000833059369,32.110193765324276,52.10014736085276,0,0,1200
external_ipmsm,external_test,5,source_thermal_network_plus_hist_gradient_residual,matched_20min,temp_stator_core,17.573618055374546,15.879280375099674,25.51094373432619,0,0,1200
external_ipmsm,external_test,5,source_thermal_network_plus_hist_gradient_residual,matched_20min,temp_rotor,25.472504124223494,22.81320293351629,38.76412459513949,0,0,1200
external_ipmsm,external_test,5,source_thermal_network_plus_hist_gradient_residual,matched_20min,macro,25.982068495178314,23.600892357980083,38.79173856343948,0,0,1200
external_ipmsm,external_test,5,published_target_specific_lptn_estimates,matched_20min,temp_winding,2.3197763247073557,2.3015884936567943,3.8470942416256406,0,0,1200
external_ipmsm,external_test,5,published_target_specific_lptn_estimates,matched_20min,temp_stator_core,2.885220182096891,2.857256756327914,4.837491066156467,0,0,1200
external_ipmsm,external_test,5,published_target_specific_lptn_estimates,matched_20min,temp_rotor,3.9883361704754967,3.934234085150926,4.9664426925625165,0,0,1200
external_ipmsm,external_test,5,published_target_specific_lptn_estimates,matched_20min,macro,3.0644442257599143,3.0310264450452116,4.550342666781542,0,0,1200
external_ipmsm,external_test,6,initial_state_persistence,matched_20min,temp_winding,2.480120714175781,2.3749500788500018,4.677841485000002,0,0,1200
external_ipmsm,external_test,6,initial_state_persistence,matched_20min,temp_stator_core,1.026170045306903,0.8856480849624984,3.018948004999995,0,0,1200
external_ipmsm,external_test,6,initial_state_persistence,matched_20min,temp_rotor,3.819819855758997,3.567890339949998,5.4788122600000015,0,0,1200
external_ipmsm,external_test,6,initial_state_persistence,matched_20min,macro,2.4420368717472267,2.2761628345874994,4.39186725,0,0,1200
external_ipmsm,external_test,6,boundary_shift_persistence,matched_20min,temp_winding,2.4626954494397593,2.3367902836291674,4.63759108,0,0,1200
external_ipmsm,external_test,6,boundary_shift_persistence,matched_20min,temp_stator_core,0.9830879308216453,0.8474882897416645,2.978697599999993,0,0,1200
external_ipmsm,external_test,6,boundary_shift_persistence,matched_20min,temp_rotor,3.806409799290163,3.5297305447291647,5.670579264999997,0,0,1200
external_ipmsm,external_test,6,boundary_shift_persistence,matched_20min,macro,2.4173977265171893,2.2380030393666654,4.428955981666664,0,0,1200
external_ipmsm,external_test,6,source_ridge_arx,matched_20min,temp_winding,11.0906275991172,9.158376946310272,19.032244404612413,0,0,1200
external_ipmsm,external_test,6,source_ridge_arx,matched_20min,temp_stator_core,5.040576432491091,4.107347357787602,9.114302468405377,0,0,1200
external_ipmsm,external_test,6,source_ridge_arx,matched_20min,temp_rotor,3.1569217438234927,2.434487087947099,6.859376908551681,0,0,1200
external_ipmsm,external_test,6,source_ridge_arx,matched_20min,macro,6.429375258477261,5.233403797348324,11.668641260523158,0,0,1200
external_ipmsm,external_test,6,source_positive_thermal_network_raw,matched_20min,temp_winding,11.625716340550813,11.141645814832106,16.11816929773903,0,0,1200
external_ipmsm,external_test,6,source_positive_thermal_network_raw,matched_20min,temp_stator_core,4.795615925010841,4.4614284712867205,6.364596141546933,0,0,1200
external_ipmsm,external_test,6,source_positive_thermal_network_raw,matched_20min,temp_rotor,0.5615652942196354,0.48055765093704866,1.2169910646086457,0,0,1200
external_ipmsm,external_test,6,source_positive_thermal_network_raw,matched_20min,macro,5.6609658532604294,5.361210645685291,7.899918834631536,0,0,1200
external_ipmsm,external_test,6,source_positive_thermal_network_normalized,matched_20min,temp_winding,3.42388995826101,3.001590686674569,5.6336311642613595,0,0,1200
external_ipmsm,external_test,6,source_positive_thermal_network_normalized,matched_20min,temp_stator_core,1.2181434025191704,1.057546612237986,3.2821117070450967,0,0,1200
external_ipmsm,external_test,6,source_positive_thermal_network_normalized,matched_20min,temp_rotor,1.4564333610633196,1.4044306271718763,2.1825500258994275,0,0,1200
external_ipmsm,external_test,6,source_positive_thermal_network_normalized,matched_20min,macro,2.0328222406145,1.8211893086948105,3.6994309657352944,0,0,1200
external_ipmsm,external_test,6,target_only_prefix_positive_thermal_network,matched_20min,temp_winding,1.379108146684726,1.0390503637191586,4.141979846286006,0,0,1200
external_ipmsm,external_test,6,target_only_prefix_positive_thermal_network,matched_20min,temp_stator_core,0.9514490030008401,0.7704978288360985,2.4967405519451518,0,0,1200
external_ipmsm,external_test,6,target_only_prefix_positive_thermal_network,matched_20min,temp_rotor,1.324542547375205,1.2279942785329774,2.1910412332549143,0,0,1200
external_ipmsm,external_test,6,target_only_prefix_positive_thermal_network,matched_20min,macro,1.2183665656869236,1.0125141570294114,2.943253877162024,0,0,1200
external_ipmsm,external_test,6,source_prior_prefix_calibrated_thermal_network,matched_20min,temp_winding,2.6670395035416004,2.228211311417499,5.707377012095961,0,0,1200
external_ipmsm,external_test,6,source_prior_prefix_calibrated_thermal_network,matched_20min,temp_stator_core,2.87824518481728,2.3777856700703612,5.393674079442775,0,0,1200
external_ipmsm,external_test,6,source_prior_prefix_calibrated_thermal_network,matched_20min,temp_rotor,0.6528392506250251,0.5416392214687795,1.5632418230575809,0,0,1200
external_ipmsm,external_test,6,source_prior_prefix_calibrated_thermal_network,matched_20min,macro,2.066041312994635,1.7158787343188797,4.221430971532105,0,0,1200
external_ipmsm,external_test,6,source_thermal_network_plus_hist_gradient_residual,matched_20min,temp_winding,7.270468734822298,6.571137094973731,10.791222490909973,0,0,1200
external_ipmsm,external_test,6,source_thermal_network_plus_hist_gradient_residual,matched_20min,temp_stator_core,2.820578980482501,2.505751485864683,4.539451764927385,0,0,1200
external_ipmsm,external_test,6,source_thermal_network_plus_hist_gradient_residual,matched_20min,temp_rotor,1.43980800008922,1.1983951083854838,3.046593459578837,0,0,1200
external_ipmsm,external_test,6,source_thermal_network_plus_hist_gradient_residual,matched_20min,macro,3.843618571798007,3.4250945630746323,6.125755905138732,0,0,1200
external_ipmsm,external_test,6,published_target_specific_lptn_estimates,matched_20min,temp_winding,1.041207622368968,0.8978797442132788,2.6556143170341606,0,0,1200
external_ipmsm,external_test,6,published_target_specific_lptn_estimates,matched_20min,temp_stator_core,0.7165280077388035,0.581019309839109,1.9408363585429598,0,0,1200
external_ipmsm,external_test,6,published_target_specific_lptn_estimates,matched_20min,temp_rotor,0.4331909932269214,0.37050635543679705,0.9373079036252818,0,0,1200
external_ipmsm,external_test,6,published_target_specific_lptn_estimates,matched_20min,macro,0.7303088744448977,0.6164684698297282,1.8445861930674674,0,0,1200
external_ipmsm,external_test,7,initial_state_persistence,matched_20min,temp_winding,1.570027757666081,1.491401402095831,2.3122340700000024,0,0,1200
external_ipmsm,external_test,7,initial_state_persistence,matched_20min,temp_stator_core,1.4495649629650242,1.387354169316668,2.3477203150000037,0,0,1200
external_ipmsm,external_test,7,initial_state_persistence,matched_20min,temp_rotor,0.9756068694384123,0.873234412966666,1.67642837,0,0,1200
external_ipmsm,external_test,7,initial_state_persistence,matched_20min,macro,1.3317331966898391,1.2506633281263884,2.112127585000002,0,0,1200
external_ipmsm,external_test,7,boundary_shift_persistence,matched_20min,temp_winding,1.1021418354420465,0.9768245487458307,1.9417899099999971,0,0,1200
external_ipmsm,external_test,7,boundary_shift_persistence,matched_20min,temp_stator_core,0.9236484062659022,0.8616877057500009,1.4556770400000012,0,0,1200
external_ipmsm,external_test,7,boundary_shift_persistence,matched_20min,temp_rotor,0.600438597642961,0.49350556784999955,1.2485450599999979,0,0,1200
external_ipmsm,external_test,7,boundary_shift_persistence,matched_20min,macro,0.8754096131169699,0.777339274115277,1.5486706699999988,0,0,1200
external_ipmsm,external_test,7,source_ridge_arx,matched_20min,temp_winding,16.75330542812457,14.587046100078979,26.666284433351223,0,0,1200
external_ipmsm,external_test,7,source_ridge_arx,matched_20min,temp_stator_core,7.679594909761794,6.384289830353984,12.897010547768485,0,0,1200
external_ipmsm,external_test,7,source_ridge_arx,matched_20min,temp_rotor,9.151850461327616,7.794227901016093,15.96805828509201,0,0,1200
external_ipmsm,external_test,7,source_ridge_arx,matched_20min,macro,11.194916933071326,9.588521277149686,18.51045108873724,0,0,1200
external_ipmsm,external_test,7,source_positive_thermal_network_raw,matched_20min,temp_winding,18.41429204978557,17.700538083962883,21.82190171138719,0,0,1200
external_ipmsm,external_test,7,source_positive_thermal_network_raw,matched_20min,temp_stator_core,7.520119809271671,6.946777420568559,9.721076233356118,0,0,1200
external_ipmsm,external_test,7,source_positive_thermal_network_raw,matched_20min,temp_rotor,2.799330231528827,2.4041829781634023,4.397251291778591,0,0,1200
external_ipmsm,external_test,7,source_positive_thermal_network_raw,matched_20min,macro,9.577914030195357,9.017166160898281,11.980076412173966,0,0,1200
external_ipmsm,external_test,7,source_positive_thermal_network_normalized,matched_20min,temp_winding,18.21215338187446,16.568160424057496,26.67618293386097,0,0,1200
external_ipmsm,external_test,7,source_positive_thermal_network_normalized,matched_20min,temp_stator_core,8.118135858339736,7.0393714932754365,12.669082264841148,0,0,1200
external_ipmsm,external_test,7,source_positive_thermal_network_normalized,matched_20min,temp_rotor,7.648420462849197,6.4743069410306315,13.418588358356875,0,0,1200
external_ipmsm,external_test,7,source_positive_thermal_network_normalized,matched_20min,macro,11.326236567687799,10.02727961945452,17.587951185686332,0,0,1200
external_ipmsm,external_test,7,target_only_prefix_positive_thermal_network,matched_20min,temp_winding,0.2398474840587267,0.2000159364891276,0.5957711384133546,0,0,1200
external_ipmsm,external_test,7,target_only_prefix_positive_thermal_network,matched_20min,temp_stator_core,0.43263977108864454,0.3973885930499025,0.8876360936492773,0,0,1200
external_ipmsm,external_test,7,target_only_prefix_positive_thermal_network,matched_20min,temp_rotor,0.2606808168945434,0.21194031017261883,0.5198430064476156,0,0,1200
external_ipmsm,external_test,7,target_only_prefix_positive_thermal_network,matched_20min,macro,0.31105602401397153,0.26978161323721633,0.6677500795034158,0,0,1200
external_ipmsm,external_test,7,source_prior_prefix_calibrated_thermal_network,matched_20min,temp_winding,0.20187808722487957,0.17040739923295317,0.45091040537987936,0,0,1200
external_ipmsm,external_test,7,source_prior_prefix_calibrated_thermal_network,matched_20min,temp_stator_core,0.22421084420422596,0.18577702406840568,0.6211838203821429,0,0,1200
external_ipmsm,external_test,7,source_prior_prefix_calibrated_thermal_network,matched_20min,temp_rotor,0.13371838102257053,0.11647912516857041,0.301820306851031,0,0,1200
external_ipmsm,external_test,7,source_prior_prefix_calibrated_thermal_network,matched_20min,macro,0.18660243748389202,0.1575545161566431,0.4579715108710178,0,0,1200
external_ipmsm,external_test,7,source_thermal_network_plus_hist_gradient_residual,matched_20min,temp_winding,64.70789459950419,61.17283539604142,78.73555430174177,0,0,1200
external_ipmsm,external_test,7,source_thermal_network_plus_hist_gradient_residual,matched_20min,temp_stator_core,31.03258765203809,28.563140065137233,39.593321187560186,0,0,1200
external_ipmsm,external_test,7,source_thermal_network_plus_hist_gradient_residual,matched_20min,temp_rotor,15.882961554557882,13.747589874557365,25.583083642649928,0,0,1200
external_ipmsm,external_test,7,source_thermal_network_plus_hist_gradient_residual,matched_20min,macro,37.20781460203339,34.49452177857867,47.970653043983965,0,0,1200
external_ipmsm,external_test,7,published_target_specific_lptn_estimates,matched_20min,temp_winding,2.8877756758927497,2.8779634100965925,3.397661306973781,0,0,1200
external_ipmsm,external_test,7,published_target_specific_lptn_estimates,matched_20min,temp_stator_core,2.316920051078346,2.3079745943461716,2.8447247561008417,0,0,1200
external_ipmsm,external_test,7,published_target_specific_lptn_estimates,matched_20min,temp_rotor,0.21043114408312463,0.2008598178706774,0.33654126848396615,0,0,1200
external_ipmsm,external_test,7,published_target_specific_lptn_estimates,matched_20min,macro,1.805042290351407,1.7955992741044806,2.1929757771861964,0,0,1200
external_ipmsm,external_test,8,initial_state_persistence,matched_20min,temp_winding,9.258212232931365,7.228291666666667,17.750000000000004,0,0,1200
external_ipmsm,external_test,8,initial_state_persistence,matched_20min,temp_stator_core,5.793177560717435,4.655875000000002,10.950000000000003,0,0,1200
external_ipmsm,external_test,8,initial_state_persistence,matched_20min,temp_rotor,8.995696694729434,7.622720310408334,16.00701605,0,0,1200
external_ipmsm,external_test,8,initial_state_persistence,matched_20min,macro,8.015695496126078,6.502295659025001,14.902338683333335,0,0,1200
external_ipmsm,external_test,8,boundary_shift_persistence,matched_20min,temp_winding,9.32106583006114,7.6237750000000055,17.640000000000008,0,0,1200
external_ipmsm,external_test,8,boundary_shift_persistence,matched_20min,temp_stator_core,5.89188752650626,5.051433333333337,10.840000000000007,0,0,1200
external_ipmsm,external_test,8,boundary_shift_persistence,matched_20min,temp_rotor,9.200389006400137,8.01810364374167,16.42423794000001,0,0,1200
external_ipmsm,external_test,8,boundary_shift_persistence,matched_20min,macro,8.137780787655846,6.897770659025004,14.968079313333341,0,0,1200
external_ipmsm,external_test,8,source_ridge_arx,matched_20min,temp_winding,55.9906135110191,43.63001012492019,95.05833407323743,0,0,1200
external_ipmsm,external_test,8,source_ridge_arx,matched_20min,temp_stator_core,26.823776574476085,20.127967114743832,49.71596575815712,0,0,1200
external_ipmsm,external_test,8,source_ridge_arx,matched_20min,temp_rotor,11.557755459156857,7.98901368946529,24.259058540597216,0,0,1200
external_ipmsm,external_test,8,source_ridge_arx,matched_20min,macro,31.45738184821734,23.915663643043104,56.34445279066392,0,0,1200
external_ipmsm,external_test,8,source_positive_thermal_network_raw,matched_20min,temp_winding,32.25490697337341,24.51391188559448,63.156995180179045,0,0,1200
external_ipmsm,external_test,8,source_positive_thermal_network_raw,matched_20min,temp_stator_core,15.54094378851727,11.598727640033996,28.96200203603275,0,0,1200
external_ipmsm,external_test,8,source_positive_thermal_network_raw,matched_20min,temp_rotor,5.768125785166666,4.0824545076202865,11.801484623656862,0,0,1200
external_ipmsm,external_test,8,source_positive_thermal_network_raw,matched_20min,macro,17.854658849019113,13.398364677749589,34.64016061328955,0,0,1200
external_ipmsm,external_test,8,source_positive_thermal_network_normalized,matched_20min,temp_winding,91.21660913820718,71.06667089359915,155.64093885028652,0,0,1200
external_ipmsm,external_test,8,source_positive_thermal_network_normalized,matched_20min,temp_stator_core,44.93703167249161,33.81878482073068,76.76485237962972,0,0,1200
external_ipmsm,external_test,8,source_positive_thermal_network_normalized,matched_20min,temp_rotor,20.81405054679363,14.186936570765125,41.24508998303043,0,0,1200
external_ipmsm,external_test,8,source_positive_thermal_network_normalized,matched_20min,macro,52.3225637858308,39.69079742836498,91.21696040431556,0,0,1200
external_ipmsm,external_test,8,target_only_prefix_positive_thermal_network,matched_20min,temp_winding,7.929477862699285,5.771306682799091,15.85889037446941,0,0,1200
external_ipmsm,external_test,8,target_only_prefix_positive_thermal_network,matched_20min,temp_stator_core,4.951111920342342,3.7751521051482073,9.700857912182432,0,0,1200
external_ipmsm,external_test,8,target_only_prefix_positive_thermal_network,matched_20min,temp_rotor,9.240637506412014,7.66011661603779,15.732032777398963,0,0,1200
external_ipmsm,external_test,8,target_only_prefix_positive_thermal_network,matched_20min,macro,7.373742429817881,5.735525134661696,13.76392702135027,0,0,1200
external_ipmsm,external_test,8,source_prior_prefix_calibrated_thermal_network,matched_20min,temp_winding,3.000780652234838,2.2838526207475813,6.04131465326568,0,0,1200
external_ipmsm,external_test,8,source_prior_prefix_calibrated_thermal_network,matched_20min,temp_stator_core,2.0920078958590174,1.7584104933357754,4.074218407366569,0,0,1200
external_ipmsm,external_test,8,source_prior_prefix_calibrated_thermal_network,matched_20min,temp_rotor,7.763894803358549,6.375004178734561,15.362107834082934,0,0,1200
external_ipmsm,external_test,8,source_prior_prefix_calibrated_thermal_network,matched_20min,macro,4.2855611171508015,3.472422430939306,8.492546964905062,0,0,1200
external_ipmsm,external_test,8,source_thermal_network_plus_hist_gradient_residual,matched_20min,temp_winding,84.34485251371363,70.00716458711985,139.03294566561826,0,0,1200
external_ipmsm,external_test,8,source_thermal_network_plus_hist_gradient_residual,matched_20min,temp_stator_core,42.15608614539564,34.37893035936909,69.42953842802787,0,0,1200
external_ipmsm,external_test,8,source_thermal_network_plus_hist_gradient_residual,matched_20min,temp_rotor,27.263930064405372,23.578038443471357,48.44952455614693,0,0,1200
external_ipmsm,external_test,8,source_thermal_network_plus_hist_gradient_residual,matched_20min,macro,51.25495624117155,42.654711129986765,85.63733621659769,0,0,1200
external_ipmsm,external_test,8,published_target_specific_lptn_estimates,matched_20min,temp_winding,3.244188424359326,2.5607539805332644,6.662549411653522,0,0,1200
external_ipmsm,external_test,8,published_target_specific_lptn_estimates,matched_20min,temp_stator_core,4.367766140758776,3.964141791576341,7.472788975653401,0,0,1200
external_ipmsm,external_test,8,published_target_specific_lptn_estimates,matched_20min,temp_rotor,4.074235725386469,3.968814731044612,6.440253233234095,0,0,1200
external_ipmsm,external_test,8,published_target_specific_lptn_estimates,matched_20min,macro,3.8953967635015236,3.4979035010514057,6.85853054018034,0,0,1200
external_ipmsm,external_test,9,initial_state_persistence,matched_20min,temp_winding,10.23568085180463,7.642166666666665,23.4,0,0,1200
external_ipmsm,external_test,9,initial_state_persistence,matched_20min,temp_stator_core,6.1804316529403245,4.688625,14.0,0,0,1200
external_ipmsm,external_test,9,initial_state_persistence,matched_20min,temp_rotor,12.015528056159333,10.270112608733335,22.106967479999998,0,0,1200
external_ipmsm,external_test,9,initial_state_persistence,matched_20min,macro,9.47721352030143,7.533634758466667,19.835655826666667,0,0,1200
external_ipmsm,external_test,9,boundary_shift_persistence,matched_20min,temp_winding,10.036602803405808,7.512999999999999,22.700000000000003,0,0,1200
external_ipmsm,external_test,9,boundary_shift_persistence,matched_20min,temp_stator_core,5.979739577662784,4.561541666666669,13.3,0,0,1200
external_ipmsm,external_test,9,boundary_shift_persistence,matched_20min,temp_rotor,11.82765864403336,10.1122792754,21.60216794,0,0,1200
external_ipmsm,external_test,9,boundary_shift_persistence,matched_20min,macro,9.281333675033983,7.395606980688889,19.200722646666666,0,0,1200
external_ipmsm,external_test,9,source_ridge_arx,matched_20min,temp_winding,11.205795842771645,8.410861891688867,24.20589878168932,0,0,1200
external_ipmsm,external_test,9,source_ridge_arx,matched_20min,temp_stator_core,5.032830920062442,4.111903269444591,11.486563382180837,0,0,1200
external_ipmsm,external_test,9,source_ridge_arx,matched_20min,temp_rotor,4.388543766734359,3.137564363043074,11.40983069620222,0,0,1200
external_ipmsm,external_test,9,source_ridge_arx,matched_20min,macro,6.875723509856148,5.220109841392177,15.700764286690793,0,0,1200
external_ipmsm,external_test,9,source_positive_thermal_network_raw,matched_20min,temp_winding,66.26473460881017,56.41100221870878,129.79253458493582,0,0,1200
external_ipmsm,external_test,9,source_positive_thermal_network_raw,matched_20min,temp_stator_core,31.657715350587345,27.1036797478329,58.18834248952735,0,0,1200
external_ipmsm,external_test,9,source_positive_thermal_network_raw,matched_20min,temp_rotor,19.53574867107052,17.068009712528244,31.545137755092625,0,0,1200
external_ipmsm,external_test,9,source_positive_thermal_network_raw,matched_20min,macro,39.152732876822675,33.527563893023306,73.17533827651859,0,0,1200
external_ipmsm,external_test,9,source_positive_thermal_network_normalized,matched_20min,temp_winding,5.698611091042475,4.343513634907852,11.027509092169204,0,0,1200
external_ipmsm,external_test,9,source_positive_thermal_network_normalized,matched_20min,temp_stator_core,2.95897062230531,2.6418619576381843,4.88084822164722,0,0,1200
external_ipmsm,external_test,9,source_positive_thermal_network_normalized,matched_20min,temp_rotor,6.117346071193448,4.916912388512807,13.50609464913218,0,0,1200
external_ipmsm,external_test,9,source_positive_thermal_network_normalized,matched_20min,macro,4.9249759281804115,3.9674293270196146,9.804817320982869,0,0,1200
external_ipmsm,external_test,9,target_only_prefix_positive_thermal_network,matched_20min,temp_winding,1.5570210672646738,1.1375153289604623,5.202234459243808,0,0,1200
external_ipmsm,external_test,9,target_only_prefix_positive_thermal_network,matched_20min,temp_stator_core,1.2646392421350074,0.8113738712274011,5.0732608476765115,0,0,1200
external_ipmsm,external_test,9,target_only_prefix_positive_thermal_network,matched_20min,temp_rotor,9.671921602744963,8.094771897509691,19.182620885699276,0,0,1200
external_ipmsm,external_test,9,target_only_prefix_positive_thermal_network,matched_20min,macro,4.164527304048215,3.347887032565852,9.819372064206531,0,0,1200
external_ipmsm,external_test,9,source_prior_prefix_calibrated_thermal_network,matched_20min,temp_winding,5.908112587882439,5.228140155729918,10.160638010359207,0,0,1200
external_ipmsm,external_test,9,source_prior_prefix_calibrated_thermal_network,matched_20min,temp_stator_core,3.95604355086815,3.5517300688733227,6.7281193497872565,0,0,1200
external_ipmsm,external_test,9,source_prior_prefix_calibrated_thermal_network,matched_20min,temp_rotor,6.084452217067409,4.8922602671475435,14.035692051998456,0,0,1200
external_ipmsm,external_test,9,source_prior_prefix_calibrated_thermal_network,matched_20min,macro,5.316202785272666,4.557376830583594,10.308149804048307,0,0,1200
external_ipmsm,external_test,9,source_thermal_network_plus_hist_gradient_residual,matched_20min,temp_winding,2.980846669636356,2.54170890362141,5.611167435109458,0,0,1200
external_ipmsm,external_test,9,source_thermal_network_plus_hist_gradient_residual,matched_20min,temp_stator_core,2.573734214132068,2.0373340427054947,5.751293021185305,0,0,1200
external_ipmsm,external_test,9,source_thermal_network_plus_hist_gradient_residual,matched_20min,temp_rotor,3.267875328521988,2.5568444955882783,7.011766336596807,0,0,1200
external_ipmsm,external_test,9,source_thermal_network_plus_hist_gradient_residual,matched_20min,macro,2.940818737430137,2.3786291473050607,6.12474226429719,0,0,1200
external_ipmsm,external_test,9,published_target_specific_lptn_estimates,matched_20min,temp_winding,7.683700806637075,6.257064104028447,16.16980513080489,0,0,1200
external_ipmsm,external_test,9,published_target_specific_lptn_estimates,matched_20min,temp_stator_core,7.667608801321761,6.5808799438841445,14.49886333629376,0,0,1200
external_ipmsm,external_test,9,published_target_specific_lptn_estimates,matched_20min,temp_rotor,4.3133650630090665,3.410809975817995,9.745573428189111,0,0,1200
external_ipmsm,external_test,9,published_target_specific_lptn_estimates,matched_20min,macro,6.5548915569893005,5.416251341243529,13.47141396509592,0,0,1200
external_ipmsm,external_test,10,initial_state_persistence,matched_20min,temp_winding,15.01839746777265,12.059416666666664,30.099999999999994,0,0,1200
external_ipmsm,external_test,10,initial_state_persistence,matched_20min,temp_stator_core,8.696450065975196,6.9773749999999986,17.65,0,0,1200
external_ipmsm,external_test,10,initial_state_persistence,matched_20min,temp_rotor,15.656644415663802,14.219183509,24.785011609999998,0,0,1200
external_ipmsm,external_test,10,initial_state_persistence,matched_20min,macro,13.123830649803883,11.085325058555554,24.17833720333333,0,0,1200
external_ipmsm,external_test,10,boundary_shift_persistence,matched_20min,temp_winding,14.486909752140606,11.589999999999998,29.39999999999999,0,0,1200
external_ipmsm,external_test,10,boundary_shift_persistence,matched_20min,temp_stator_core,8.162821586314378,6.504208333333332,16.900000000000006,0,0,1200
external_ipmsm,external_test,10,boundary_shift_persistence,matched_20min,temp_rotor,15.177296195766331,13.784016842333333,24.135011609999992,0,0,1200
external_ipmsm,external_test,10,boundary_shift_persistence,matched_20min,macro,12.609009178073771,10.626075058555555,23.47833720333333,0,0,1200
external_ipmsm,external_test,10,source_ridge_arx,matched_20min,temp_winding,30.699502676195294,23.58205554079223,51.66940832175707,0,0,1200
external_ipmsm,external_test,10,source_ridge_arx,matched_20min,temp_stator_core,14.55238719546112,10.353435307470905,27.653026911767817,0,0,1200
external_ipmsm,external_test,10,source_ridge_arx,matched_20min,temp_rotor,5.741964682350332,4.752171118164329,12.42672229312641,0,0,1200
external_ipmsm,external_test,10,source_ridge_arx,matched_20min,macro,16.99795151800225,12.895887322142487,30.583052508883764,0,0,1200
external_ipmsm,external_test,10,source_positive_thermal_network_raw,matched_20min,temp_winding,74.38293527120966,63.45349335992944,142.2168519602173,0,0,1200
external_ipmsm,external_test,10,source_positive_thermal_network_raw,matched_20min,temp_stator_core,36.162642447701835,31.03366412311026,65.38269829257348,0,0,1200
external_ipmsm,external_test,10,source_positive_thermal_network_raw,matched_20min,temp_rotor,22.416283585422118,19.376489431550382,39.22510693970167,0,0,1200
external_ipmsm,external_test,10,source_positive_thermal_network_raw,matched_20min,macro,44.32062043477787,37.95454897153002,82.27488573083082,0,0,1200
external_ipmsm,external_test,10,source_positive_thermal_network_normalized,matched_20min,temp_winding,45.30168841115751,40.20261946825118,65.64053586530173,0,0,1200
external_ipmsm,external_test,10,source_positive_thermal_network_normalized,matched_20min,temp_stator_core,21.702639941000523,18.203960576989022,34.00166082695408,0,0,1200
external_ipmsm,external_test,10,source_positive_thermal_network_normalized,matched_20min,temp_rotor,5.545224013785492,4.747596153614532,9.961820587189017,0,0,1200
external_ipmsm,external_test,10,source_positive_thermal_network_normalized,matched_20min,macro,24.18318412198117,21.05139206628491,36.53467242648161,0,0,1200
external_ipmsm,external_test,10,target_only_prefix_positive_thermal_network,matched_20min,temp_winding,12.785199415524447,10.224881832320923,21.73972465822397,0,0,1200
external_ipmsm,external_test,10,target_only_prefix_positive_thermal_network,matched_20min,temp_stator_core,10.133596603154556,8.977283790380072,15.773647910171583,0,0,1200
external_ipmsm,external_test,10,target_only_prefix_positive_thermal_network,matched_20min,temp_rotor,7.939539838083822,6.104642315400283,13.526286422055414,0,0,1200
external_ipmsm,external_test,10,target_only_prefix_positive_thermal_network,matched_20min,macro,10.286111952254275,8.43560264603376,17.013219663483657,0,0,1200
external_ipmsm,external_test,10,source_prior_prefix_calibrated_thermal_network,matched_20min,temp_winding,16.381134098004573,14.600656559600218,24.847714855414694,0,0,1200
external_ipmsm,external_test,10,source_prior_prefix_calibrated_thermal_network,matched_20min,temp_stator_core,12.756773549658641,11.459501151605426,19.04001164147445,0,0,1200
external_ipmsm,external_test,10,source_prior_prefix_calibrated_thermal_network,matched_20min,temp_rotor,6.678723881176669,4.924812840715661,10.657728392008721,0,0,1200
external_ipmsm,external_test,10,source_prior_prefix_calibrated_thermal_network,matched_20min,macro,11.93887717627996,10.328323517307101,18.181818296299287,0,0,1200
external_ipmsm,external_test,10,source_thermal_network_plus_hist_gradient_residual,matched_20min,temp_winding,39.77870868982579,34.76037913813975,67.43619143036892,0,0,1200
external_ipmsm,external_test,10,source_thermal_network_plus_hist_gradient_residual,matched_20min,temp_stator_core,18.202577051394197,15.651685953346885,29.571011565876233,0,0,1200
external_ipmsm,external_test,10,source_thermal_network_plus_hist_gradient_residual,matched_20min,temp_rotor,4.77155986745175,4.010389943390234,9.687550641528489,0,0,1200
external_ipmsm,external_test,10,source_thermal_network_plus_hist_gradient_residual,matched_20min,macro,20.91761520289058,18.140818344958955,35.564917879257884,0,0,1200
external_ipmsm,external_test,10,published_target_specific_lptn_estimates,matched_20min,temp_winding,10.61515355035758,8.375588774182217,22.898185456591065,0,0,1200
external_ipmsm,external_test,10,published_target_specific_lptn_estimates,matched_20min,temp_stator_core,9.876359893083043,8.145582066830677,19.68007483707551,0,0,1200
external_ipmsm,external_test,10,published_target_specific_lptn_estimates,matched_20min,temp_rotor,2.585318405317229,2.3383099223913044,4.828068627834533,0,0,1200
external_ipmsm,external_test,10,published_target_specific_lptn_estimates,matched_20min,macro,7.692277282919284,6.2864935878014,15.802109640500369,0,0,1200
external_ipmsm,external_test,11,initial_state_persistence,matched_20min,temp_winding,5.696674102784301,4.411583333333332,12.200000000000003,0,0,1200
external_ipmsm,external_test,11,initial_state_persistence,matched_20min,temp_stator_core,2.8873235876846217,2.208416666666666,6.849999999999998,0,0,1200
external_ipmsm,external_test,11,initial_state_persistence,matched_20min,temp_rotor,8.516003659077159,7.514828411541666,12.449161070000002,0,0,1200
external_ipmsm,external_test,11,initial_state_persistence,matched_20min,macro,5.7000004498486945,4.711609470513888,10.499720356666668,0,0,1200
external_ipmsm,external_test,11,boundary_shift_persistence,matched_20min,temp_winding,5.600292775084768,4.353916666666666,12.100000000000009,0,0,1200
external_ipmsm,external_test,11,boundary_shift_persistence,matched_20min,temp_stator_core,2.7899014319505984,2.1348333333333334,6.799999999999997,0,0,1200
external_ipmsm,external_test,11,boundary_shift_persistence,matched_20min,temp_rotor,8.33316172727778,7.352581290458336,12.599161070000005,0,0,1200
external_ipmsm,external_test,11,boundary_shift_persistence,matched_20min,macro,5.574451978104382,4.613777096819445,10.49972035666667,0,0,1200
external_ipmsm,external_test,11,source_ridge_arx,matched_20min,temp_winding,11.765441902066827,8.981956557186031,22.190941614444128,0,0,1200
external_ipmsm,external_test,11,source_ridge_arx,matched_20min,temp_stator_core,5.236196673344864,3.903904656679929,10.75990973538568,0,0,1200
external_ipmsm,external_test,11,source_ridge_arx,matched_20min,temp_rotor,1.6583798792708644,1.3672383403595612,3.645728064112859,0,0,1200
external_ipmsm,external_test,11,source_ridge_arx,matched_20min,macro,6.220006151560852,4.75103318474184,12.198859804647554,0,0,1200
external_ipmsm,external_test,11,source_positive_thermal_network_raw,matched_20min,temp_winding,48.56238286903135,44.964863916212046,85.28038313374464,0,0,1200
external_ipmsm,external_test,11,source_positive_thermal_network_raw,matched_20min,temp_stator_core,23.353978225194314,21.451797148666763,37.8864734583426,0,0,1200
external_ipmsm,external_test,11,source_positive_thermal_network_raw,matched_20min,temp_rotor,11.867407453963445,10.864257029422312,16.469282342519477,0,0,1200
external_ipmsm,external_test,11,source_positive_thermal_network_raw,matched_20min,macro,27.927922849396367,25.760306031433704,46.54537964486891,0,0,1200
external_ipmsm,external_test,11,source_positive_thermal_network_normalized,matched_20min,temp_winding,7.260311741427221,6.30168260324534,11.449835601194692,0,0,1200
external_ipmsm,external_test,11,source_positive_thermal_network_normalized,matched_20min,temp_stator_core,2.811421600189294,2.231467291791439,5.120475781355346,0,0,1200
external_ipmsm,external_test,11,source_positive_thermal_network_normalized,matched_20min,temp_rotor,3.0282406221738185,2.7244527043189173,4.842830424598198,0,0,1200
external_ipmsm,external_test,11,source_positive_thermal_network_normalized,matched_20min,macro,4.366657987930111,3.752534199785232,7.137713935716079,0,0,1200
external_ipmsm,external_test,11,target_only_prefix_positive_thermal_network,matched_20min,temp_winding,4.988003908423984,4.067421295019229,11.674169799169682,0,0,1200
external_ipmsm,external_test,11,target_only_prefix_positive_thermal_network,matched_20min,temp_stator_core,2.415232606091768,2.083828936515172,5.346109708929802,0,0,1200
external_ipmsm,external_test,11,target_only_prefix_positive_thermal_network,matched_20min,temp_rotor,11.1615686797393,9.98528384311351,17.10557328278581,0,0,1200
external_ipmsm,external_test,11,target_only_prefix_positive_thermal_network,matched_20min,macro,6.188268398085017,5.378844691549304,11.37528426362843,0,0,1200
external_ipmsm,external_test,11,source_prior_prefix_calibrated_thermal_network,matched_20min,temp_winding,7.277603093048848,6.267406314890001,11.788846299914717,0,0,1200
external_ipmsm,external_test,11,source_prior_prefix_calibrated_thermal_network,matched_20min,temp_stator_core,6.038062737985556,5.5087620845034175,8.757447347512887,0,0,1200
external_ipmsm,external_test,11,source_prior_prefix_calibrated_thermal_network,matched_20min,temp_rotor,4.577103092932432,3.426365307144416,9.646294472919262,0,0,1200
external_ipmsm,external_test,11,source_prior_prefix_calibrated_thermal_network,matched_20min,macro,5.964256307988946,5.067511235512612,10.064196040115622,0,0,1200
external_ipmsm,external_test,11,source_thermal_network_plus_hist_gradient_residual,matched_20min,temp_winding,18.377865465276333,16.772582109783098,33.802926412186736,0,0,1200
external_ipmsm,external_test,11,source_thermal_network_plus_hist_gradient_residual,matched_20min,temp_stator_core,8.075036784147514,7.205106339800984,14.272745329478298,0,0,1200
external_ipmsm,external_test,11,source_thermal_network_plus_hist_gradient_residual,matched_20min,temp_rotor,0.8658718321988996,0.754946632742934,2.094682503642744,0,0,1200
external_ipmsm,external_test,11,source_thermal_network_plus_hist_gradient_residual,matched_20min,macro,9.106258027207582,8.244211694109007,16.72345141510259,0,0,1200
external_ipmsm,external_test,11,published_target_specific_lptn_estimates,matched_20min,temp_winding,4.635829294473125,3.881352099336116,8.407442691309726,0,0,1200
external_ipmsm,external_test,11,published_target_specific_lptn_estimates,matched_20min,temp_stator_core,5.384181740198689,4.961661622350009,8.683666730343724,0,0,1200
external_ipmsm,external_test,11,published_target_specific_lptn_estimates,matched_20min,temp_rotor,2.785564681512634,2.547978106738761,4.58898027015109,0,0,1200
external_ipmsm,external_test,11,published_target_specific_lptn_estimates,matched_20min,macro,4.26852523872815,3.7969972761416284,7.226696563934847,0,0,1200
external_ipmsm,external_test,12,initial_state_persistence,matched_20min,temp_winding,4.977736475213071,4.556541666666664,9.400000000000006,0,0,1200
external_ipmsm,external_test,12,initial_state_persistence,matched_20min,temp_stator_core,2.8491903089591366,2.607624999999999,5.0,0,0,1200
external_ipmsm,external_test,12,initial_state_persistence,matched_20min,temp_rotor,4.4857684898049595,3.7083898259499977,7.9826196599999975,0,0,1200
external_ipmsm,external_test,12,initial_state_persistence,matched_20min,macro,4.104231757992388,3.6241854975388867,7.460873220000001,0,0,1200
external_ipmsm,external_test,12,boundary_shift_persistence,matched_20min,temp_winding,4.776115925449604,4.242499999999999,10.25,0,0,1200
external_ipmsm,external_test,12,boundary_shift_persistence,matched_20min,temp_stator_core,2.699502268937739,2.3180000000000005,6.049999999999997,0,0,1200
external_ipmsm,external_test,12,boundary_shift_persistence,matched_20min,temp_rotor,5.386060983843422,4.507367350883328,8.682619659999993,0,0,1200
external_ipmsm,external_test,12,boundary_shift_persistence,matched_20min,macro,4.287226392743588,3.6892891169611093,8.327539886666663,0,0,1200
external_ipmsm,external_test,12,source_ridge_arx,matched_20min,temp_winding,10.175632983581371,8.410638412007014,17.21315996048287,0,0,1200
external_ipmsm,external_test,12,source_ridge_arx,matched_20min,temp_stator_core,4.410926480342789,3.585829153194815,8.34921704428599,0,0,1200
external_ipmsm,external_test,12,source_ridge_arx,matched_20min,temp_rotor,1.9107637742939652,1.4384026906309444,5.179052404275723,0,0,1200
external_ipmsm,external_test,12,source_ridge_arx,matched_20min,macro,5.499107746072709,4.4782900852775915,10.247143136348194,0,0,1200
external_ipmsm,external_test,12,source_positive_thermal_network_raw,matched_20min,temp_winding,32.97035324990408,25.525741810576744,72.28345021645221,0,0,1200
external_ipmsm,external_test,12,source_positive_thermal_network_raw,matched_20min,temp_stator_core,15.093676599379185,11.569080573344666,30.102916883276507,0,0,1200
external_ipmsm,external_test,12,source_positive_thermal_network_raw,matched_20min,temp_rotor,3.5612901281546585,3.035804395199379,7.336190880011749,0,0,1200
external_ipmsm,external_test,12,source_positive_thermal_network_raw,matched_20min,macro,17.20843999247931,13.376875593040262,36.57418599324682,0,0,1200
external_ipmsm,external_test,12,source_positive_thermal_network_normalized,matched_20min,temp_winding,2.6831007532796805,2.249576792192599,5.164314802187583,0,0,1200
external_ipmsm,external_test,12,source_positive_thermal_network_normalized,matched_20min,temp_stator_core,1.9935630337072514,1.458390210601902,4.953924086908518,0,0,1200
external_ipmsm,external_test,12,source_positive_thermal_network_normalized,matched_20min,temp_rotor,5.868374027106205,4.996418097971486,9.16816318644041,0,0,1200
external_ipmsm,external_test,12,source_positive_thermal_network_normalized,matched_20min,macro,3.5150126046977124,2.9014617002553287,6.428800691845503,0,0,1200
external_ipmsm,external_test,12,target_only_prefix_positive_thermal_network,matched_20min,temp_winding,5.140422669435993,3.8046751810370347,11.855365782330516,0,0,1200
external_ipmsm,external_test,12,target_only_prefix_positive_thermal_network,matched_20min,temp_stator_core,2.6575067763983573,1.9609785551154764,6.527563480890191,0,0,1200
external_ipmsm,external_test,12,target_only_prefix_positive_thermal_network,matched_20min,temp_rotor,7.542199152750358,6.9419562329440625,11.09668595598356,0,0,1200
external_ipmsm,external_test,12,target_only_prefix_positive_thermal_network,matched_20min,macro,5.113376199528236,4.235869989698858,9.826538406401422,0,0,1200
external_ipmsm,external_test,12,source_prior_prefix_calibrated_thermal_network,matched_20min,temp_winding,2.227942284741983,1.7280193789552383,6.176063020669794,0,0,1200
external_ipmsm,external_test,12,source_prior_prefix_calibrated_thermal_network,matched_20min,temp_stator_core,1.57001874513231,1.2722117929693404,3.571543422800225,0,0,1200
external_ipmsm,external_test,12,source_prior_prefix_calibrated_thermal_network,matched_20min,temp_rotor,6.023810898830856,5.425832591066299,9.020141300527825,0,0,1200
external_ipmsm,external_test,12,source_prior_prefix_calibrated_thermal_network,matched_20min,macro,3.27392397623505,2.8086879209969595,6.255915914665948,0,0,1200
external_ipmsm,external_test,12,source_thermal_network_plus_hist_gradient_residual,matched_20min,temp_winding,3.817895834030338,3.1045067857348596,8.77592257232213,0,0,1200
external_ipmsm,external_test,12,source_thermal_network_plus_hist_gradient_residual,matched_20min,temp_stator_core,2.2215949142277682,1.8308230767124996,3.9890677007156086,0,0,1200
external_ipmsm,external_test,12,source_thermal_network_plus_hist_gradient_residual,matched_20min,temp_rotor,2.71152438855037,2.232513709228316,5.338475210568298,0,0,1200
external_ipmsm,external_test,12,source_thermal_network_plus_hist_gradient_residual,matched_20min,macro,2.9170050456028256,2.3892811905585583,6.034488494535346,0,0,1200
external_ipmsm,external_test,12,published_target_specific_lptn_estimates,matched_20min,temp_winding,1.9557504205983407,1.4526374861119256,4.945842209434488,0,0,1200
external_ipmsm,external_test,12,published_target_specific_lptn_estimates,matched_20min,temp_stator_core,2.7399271173284476,2.150951815118555,6.278682006320182,0,0,1200
external_ipmsm,external_test,12,published_target_specific_lptn_estimates,matched_20min,temp_rotor,2.2148660515391674,1.9106466906124262,4.328823779465253,0,0,1200
external_ipmsm,external_test,12,published_target_specific_lptn_estimates,matched_20min,macro,2.3035145298219852,1.8380786639476356,5.184449331739974,0,0,1200
external_ipmsm,external_test,13,initial_state_persistence,matched_20min,temp_winding,10.001723393162468,8.984583333333335,17.300000000000004,0,0,1200
external_ipmsm,external_test,13,initial_state_persistence,matched_20min,temp_stator_core,6.042771508174043,5.391833333333334,10.25,0,0,1200
external_ipmsm,external_test,13,initial_state_persistence,matched_20min,temp_rotor,10.024402891888437,8.790101818608331,16.754576779999997,0,0,1200
external_ipmsm,external_test,13,initial_state_persistence,matched_20min,macro,8.68963259774165,7.722172828424999,14.768192260000001,0,0,1200
external_ipmsm,external_test,13,boundary_shift_persistence,matched_20min,temp_winding,9.06104700995788,8.298874999999999,15.8,0,0,1200
external_ipmsm,external_test,13,boundary_shift_persistence,matched_20min,temp_stator_core,5.0879709036772836,4.672041666666664,8.749999999999996,0,0,1200
external_ipmsm,external_test,13,boundary_shift_persistence,matched_20min,temp_rotor,9.04864352283831,8.104809387691661,15.068774539999996,0,0,1200
external_ipmsm,external_test,13,boundary_shift_persistence,matched_20min,macro,7.732553812157825,7.025242018119442,13.206258179999997,0,0,1200
external_ipmsm,external_test,13,source_ridge_arx,matched_20min,temp_winding,31.668999789502593,26.503855773307357,57.14020852528195,0,0,1200
external_ipmsm,external_test,13,source_ridge_arx,matched_20min,temp_stator_core,14.421274369225516,11.646848915119143,28.34358067895614,0,0,1200
external_ipmsm,external_test,13,source_ridge_arx,matched_20min,temp_rotor,6.252130942587538,4.643938762111151,14.597132060612807,0,0,1200
external_ipmsm,external_test,13,source_ridge_arx,matched_20min,macro,17.447468367105216,14.264881150179216,33.36030708828363,0,0,1200
external_ipmsm,external_test,13,source_positive_thermal_network_raw,matched_20min,temp_winding,37.37396201396122,33.689898689294495,66.71223028851526,0,0,1200
external_ipmsm,external_test,13,source_positive_thermal_network_raw,matched_20min,temp_stator_core,16.93668384687698,15.080590365617534,26.177141339622203,0,0,1200
external_ipmsm,external_test,13,source_positive_thermal_network_raw,matched_20min,temp_rotor,9.05070225663956,7.4920328513742875,17.52815460077835,0,0,1200
external_ipmsm,external_test,13,source_positive_thermal_network_raw,matched_20min,macro,21.120449372492587,18.754173968762107,36.805842076305275,0,0,1200
external_ipmsm,external_test,13,source_positive_thermal_network_normalized,matched_20min,temp_winding,47.95267360637258,42.12782943524928,79.8890506341916,0,0,1200
external_ipmsm,external_test,13,source_positive_thermal_network_normalized,matched_20min,temp_stator_core,22.555983819999053,19.188585832399564,40.14716100628439,0,0,1200
external_ipmsm,external_test,13,source_positive_thermal_network_normalized,matched_20min,temp_rotor,11.722608047693095,9.100837648047653,24.94556357189574,0,0,1200
external_ipmsm,external_test,13,source_positive_thermal_network_normalized,matched_20min,macro,27.410421824688243,23.472417638565503,48.32725840412391,0,0,1200
external_ipmsm,external_test,13,target_only_prefix_positive_thermal_network,matched_20min,temp_winding,4.857633829803358,4.0816786334659145,9.987537097999027,0,0,1200
external_ipmsm,external_test,13,target_only_prefix_positive_thermal_network,matched_20min,temp_stator_core,2.8930115653257493,2.345591135296826,6.0091611570261705,0,0,1200
external_ipmsm,external_test,13,target_only_prefix_positive_thermal_network,matched_20min,temp_rotor,8.628423870307426,7.540248072460451,14.180650546388957,0,0,1200
external_ipmsm,external_test,13,target_only_prefix_positive_thermal_network,matched_20min,macro,5.4596897551455115,4.65583928040773,10.059116267138052,0,0,1200
external_ipmsm,external_test,13,source_prior_prefix_calibrated_thermal_network,matched_20min,temp_winding,3.6169396288844156,2.777329922450111,11.284937898372547,0,0,1200
external_ipmsm,external_test,13,source_prior_prefix_calibrated_thermal_network,matched_20min,temp_stator_core,3.029380718068959,2.0726023288338284,9.131052385131817,0,0,1200
external_ipmsm,external_test,13,source_prior_prefix_calibrated_thermal_network,matched_20min,temp_rotor,5.80358459002341,4.984577931048764,9.668174334671548,0,0,1200
external_ipmsm,external_test,13,source_prior_prefix_calibrated_thermal_network,matched_20min,macro,4.149968312325595,3.2781700607775677,10.028054872725304,0,0,1200
external_ipmsm,external_test,13,source_thermal_network_plus_hist_gradient_residual,matched_20min,temp_winding,53.929853340593645,50.993669741279845,69.9802959122401,0,0,1200
external_ipmsm,external_test,13,source_thermal_network_plus_hist_gradient_residual,matched_20min,temp_stator_core,25.772439214381937,23.80587328751034,36.12161640676864,0,0,1200
external_ipmsm,external_test,13,source_thermal_network_plus_hist_gradient_residual,matched_20min,temp_rotor,17.784421426378714,15.720999587707034,27.44643312750506,0,0,1200
external_ipmsm,external_test,13,source_thermal_network_plus_hist_gradient_residual,matched_20min,macro,32.4955713271181,30.17351420549907,44.51611514883793,0,0,1200
external_ipmsm,external_test,13,published_target_specific_lptn_estimates,matched_20min,temp_winding,3.166728381848461,2.579081458137052,7.9467065592615995,0,0,1200
external_ipmsm,external_test,13,published_target_specific_lptn_estimates,matched_20min,temp_stator_core,3.9495420883087307,3.616571943188483,7.822465199463863,0,0,1200
external_ipmsm,external_test,13,published_target_specific_lptn_estimates,matched_20min,temp_rotor,2.0925180498313494,1.8689908928348185,4.071105654655945,0,0,1200
external_ipmsm,external_test,13,published_target_specific_lptn_estimates,matched_20min,macro,3.0695961733295136,2.6882147647201173,6.613425804460469,0,0,1200
external_ipmsm,external_test,14,initial_state_persistence,matched_20min,temp_winding,2.2768021834611325,2.0959854113291674,3.55489339,0,0,1200
external_ipmsm,external_test,14,initial_state_persistence,matched_20min,temp_stator_core,1.4135831141715283,1.3447180775125007,2.0795106600000004,0,0,1200
external_ipmsm,external_test,14,initial_state_persistence,matched_20min,temp_rotor,0.4707096891719109,0.40127357771666716,0.8698097699999998,0,0,1200
external_ipmsm,external_test,14,initial_state_persistence,matched_20min,macro,1.3870316622681906,1.2806590221861118,2.1680712733333336,0,0,1200
external_ipmsm,external_test,14,boundary_shift_persistence,matched_20min,temp_winding,2.4087925963794232,2.2106432806041685,3.9493421449999992,0,0,1200
external_ipmsm,external_test,14,boundary_shift_persistence,matched_20min,temp_stator_core,1.5402352310929575,1.459705607879168,2.240807855,0,0,1200
external_ipmsm,external_test,14,boundary_shift_persistence,matched_20min,temp_rotor,0.8379870965030604,0.7110719893500004,1.4335642900000032,0,0,1200
external_ipmsm,external_test,14,boundary_shift_persistence,matched_20min,macro,1.595671641325147,1.4604736259444457,2.5412380966666674,0,0,1200
external_ipmsm,external_test,14,source_ridge_arx,matched_20min,temp_winding,145.54524250641475,121.47731552231484,228.114123105,306,0,1200
external_ipmsm,external_test,14,source_ridge_arx,matched_20min,temp_stator_core,72.81368464518678,58.68654526999773,125.10441421390948,306,0,1200
external_ipmsm,external_test,14,source_ridge_arx,matched_20min,temp_rotor,41.10183508166245,31.64873423174551,85.58656868691052,306,0,1200
external_ipmsm,external_test,14,source_ridge_arx,matched_20min,macro,86.48692074442134,70.6041983413527,146.26836866860668,306,0,1200
external_ipmsm,external_test,14,source_positive_thermal_network_raw,matched_20min,temp_winding,2.339792524916079,1.8161312912025218,4.849242649840132,0,0,1200
external_ipmsm,external_test,14,source_positive_thermal_network_raw,matched_20min,temp_stator_core,0.8519476234726375,0.6514918019410373,1.83664450383338,0,0,1200
external_ipmsm,external_test,14,source_positive_thermal_network_raw,matched_20min,temp_rotor,0.17650398586844765,0.1418995158065512,0.36877337222156825,0,0,1200
external_ipmsm,external_test,14,source_positive_thermal_network_raw,matched_20min,macro,1.122748044752388,0.8698408696500368,2.3515535086316937,0,0,1200
external_ipmsm,external_test,14,source_positive_thermal_network_normalized,matched_20min,temp_winding,194.74386241103886,180.58803489526528,229.944046745,683,0,1200
external_ipmsm,external_test,14,source_positive_thermal_network_normalized,matched_20min,temp_stator_core,105.48997840415267,94.81169927859474,138.54060366514503,683,0,1200
external_ipmsm,external_test,14,source_positive_thermal_network_normalized,matched_20min,temp_rotor,68.65258750736086,54.57085356005043,134.70938900963492,683,0,1200
external_ipmsm,external_test,14,source_positive_thermal_network_normalized,matched_20min,macro,122.96214277418413,109.99019591130347,167.73134647326,683,0,1200
external_ipmsm,external_test,14,target_only_prefix_positive_thermal_network,matched_20min,temp_winding,0.8656050570351765,0.6594786953388851,2.0661710564996767,0,0,1200
external_ipmsm,external_test,14,target_only_prefix_positive_thermal_network,matched_20min,temp_stator_core,48.059344403343296,36.59584346600314,105.19357756217562,0,0,1200
external_ipmsm,external_test,14,target_only_prefix_positive_thermal_network,matched_20min,temp_rotor,21.57118789931753,16.829554806362548,44.49189103307842,0,0,1200
external_ipmsm,external_test,14,target_only_prefix_positive_thermal_network,matched_20min,macro,23.498712453232002,18.02829232256819,50.58387988391791,0,0,1200
external_ipmsm,external_test,14,source_prior_prefix_calibrated_thermal_network,matched_20min,temp_winding,194.91214929927924,179.63565622058647,229.944046745,999,0,1200
external_ipmsm,external_test,14,source_prior_prefix_calibrated_thermal_network,matched_20min,temp_stator_core,153.70572374470282,129.3923664215792,228.737565545,999,0,1200
external_ipmsm,external_test,14,source_prior_prefix_calibrated_thermal_network,matched_20min,temp_rotor,104.43752239735439,85.2581992253975,183.62002578203584,999,0,1200
external_ipmsm,external_test,14,source_prior_prefix_calibrated_thermal_network,matched_20min,macro,151.01846514711215,131.42874062252105,214.10054602401192,999,0,1200
external_ipmsm,external_test,14,source_thermal_network_plus_hist_gradient_residual,matched_20min,temp_winding,195.9010762707172,182.8714686151195,229.944046745,684,0,1200
external_ipmsm,external_test,14,source_thermal_network_plus_hist_gradient_residual,matched_20min,temp_stator_core,105.55205263270561,95.38277911666083,137.64941521303732,684,0,1200
external_ipmsm,external_test,14,source_thermal_network_plus_hist_gradient_residual,matched_20min,temp_rotor,61.397280340850024,48.331919405946934,121.7747735670905,684,0,1200
external_ipmsm,external_test,14,source_thermal_network_plus_hist_gradient_residual,matched_20min,macro,120.95013641475761,108.86205571257574,163.1227451750426,684,0,1200
external_ipmsm,external_test,14,published_target_specific_lptn_estimates,matched_20min,temp_winding,0.3947151270371887,0.2775118565967868,1.2341752742388117,0,0,1200
external_ipmsm,external_test,14,published_target_specific_lptn_estimates,matched_20min,temp_stator_core,0.7251513035140448,0.706070531581735,1.0143581675224986,0,0,1200
external_ipmsm,external_test,14,published_target_specific_lptn_estimates,matched_20min,temp_rotor,0.22023905632574808,0.1899919161207711,0.4443390237493112,0,0,1200
external_ipmsm,external_test,14,published_target_specific_lptn_estimates,matched_20min,macro,0.44670182895899385,0.391191434766431,0.8976241551702072,0,0,1200
external_ipmsm,external_test,15,initial_state_persistence,matched_20min,temp_winding,9.147713398257876,8.131625000000001,14.899999999999999,0,0,1200
external_ipmsm,external_test,15,initial_state_persistence,matched_20min,temp_stator_core,5.523902040224828,4.985291666666668,8.850000000000001,0,0,1200
external_ipmsm,external_test,15,initial_state_persistence,matched_20min,temp_rotor,13.313391053054488,12.073008821175,19.68059832,0,0,1200
external_ipmsm,external_test,15,initial_state_persistence,matched_20min,macro,9.328335497179063,8.396641829280556,14.476866106666668,0,0,1200
external_ipmsm,external_test,15,boundary_shift_persistence,matched_20min,temp_winding,8.439253891784508,7.451541666666666,14.700000000000003,0,0,1200
external_ipmsm,external_test,15,boundary_shift_persistence,matched_20min,temp_stator_core,4.792989455096544,4.295541666666666,7.850000000000001,0,0,1200
external_ipmsm,external_test,15,boundary_shift_persistence,matched_20min,temp_rotor,12.449039395865867,11.455175487841663,18.381402749999992,0,0,1200
external_ipmsm,external_test,15,boundary_shift_persistence,matched_20min,macro,8.56042758091564,7.734086273724998,13.643800916666665,0,0,1200
external_ipmsm,external_test,15,source_ridge_arx,matched_20min,temp_winding,8.521269300583825,6.842561535030854,20.264855774484282,0,0,1200
external_ipmsm,external_test,15,source_ridge_arx,matched_20min,temp_stator_core,3.5310644211218043,2.7581062936422325,9.112018198393987,0,0,1200
external_ipmsm,external_test,15,source_ridge_arx,matched_20min,temp_rotor,3.9639330101575303,3.5926791633616206,7.274124593469928,0,0,1200
external_ipmsm,external_test,15,source_ridge_arx,matched_20min,macro,5.33875557728772,4.397782330678236,12.216999522116064,0,0,1200
external_ipmsm,external_test,15,source_positive_thermal_network_raw,matched_20min,temp_winding,55.604435605881015,51.79197675969338,81.94128450599743,0,0,1200
external_ipmsm,external_test,15,source_positive_thermal_network_raw,matched_20min,temp_stator_core,26.41735091725666,24.299483489653884,35.15071048116447,0,0,1200
external_ipmsm,external_test,15,source_positive_thermal_network_raw,matched_20min,temp_rotor,14.833142234832684,12.785605776763479,23.175081459423374,0,0,1200
external_ipmsm,external_test,15,source_positive_thermal_network_raw,matched_20min,macro,32.28497625265678,29.625688675370245,46.755692148861755,0,0,1200
external_ipmsm,external_test,15,source_positive_thermal_network_normalized,matched_20min,temp_winding,4.136318392990364,3.3536098163081776,8.946032788338542,0,0,1200
external_ipmsm,external_test,15,source_positive_thermal_network_normalized,matched_20min,temp_stator_core,1.9548541539521633,1.4918739342040555,4.405527730963037,0,0,1200
external_ipmsm,external_test,15,source_positive_thermal_network_normalized,matched_20min,temp_rotor,5.985570313529853,5.581778265004216,9.228609058008026,0,0,1200
external_ipmsm,external_test,15,source_positive_thermal_network_normalized,matched_20min,macro,4.025580953490793,3.4757540051721496,7.526723192436535,0,0,1200
external_ipmsm,external_test,15,target_only_prefix_positive_thermal_network,matched_20min,temp_winding,2.370411329895176,2.061498284077539,4.730871697156694,0,0,1200
external_ipmsm,external_test,15,target_only_prefix_positive_thermal_network,matched_20min,temp_stator_core,1.892758489639243,1.6403614156756332,3.7934543751826624,0,0,1200
external_ipmsm,external_test,15,target_only_prefix_positive_thermal_network,matched_20min,temp_rotor,11.626812208103189,10.439452592155043,18.53797420127852,0,0,1200
external_ipmsm,external_test,15,target_only_prefix_positive_thermal_network,matched_20min,macro,5.2966606758792025,4.713770763969404,9.020766757872625,0,0,1200
external_ipmsm,external_test,15,source_prior_prefix_calibrated_thermal_network,matched_20min,temp_winding,0.7768187855444882,0.6640978942774503,1.6595834254025021,0,0,1200
external_ipmsm,external_test,15,source_prior_prefix_calibrated_thermal_network,matched_20min,temp_stator_core,0.5619197700144696,0.4458746568501665,1.6579514872380763,0,0,1200
external_ipmsm,external_test,15,source_prior_prefix_calibrated_thermal_network,matched_20min,temp_rotor,11.553008718398745,10.356468577319202,18.405961554727778,0,0,1200
external_ipmsm,external_test,15,source_prior_prefix_calibrated_thermal_network,matched_20min,macro,4.297249091319235,3.8221470428156064,7.2411654891227855,0,0,1200
external_ipmsm,external_test,15,source_thermal_network_plus_hist_gradient_residual,matched_20min,temp_winding,21.428966806073607,19.826813505398313,34.31577271772301,0,0,1200
external_ipmsm,external_test,15,source_thermal_network_plus_hist_gradient_residual,matched_20min,temp_stator_core,9.411854942042234,8.328212756735626,15.065084856657336,0,0,1200
external_ipmsm,external_test,15,source_thermal_network_plus_hist_gradient_residual,matched_20min,temp_rotor,3.944805391629068,3.229411790126984,7.591400599562547,0,0,1200
external_ipmsm,external_test,15,source_thermal_network_plus_hist_gradient_residual,matched_20min,macro,11.595209046581637,10.46147935075364,18.99075272464763,0,0,1200
external_ipmsm,external_test,15,published_target_specific_lptn_estimates,matched_20min,temp_winding,5.024600883200899,4.65207003892107,8.792142590038509,0,0,1200
external_ipmsm,external_test,15,published_target_specific_lptn_estimates,matched_20min,temp_stator_core,5.827329105947482,5.608529371448218,8.237609107771881,0,0,1200
external_ipmsm,external_test,15,published_target_specific_lptn_estimates,matched_20min,temp_rotor,2.605706852178227,2.1629124727946656,5.529013603541564,0,0,1200
external_ipmsm,external_test,15,published_target_specific_lptn_estimates,matched_20min,macro,4.485878947108869,4.141170627721318,7.5195884337839844,0,0,1200
