dataset,role,profile_id,method,horizon,node,rmse_c,mae_c,max_abs_c,clip_count,nonfinite_count,n_seconds,coverage_target,n_calibration_profiles,rank,half_width_c,trajectory_covered
primary_52kw,source_test,2,initial_state_persistence,matched_20min,temp_winding,21.671962959320638,20.66197659174601,26.171875,0,0,1200,0.9,11,11,84.5393295288086,True
primary_52kw,source_test,2,initial_state_persistence,matched_20min,temp_stator_core,14.249983068570662,13.490442703564963,17.8466854095459,0,0,1200,0.9,11,11,43.12060832977295,True
primary_52kw,source_test,2,initial_state_persistence,matched_20min,temp_rotor,6.952970842193067,6.0685129563013716,11.530843734741211,0,0,1200,0.9,11,11,44.5918083190918,True
primary_52kw,source_test,2,boundary_shift_persistence,matched_20min,temp_winding,21.366427732408276,20.391003414392472,26.02872085571289,0,0,1200,0.9,11,11,83.22904014587402,True
primary_52kw,source_test,2,boundary_shift_persistence,matched_20min,temp_stator_core,13.94453329377216,13.219876382748286,17.494097232818604,0,0,1200,0.9,11,11,41.81879949569702,True
primary_52kw,source_test,2,boundary_shift_persistence,matched_20min,temp_rotor,6.6425091993114345,5.802082939545314,11.195106983184814,0,0,1200,0.9,11,11,43.09916067123413,True
primary_52kw,source_test,2,source_ridge_arx,matched_20min,temp_winding,15.495980474756001,14.047066748852004,22.357909285135946,0,0,1200,0.9,11,11,44.40516317193192,True
primary_52kw,source_test,2,source_ridge_arx,matched_20min,temp_stator_core,6.0520834061495625,5.151649427798717,9.75279967266166,0,0,1200,0.9,11,11,20.165374811697745,True
primary_52kw,source_test,2,source_ridge_arx,matched_20min,temp_rotor,12.35640750979403,11.259041331747815,18.068209033757427,0,0,1200,0.9,11,11,20.195055477343217,True
primary_52kw,source_test,2,source_positive_thermal_network_raw,matched_20min,temp_winding,4.0409602989616085,3.721741832766607,5.371939182433408,0,0,1200,0.9,11,11,8.058477992829793,True
primary_52kw,source_test,2,source_positive_thermal_network_raw,matched_20min,temp_stator_core,2.2994004357415974,2.022925090369644,3.4846639158779666,0,0,1200,0.9,11,11,4.317487049649287,True
primary_52kw,source_test,2,source_positive_thermal_network_raw,matched_20min,temp_rotor,1.5570103419297157,1.4649760633241475,1.9927255383729232,0,0,1200,0.9,11,11,3.8103349184627646,True
primary_52kw,source_test,2,source_positive_thermal_network_normalized,matched_20min,temp_winding,18.921180720809065,18.119155432930196,22.29912431180415,0,0,1200,0.9,11,11,91.6367414043593,True
primary_52kw,source_test,2,source_positive_thermal_network_normalized,matched_20min,temp_stator_core,8.112253309659542,7.497883882101989,10.290158980933647,0,0,1200,0.9,11,11,46.703099435902075,True
primary_52kw,source_test,2,source_positive_thermal_network_normalized,matched_20min,temp_rotor,10.669252702071194,9.629202457769127,16.26632120950238,0,0,1200,0.9,11,11,26.741334745280255,True
primary_52kw,source_test,2,target_only_prefix_positive_thermal_network,matched_20min,temp_winding,6.059691460405038,5.590395051098929,8.127614995871468,0,0,1200,0.9,11,11,77.82053604032467,True
primary_52kw,source_test,2,target_only_prefix_positive_thermal_network,matched_20min,temp_stator_core,3.499613203748798,3.0795421819282094,5.3241304382685115,0,0,1200,0.9,11,11,37.807280442993864,True
primary_52kw,source_test,2,target_only_prefix_positive_thermal_network,matched_20min,temp_rotor,2.4488864448628664,1.9411074642470778,4.892371793569662,0,0,1200,0.9,11,11,66.9920696371392,True
primary_52kw,source_test,2,source_prior_prefix_calibrated_thermal_network,matched_20min,temp_winding,9.270895484922736,8.113025622121746,15.307047055665223,0,0,1200,0.9,11,11,158.88348129701578,True
primary_52kw,source_test,2,source_prior_prefix_calibrated_thermal_network,matched_20min,temp_stator_core,3.708747773883264,3.220209601372084,6.138399918970535,0,0,1200,0.9,11,11,87.26464177119581,True
primary_52kw,source_test,2,source_prior_prefix_calibrated_thermal_network,matched_20min,temp_rotor,0.6286539788111765,0.5293471379961322,1.359584082686986,0,0,1200,0.9,11,11,72.05810209289089,True
primary_52kw,source_test,2,source_thermal_network_plus_hist_gradient_residual,matched_20min,temp_winding,12.912810332812425,12.246478792489203,17.093527118068394,0,0,1200,0.9,11,11,100.59973429916747,True
primary_52kw,source_test,2,source_thermal_network_plus_hist_gradient_residual,matched_20min,temp_stator_core,6.532311108408934,6.085591036620333,8.882592094039289,0,0,1200,0.9,11,11,51.64725876607824,True
primary_52kw,source_test,2,source_thermal_network_plus_hist_gradient_residual,matched_20min,temp_rotor,1.0859682025789281,0.9410572935982205,2.282015170310764,0,0,1200,0.9,11,11,38.45485090596043,True
primary_52kw,source_test,2,initial_state_persistence,long_55min,temp_winding,25.20776395697442,24.70716685208407,27.531463623046875,0,0,3300,0.9,11,11,84.5393295288086,True
primary_52kw,source_test,2,initial_state_persistence,long_55min,temp_stator_core,16.866949378294077,16.48347500136404,18.28566551208496,0,0,3300,0.9,11,11,54.20914964644625,True
primary_52kw,source_test,2,initial_state_persistence,long_55min,temp_rotor,14.330119586964281,13.005848036679355,20.853181838989265,0,0,3300,0.9,11,11,60.4376106262207,True
primary_52kw,source_test,2,boundary_shift_persistence,long_55min,temp_winding,24.673098792165188,24.19895614118287,27.642803192138658,0,0,3300,0.9,11,11,83.22904014587402,True
primary_52kw,source_test,2,boundary_shift_persistence,long_55min,temp_stator_core,16.332384193859646,15.975412238294428,19.005626678466797,0,0,3300,0.9,11,11,41.81879949569702,True
primary_52kw,source_test,2,boundary_shift_persistence,long_55min,temp_rotor,13.776423499680154,12.499289384177237,20.364726543426514,0,0,3300,0.9,11,11,58.651503562927246,True
primary_52kw,source_test,2,source_ridge_arx,long_55min,temp_winding,22.408793780828955,21.336823144389438,26.907437769408688,0,0,3300,0.9,11,11,100.60851049874432,True
primary_52kw,source_test,2,source_ridge_arx,long_55min,temp_stator_core,9.446688924180082,8.81936076477778,11.300031242945693,0,0,3300,0.9,11,11,53.478514352305695,True
primary_52kw,source_test,2,source_ridge_arx,long_55min,temp_rotor,18.779152904086963,17.817558434174554,23.01620059321388,0,0,3300,0.9,11,11,61.84799336357375,True
primary_52kw,source_test,2,source_positive_thermal_network_raw,long_55min,temp_winding,4.900357723668882,4.744252858724048,5.5322846623496105,0,0,3300,0.9,11,11,8.058477992829793,True
primary_52kw,source_test,2,source_positive_thermal_network_raw,long_55min,temp_stator_core,2.9515719742648776,2.8126408933616407,3.5207070548116235,0,0,3300,0.9,11,11,4.317487049649287,True
primary_52kw,source_test,2,source_positive_thermal_network_raw,long_55min,temp_rotor,1.6979275979063297,1.4703162502402458,3.4678016193592143,0,0,3300,0.9,11,11,11.446914133615152,True
primary_52kw,source_test,2,source_positive_thermal_network_normalized,long_55min,temp_winding,21.15731166260675,20.80157856557694,22.59199646668651,0,0,3300,0.9,11,11,101.29640119762121,True
primary_52kw,source_test,2,source_positive_thermal_network_normalized,long_55min,temp_stator_core,8.990012234590191,8.739633715152006,10.290158980933647,0,0,3300,0.9,11,11,54.97217087610552,True
primary_52kw,source_test,2,source_positive_thermal_network_normalized,long_55min,temp_rotor,18.075230895131284,16.912394263312745,23.5572791204511,0,0,3300,0.9,11,11,82.26708390748487,True
primary_52kw,source_test,2,target_only_prefix_positive_thermal_network,long_55min,temp_winding,7.877498453429546,7.5967685189592,9.174999363823076,0,0,3300,0.9,11,11,77.82053604032467,True
primary_52kw,source_test,2,target_only_prefix_positive_thermal_network,long_55min,temp_stator_core,4.843626755036645,4.597287897050051,5.637120792464344,0,0,3300,0.9,11,11,42.145532071682865,True
primary_52kw,source_test,2,target_only_prefix_positive_thermal_network,long_55min,temp_rotor,7.823855035057164,6.656477847174972,12.85381036047653,0,0,3300,0.9,11,11,138.2980749333059,True
primary_52kw,source_test,2,source_prior_prefix_calibrated_thermal_network,long_55min,temp_winding,18.519120025551164,16.888846326953484,26.43215998643994,0,0,3300,0.9,11,11,204.7751659079178,True
primary_52kw,source_test,2,source_prior_prefix_calibrated_thermal_network,long_55min,temp_stator_core,8.28841124112014,7.432845367461147,12.385668897267266,0,0,3300,0.9,11,11,116.58849929725883,True
primary_52kw,source_test,2,source_prior_prefix_calibrated_thermal_network,long_55min,temp_rotor,1.5166569813153676,1.34725510525788,2.2025186496299227,0,0,3300,0.9,11,11,173.51017507687476,True
primary_52kw,source_test,2,source_thermal_network_plus_hist_gradient_residual,long_55min,temp_winding,12.444153927676604,12.133302953711858,17.093527118068394,0,0,3300,0.9,11,11,101.24019123659465,True
primary_52kw,source_test,2,source_thermal_network_plus_hist_gradient_residual,long_55min,temp_stator_core,6.365789089651007,6.1725143174220065,8.882592094039289,0,0,3300,0.9,11,11,53.35280711300672,True
primary_52kw,source_test,2,source_thermal_network_plus_hist_gradient_residual,long_55min,temp_rotor,3.6415021711740647,3.0253698652189733,7.3302408276502575,0,0,3300,0.9,11,11,76.0350692569643,True
primary_52kw,source_test,6,initial_state_persistence,matched_20min,temp_winding,10.302937480080843,9.865017623901368,12.341606140136719,0,0,1200,0.9,11,11,84.5393295288086,True
primary_52kw,source_test,6,initial_state_persistence,matched_20min,temp_stator_core,7.152819181244528,6.84087568283081,9.264074325561523,0,0,1200,0.9,11,11,43.12060832977295,True
primary_52kw,source_test,6,initial_state_persistence,matched_20min,temp_rotor,16.307030330781163,15.136743386586508,22.222721099853516,0,0,1200,0.9,11,11,44.5918083190918,True
primary_52kw,source_test,6,boundary_shift_persistence,matched_20min,temp_winding,10.452539734461416,10.01530775129795,15.459681749343872,0,0,1200,0.9,11,11,83.22904014587402,True
primary_52kw,source_test,6,boundary_shift_persistence,matched_20min,temp_stator_core,7.304365872820678,6.991720658739408,11.731385469436646,0,0,1200,0.9,11,11,41.81879949569702,True
primary_52kw,source_test,6,boundary_shift_persistence,matched_20min,temp_rotor,16.448877794613434,15.287076534231504,25.336211442947388,0,0,1200,0.9,11,11,43.09916067123413,True
primary_52kw,source_test,6,source_ridge_arx,matched_20min,temp_winding,2.1654423502694278,1.8097143162165805,4.114697942315033,0,0,1200,0.9,11,11,44.40516317193192,True
primary_52kw,source_test,6,source_ridge_arx,matched_20min,temp_stator_core,1.0978384066795623,0.9996317217085946,2.1471632018519955,0,0,1200,0.9,11,11,20.165374811697745,True
primary_52kw,source_test,6,source_ridge_arx,matched_20min,temp_rotor,6.8071494875697285,6.539084615073693,8.12103578792265,0,0,1200,0.9,11,11,20.195055477343217,True
primary_52kw,source_test,6,source_positive_thermal_network_raw,matched_20min,temp_winding,0.6703021183013823,0.6175215216441342,1.294941859018408,0,0,1200,0.9,11,11,8.058477992829793,True
primary_52kw,source_test,6,source_positive_thermal_network_raw,matched_20min,temp_stator_core,0.32100598452521745,0.2809293257266599,0.8788890841677741,0,0,1200,0.9,11,11,4.317487049649287,True
primary_52kw,source_test,6,source_positive_thermal_network_raw,matched_20min,temp_rotor,1.2803034316304764,1.1149924703654088,2.560609618026163,0,0,1200,0.9,11,11,3.8103349184627646,True
primary_52kw,source_test,6,source_positive_thermal_network_normalized,matched_20min,temp_winding,1.61319198346337,1.4371062513131179,2.736998480046566,0,0,1200,0.9,11,11,91.6367414043593,True
primary_52kw,source_test,6,source_positive_thermal_network_normalized,matched_20min,temp_stator_core,1.2090617645932402,0.920498948735506,2.4244714454336957,0,0,1200,0.9,11,11,46.703099435902075,True
primary_52kw,source_test,6,source_positive_thermal_network_normalized,matched_20min,temp_rotor,7.571737271315846,7.262781753955186,8.919710521614086,0,0,1200,0.9,11,11,26.741334745280255,True
primary_52kw,source_test,6,target_only_prefix_positive_thermal_network,matched_20min,temp_winding,1.5086809199812108,1.2863765629422372,2.5833486171082,0,0,1200,0.9,11,11,77.82053604032467,True
primary_52kw,source_test,6,target_only_prefix_positive_thermal_network,matched_20min,temp_stator_core,1.7261844929792365,1.5665042769638948,3.1780072247264357,0,0,1200,0.9,11,11,37.807280442993864,True
primary_52kw,source_test,6,target_only_prefix_positive_thermal_network,matched_20min,temp_rotor,3.7933831908356748,3.13238160989106,6.6723318998076735,0,0,1200,0.9,11,11,66.9920696371392,True
primary_52kw,source_test,6,source_prior_prefix_calibrated_thermal_network,matched_20min,temp_winding,2.0394465084562303,1.9605724959540585,2.8012799820532024,0,0,1200,0.9,11,11,158.88348129701578,True
primary_52kw,source_test,6,source_prior_prefix_calibrated_thermal_network,matched_20min,temp_stator_core,1.5705542028490656,1.3986172807857729,2.4132753820116335,0,0,1200,0.9,11,11,87.26464177119581,True
primary_52kw,source_test,6,source_prior_prefix_calibrated_thermal_network,matched_20min,temp_rotor,12.02147340590683,10.062598159742786,21.298874778029386,0,0,1200,0.9,11,11,72.05810209289089,True
primary_52kw,source_test,6,source_thermal_network_plus_hist_gradient_residual,matched_20min,temp_winding,12.242038207619043,11.18597021379412,15.570496444920337,0,0,1200,0.9,11,11,100.59973429916747,True
primary_52kw,source_test,6,source_thermal_network_plus_hist_gradient_residual,matched_20min,temp_stator_core,6.260000734564533,5.533945238833243,8.49167911295715,0,0,1200,0.9,11,11,51.64725876607824,True
primary_52kw,source_test,6,source_thermal_network_plus_hist_gradient_residual,matched_20min,temp_rotor,8.041773395191527,6.95485179784626,12.997022926902744,0,0,1200,0.9,11,11,38.45485090596043,True
primary_52kw,source_test,6,initial_state_persistence,long_55min,temp_winding,11.697077944715812,11.488093166929303,16.1055908203125,0,0,3300,0.9,11,11,84.5393295288086,True
primary_52kw,source_test,6,initial_state_persistence,long_55min,temp_stator_core,9.083102383187589,8.836554312272506,16.44329071044922,0,0,3300,0.9,11,11,54.20914964644625,True
primary_52kw,source_test,6,initial_state_persistence,long_55min,temp_rotor,22.15554978973773,21.326654034238874,26.511730194091797,0,0,3300,0.9,11,11,60.4376106262207,True
primary_52kw,source_test,6,boundary_shift_persistence,long_55min,temp_winding,11.209770893741945,10.936807984511058,15.459681749343872,0,0,3300,0.9,11,11,83.22904014587402,True
primary_52kw,source_test,6,boundary_shift_persistence,long_55min,temp_stator_core,8.526359696811747,8.285470892949538,11.731385469436646,0,0,3300,0.9,11,11,41.81879949569702,True
primary_52kw,source_test,6,boundary_shift_persistence,long_55min,temp_rotor,21.56231162103203,20.775384495547325,26.45971393585205,0,0,3300,0.9,11,11,58.651503562927246,True
primary_52kw,source_test,6,source_ridge_arx,long_55min,temp_winding,5.84851589790471,5.081464749849004,15.46042488837358,0,0,3300,0.9,11,11,100.60851049874432,True
primary_52kw,source_test,6,source_ridge_arx,long_55min,temp_stator_core,2.1223550828195954,1.897672407089619,6.224300214247464,0,0,3300,0.9,11,11,53.478514352305695,True
primary_52kw,source_test,6,source_ridge_arx,long_55min,temp_rotor,4.697031616966004,3.8949335197268824,8.12103578792265,0,0,3300,0.9,11,11,61.84799336357375,True
primary_52kw,source_test,6,source_positive_thermal_network_raw,long_55min,temp_winding,0.9165210313571965,0.7505814054823716,3.88685850223888,0,0,3300,0.9,11,11,8.058477992829793,True
primary_52kw,source_test,6,source_positive_thermal_network_raw,long_55min,temp_stator_core,0.40517473445677826,0.262206663460401,2.7162301042754464,0,0,3300,0.9,11,11,4.317487049649287,True
primary_52kw,source_test,6,source_positive_thermal_network_raw,long_55min,temp_rotor,4.059555080910076,3.5271833718651617,6.518590787212489,0,0,3300,0.9,11,11,11.446914133615152,True
primary_52kw,source_test,6,source_positive_thermal_network_normalized,long_55min,temp_winding,3.8807410298859195,3.4790578086032324,6.365867452653632,0,0,3300,0.9,11,11,101.29640119762121,True
primary_52kw,source_test,6,source_positive_thermal_network_normalized,long_55min,temp_stator_core,1.2913221542263713,1.1108036370993244,4.074442144130543,0,0,3300,0.9,11,11,54.97217087610552,True
primary_52kw,source_test,6,source_positive_thermal_network_normalized,long_55min,temp_rotor,5.395739695824082,4.448439458247849,8.919710521614086,0,0,3300,0.9,11,11,82.26708390748487,True
primary_52kw,source_test,6,target_only_prefix_positive_thermal_network,long_55min,temp_winding,2.1296142655982826,1.9742646103504171,2.7775558047536464,0,0,3300,0.9,11,11,77.82053604032467,True
primary_52kw,source_test,6,target_only_prefix_positive_thermal_network,long_55min,temp_stator_core,3.0096600446486175,2.7846588962973837,4.170945080333212,0,0,3300,0.9,11,11,42.145532071682865,True
primary_52kw,source_test,6,target_only_prefix_positive_thermal_network,long_55min,temp_rotor,7.366124207116742,6.702665341559937,9.484249792540155,0,0,3300,0.9,11,11,138.2980749333059,True
primary_52kw,source_test,6,source_prior_prefix_calibrated_thermal_network,long_55min,temp_winding,2.360076350229003,2.28558062988452,3.311893403873853,0,0,3300,0.9,11,11,204.7751659079178,True
primary_52kw,source_test,6,source_prior_prefix_calibrated_thermal_network,long_55min,temp_stator_core,2.3834848953504073,2.1509410309621777,7.276265423451278,0,0,3300,0.9,11,11,116.58849929725883,True
primary_52kw,source_test,6,source_prior_prefix_calibrated_thermal_network,long_55min,temp_rotor,27.59888673950362,24.625773782212672,39.956736151601376,0,0,3300,0.9,11,11,173.51017507687476,True
primary_52kw,source_test,6,source_thermal_network_plus_hist_gradient_residual,long_55min,temp_winding,15.519041550362543,14.933862960497791,20.317531632577825,0,0,3300,0.9,11,11,101.24019123659465,True
primary_52kw,source_test,6,source_thermal_network_plus_hist_gradient_residual,long_55min,temp_stator_core,8.002542926772547,7.621128741965436,12.362984758783313,0,0,3300,0.9,11,11,53.35280711300672,True
primary_52kw,source_test,6,source_thermal_network_plus_hist_gradient_residual,long_55min,temp_rotor,13.961455100377457,12.932892913224746,18.735110328039724,0,0,3300,0.9,11,11,76.0350692569643,True
primary_52kw,source_test,7,initial_state_persistence,matched_20min,temp_winding,4.2698778596891005,4.127399876912435,4.7762603759765625,0,0,1200,0.9,11,11,84.5393295288086,True
primary_52kw,source_test,7,initial_state_persistence,matched_20min,temp_stator_core,2.7220410528929966,2.59699324687322,3.448174476623535,0,0,1200,0.9,11,11,43.12060832977295,True
primary_52kw,source_test,7,initial_state_persistence,matched_20min,temp_rotor,3.3841947515768913,3.0116087595621743,5.370370864868164,0,0,1200,0.9,11,11,44.5918083190918,True
primary_52kw,source_test,7,boundary_shift_persistence,matched_20min,temp_winding,4.229663732858888,4.104890401363373,5.565779685974121,0,0,1200,0.9,11,11,83.22904014587402,True
primary_52kw,source_test,7,boundary_shift_persistence,matched_20min,temp_stator_core,2.678420793771186,2.5772034804026287,3.788922786712643,0,0,1200,0.9,11,11,41.81879949569702,True
primary_52kw,source_test,7,boundary_shift_persistence,matched_20min,temp_rotor,3.3107203175677546,2.9917493724822997,5.324915409088135,0,0,1200,0.9,11,11,43.09916067123413,True
primary_52kw,source_test,7,source_ridge_arx,matched_20min,temp_winding,21.03390230937053,18.650960821040275,32.17323419223186,0,0,1200,0.9,11,11,44.40516317193192,True
primary_52kw,source_test,7,source_ridge_arx,matched_20min,temp_stator_core,11.421232228624614,10.077521626869872,17.636458906880158,0,0,1200,0.9,11,11,20.165374811697745,True
primary_52kw,source_test,7,source_ridge_arx,matched_20min,temp_rotor,8.927045295376168,7.552913364974177,15.960987513739884,0,0,1200,0.9,11,11,20.195055477343217,True
primary_52kw,source_test,7,source_positive_thermal_network_raw,matched_20min,temp_winding,1.4467684804083578,1.3532122878105133,1.9246416314287558,0,0,1200,0.9,11,11,8.058477992829793,True
primary_52kw,source_test,7,source_positive_thermal_network_raw,matched_20min,temp_stator_core,1.1608447874377883,1.1153109775404955,1.4999628542122885,0,0,1200,0.9,11,11,4.317487049649287,True
primary_52kw,source_test,7,source_positive_thermal_network_raw,matched_20min,temp_rotor,2.406848657396531,2.1802408338094126,3.7350456499089155,0,0,1200,0.9,11,11,3.8103349184627646,True
primary_52kw,source_test,7,source_positive_thermal_network_normalized,matched_20min,temp_winding,22.36608613755347,20.158191758631528,33.08138725642468,0,0,1200,0.9,11,11,91.6367414043593,True
primary_52kw,source_test,7,source_positive_thermal_network_normalized,matched_20min,temp_stator_core,11.977481494844968,10.704770260796362,17.954716219996577,0,0,1200,0.9,11,11,46.703099435902075,True
primary_52kw,source_test,7,source_positive_thermal_network_normalized,matched_20min,temp_rotor,8.6937973066191,7.293654401238539,15.716896476115206,0,0,1200,0.9,11,11,26.741334745280255,True
primary_52kw,source_test,7,target_only_prefix_positive_thermal_network,matched_20min,temp_winding,1.1437620579087757,1.1031642994154829,1.3979872848584876,0,0,1200,0.9,11,11,77.82053604032467,True
primary_52kw,source_test,7,target_only_prefix_positive_thermal_network,matched_20min,temp_stator_core,0.4039747768627025,0.3675214728594789,0.7425984458568848,0,0,1200,0.9,11,11,37.807280442993864,True
primary_52kw,source_test,7,target_only_prefix_positive_thermal_network,matched_20min,temp_rotor,1.5016287386959766,1.28178801729855,2.6714960974569593,0,0,1200,0.9,11,11,66.9920696371392,True
primary_52kw,source_test,7,source_prior_prefix_calibrated_thermal_network,matched_20min,temp_winding,1.618287390570731,1.5676018369556752,1.9464347180351496,0,0,1200,0.9,11,11,158.88348129701578,True
primary_52kw,source_test,7,source_prior_prefix_calibrated_thermal_network,matched_20min,temp_stator_core,0.5392796637676462,0.4988597152218814,0.8661821162535333,0,0,1200,0.9,11,11,87.26464177119581,True
primary_52kw,source_test,7,source_prior_prefix_calibrated_thermal_network,matched_20min,temp_rotor,0.9502203539991002,0.8149232339839358,1.723543302691855,0,0,1200,0.9,11,11,72.05810209289089,True
primary_52kw,source_test,7,source_thermal_network_plus_hist_gradient_residual,matched_20min,temp_winding,16.399569345646146,14.736929099503916,24.774948708107786,0,0,1200,0.9,11,11,100.59973429916747,True
primary_52kw,source_test,7,source_thermal_network_plus_hist_gradient_residual,matched_20min,temp_stator_core,8.804012036304059,7.8828164291427445,13.482856416741619,0,0,1200,0.9,11,11,51.64725876607824,True
primary_52kw,source_test,7,source_thermal_network_plus_hist_gradient_residual,matched_20min,temp_rotor,7.599640834975889,6.62100145317218,13.012671387373217,0,0,1200,0.9,11,11,38.45485090596043,True
primary_52kw,source_test,7,initial_state_persistence,long_55min,temp_winding,4.600338813215545,4.541994033582283,4.883918762207031,0,0,3300,0.9,11,11,84.5393295288086,True
primary_52kw,source_test,7,initial_state_persistence,long_55min,temp_stator_core,3.324858740325514,3.24672255487153,4.0707550048828125,0,0,3300,0.9,11,11,54.20914964644625,True
primary_52kw,source_test,7,initial_state_persistence,long_55min,temp_rotor,6.026452098839018,5.589327312816273,8.27491569519043,0,0,3300,0.9,11,11,60.4376106262207,True
primary_52kw,source_test,7,boundary_shift_persistence,long_55min,temp_winding,4.3295281927395015,4.277821549646782,5.992197036743171,0,0,3300,0.9,11,11,83.22904014587402,True
primary_52kw,source_test,7,boundary_shift_persistence,long_55min,temp_stator_core,3.0459152913651937,2.9835390560554735,5.1885480880737305,0,0,3300,0.9,11,11,41.81879949569702,True
primary_52kw,source_test,7,boundary_shift_persistence,long_55min,temp_rotor,5.722361279780766,5.326118497415022,9.168163299560547,0,0,3300,0.9,11,11,58.651503562927246,True
primary_52kw,source_test,7,source_ridge_arx,long_55min,temp_winding,33.32069749690342,31.314129688414855,40.884453318629554,0,0,3300,0.9,11,11,100.60851049874432,True
primary_52kw,source_test,7,source_ridge_arx,long_55min,temp_stator_core,18.542729128268086,17.36727772876412,22.948132094452625,0,0,3300,0.9,11,11,53.478514352305695,True
primary_52kw,source_test,7,source_ridge_arx,long_55min,temp_rotor,22.601299514246953,19.917962910909097,34.53643526455309,0,0,3300,0.9,11,11,61.84799336357375,True
primary_52kw,source_test,7,source_positive_thermal_network_raw,long_55min,temp_winding,1.8512695529402023,1.7931654289558923,2.218999830352722,0,0,3300,0.9,11,11,8.058477992829793,True
primary_52kw,source_test,7,source_positive_thermal_network_raw,long_55min,temp_stator_core,1.114734558938507,1.0875404394679415,1.4999628542122885,0,0,3300,0.9,11,11,4.317487049649287,True
primary_52kw,source_test,7,source_positive_thermal_network_raw,long_55min,temp_rotor,4.109456034782874,3.8384659346820444,5.820344427819943,0,0,3300,0.9,11,11,11.446914133615152,True
primary_52kw,source_test,7,source_positive_thermal_network_normalized,long_55min,temp_winding,33.471451944126116,31.73566581533865,40.34184251323548,0,0,3300,0.9,11,11,101.29640119762121,True
primary_52kw,source_test,7,source_positive_thermal_network_normalized,long_55min,temp_stator_core,18.520005546405002,17.47326712157132,22.64610318155554,0,0,3300,0.9,11,11,54.97217087610552,True
primary_52kw,source_test,7,source_positive_thermal_network_normalized,long_55min,temp_rotor,22.165529054505658,19.51008542552134,33.7305654080791,0,0,3300,0.9,11,11,82.26708390748487,True
primary_52kw,source_test,7,target_only_prefix_positive_thermal_network,long_55min,temp_winding,1.186468023802208,1.1690798927221608,1.3979872848584876,0,0,3300,0.9,11,11,77.82053604032467,True
primary_52kw,source_test,7,target_only_prefix_positive_thermal_network,long_55min,temp_stator_core,0.8199042833554223,0.7444741176496138,1.4100867432037099,0,0,3300,0.9,11,11,42.145532071682865,True
primary_52kw,source_test,7,target_only_prefix_positive_thermal_network,long_55min,temp_rotor,3.151635149799427,2.834439256926637,5.108143997988087,0,0,3300,0.9,11,11,138.2980749333059,True
primary_52kw,source_test,7,source_prior_prefix_calibrated_thermal_network,long_55min,temp_winding,1.481346135924103,1.45177282661069,1.9464347180351496,0,0,3300,0.9,11,11,204.7751659079178,True
primary_52kw,source_test,7,source_prior_prefix_calibrated_thermal_network,long_55min,temp_stator_core,0.8412323511122703,0.7842967696567839,1.4961511054744534,0,0,3300,0.9,11,11,116.58849929725883,True
primary_52kw,source_test,7,source_prior_prefix_calibrated_thermal_network,long_55min,temp_rotor,1.938008757773112,1.7477908744602657,3.2759877304927123,0,0,3300,0.9,11,11,173.51017507687476,True
primary_52kw,source_test,7,source_thermal_network_plus_hist_gradient_residual,long_55min,temp_winding,29.298327604724985,26.975813618470962,47.85730273607062,0,0,3300,0.9,11,11,101.24019123659465,True
primary_52kw,source_test,7,source_thermal_network_plus_hist_gradient_residual,long_55min,temp_stator_core,16.14514574257783,14.8557175676923,26.092797716151672,0,0,3300,0.9,11,11,53.35280711300672,True
primary_52kw,source_test,7,source_thermal_network_plus_hist_gradient_residual,long_55min,temp_rotor,23.075848086543708,19.759961018688344,40.97561275284066,0,0,3300,0.9,11,11,76.0350692569643,True
primary_52kw,source_test,11,initial_state_persistence,matched_20min,temp_winding,17.892545422983623,16.56254961013794,24.699840545654297,0,0,1200,0.9,11,11,84.5393295288086,True
primary_52kw,source_test,11,initial_state_persistence,matched_20min,temp_stator_core,4.543320871981791,4.004799841245015,7.860960006713867,0,0,1200,0.9,11,11,43.12060832977295,True
primary_52kw,source_test,11,initial_state_persistence,matched_20min,temp_rotor,2.8840519145183765,2.8290617116292323,3.5640869140625,0,0,1200,0.9,11,11,44.5918083190918,True
primary_52kw,source_test,11,boundary_shift_persistence,matched_20min,temp_winding,17.545842100624423,16.201890687147777,24.483163356781006,0,0,1200,0.9,11,11,83.22904014587402,True
primary_52kw,source_test,11,boundary_shift_persistence,matched_20min,temp_stator_core,4.270461988678403,3.7569663087526957,7.75684928894043,0,0,1200,0.9,11,11,41.81879949569702,True
primary_52kw,source_test,11,boundary_shift_persistence,matched_20min,temp_rotor,3.2645762915913346,3.19476708650589,4.140497684478767,0,0,1200,0.9,11,11,43.09916067123413,True
primary_52kw,source_test,11,source_ridge_arx,matched_20min,temp_winding,20.698604562452495,19.926733504908412,26.041894550885644,0,0,1200,0.9,11,11,44.40516317193192,True
primary_52kw,source_test,11,source_ridge_arx,matched_20min,temp_stator_core,10.179484835968438,9.61169729756179,12.47027940639051,0,0,1200,0.9,11,11,20.165374811697745,True
primary_52kw,source_test,11,source_ridge_arx,matched_20min,temp_rotor,7.140183979900783,6.020845947881943,11.608384278338853,0,0,1200,0.9,11,11,20.195055477343217,True
primary_52kw,source_test,11,source_positive_thermal_network_raw,matched_20min,temp_winding,1.2995480103993196,1.0922007939773868,2.950932179010543,0,0,1200,0.9,11,11,8.058477992829793,True
primary_52kw,source_test,11,source_positive_thermal_network_raw,matched_20min,temp_stator_core,1.141581900146023,0.9767172711078763,2.230156345696223,0,0,1200,0.9,11,11,4.317487049649287,True
primary_52kw,source_test,11,source_positive_thermal_network_raw,matched_20min,temp_rotor,2.3785742000452084,2.1693154204665905,4.001367205529313,0,0,1200,0.9,11,11,3.8103349184627646,False
primary_52kw,source_test,11,source_positive_thermal_network_normalized,matched_20min,temp_winding,3.72385482931353,3.274781241118508,7.374536814680681,0,0,1200,0.9,11,11,91.6367414043593,True
primary_52kw,source_test,11,source_positive_thermal_network_normalized,matched_20min,temp_stator_core,1.3295952439756535,1.108241076296084,3.0530440793219285,0,0,1200,0.9,11,11,46.703099435902075,True
primary_52kw,source_test,11,source_positive_thermal_network_normalized,matched_20min,temp_rotor,0.6655569153830743,0.4990007282588983,1.568349153273239,0,0,1200,0.9,11,11,26.741334745280255,True
primary_52kw,source_test,11,target_only_prefix_positive_thermal_network,matched_20min,temp_winding,5.131121906840135,4.446702949888607,9.627485936252462,0,0,1200,0.9,11,11,77.82053604032467,True
primary_52kw,source_test,11,target_only_prefix_positive_thermal_network,matched_20min,temp_stator_core,0.9590482887312294,0.8226495455557303,2.3290485196744157,0,0,1200,0.9,11,11,37.807280442993864,True
primary_52kw,source_test,11,target_only_prefix_positive_thermal_network,matched_20min,temp_rotor,10.341557491434958,9.085998116329835,16.95530970692441,0,0,1200,0.9,11,11,66.9920696371392,True
primary_52kw,source_test,11,source_prior_prefix_calibrated_thermal_network,matched_20min,temp_winding,76.12675111628788,68.67862820836329,118.45216820552116,0,0,1200,0.9,11,11,158.88348129701578,True
primary_52kw,source_test,11,source_prior_prefix_calibrated_thermal_network,matched_20min,temp_stator_core,39.3614193906237,35.13107725531652,61.13859623381616,0,0,1200,0.9,11,11,87.26464177119581,True
primary_52kw,source_test,11,source_prior_prefix_calibrated_thermal_network,matched_20min,temp_rotor,60.114545794785414,52.489688868081,99.7418071832343,0,0,1200,0.9,11,11,72.05810209289089,False
primary_52kw,source_test,11,source_thermal_network_plus_hist_gradient_residual,matched_20min,temp_winding,4.515871891596042,3.782217106175743,8.815720558168685,0,0,1200,0.9,11,11,100.59973429916747,True
primary_52kw,source_test,11,source_thermal_network_plus_hist_gradient_residual,matched_20min,temp_stator_core,2.747401586621744,2.244842996976747,5.293725293687409,0,0,1200,0.9,11,11,51.64725876607824,True
primary_52kw,source_test,11,source_thermal_network_plus_hist_gradient_residual,matched_20min,temp_rotor,1.103174315215025,1.0456818965665142,1.6588351855051542,0,0,1200,0.9,11,11,38.45485090596043,True
primary_52kw,source_test,11,initial_state_persistence,long_55min,temp_winding,15.702768474040681,13.693410350915157,24.699840545654297,0,0,3300,0.9,11,11,84.5393295288086,True
primary_52kw,source_test,11,initial_state_persistence,long_55min,temp_stator_core,4.567257608888808,4.040904599681045,9.13381290435791,0,0,3300,0.9,11,11,54.20914964644625,True
primary_52kw,source_test,11,initial_state_persistence,long_55min,temp_rotor,9.640514484422372,8.216904577775434,18.16884994506836,0,0,3300,0.9,11,11,60.4376106262207,True
primary_52kw,source_test,11,boundary_shift_persistence,long_55min,temp_winding,15.463370693360702,13.490118389563127,24.483163356781006,0,0,3300,0.9,11,11,83.22904014587402,True
primary_52kw,source_test,11,boundary_shift_persistence,long_55min,temp_stator_core,4.455610846310932,3.9256322327527133,9.462199211120605,0,0,3300,0.9,11,11,41.81879949569702,True
primary_52kw,source_test,11,boundary_shift_persistence,long_55min,temp_rotor,9.849279104619187,8.49484209132917,18.325349330902107,0,0,3300,0.9,11,11,58.651503562927246,True
primary_52kw,source_test,11,source_ridge_arx,long_55min,temp_winding,15.455915856623834,13.569223259727977,26.041894550885644,0,0,3300,0.9,11,11,100.60851049874432,True
primary_52kw,source_test,11,source_ridge_arx,long_55min,temp_stator_core,7.64982546914429,6.612880770608976,12.47027940639051,0,0,3300,0.9,11,11,53.478514352305695,True
primary_52kw,source_test,11,source_ridge_arx,long_55min,temp_rotor,7.082746963656592,6.044935462347155,11.993495676613101,0,0,3300,0.9,11,11,61.84799336357375,True
primary_52kw,source_test,11,source_positive_thermal_network_raw,long_55min,temp_winding,2.8229966219909324,2.3340473172449725,7.787765863127383,0,0,3300,0.9,11,11,8.058477992829793,True
primary_52kw,source_test,11,source_positive_thermal_network_raw,long_55min,temp_stator_core,1.9846361165291875,1.6770752577177224,5.156492031718933,0,0,3300,0.9,11,11,4.317487049649287,False
primary_52kw,source_test,11,source_positive_thermal_network_raw,long_55min,temp_rotor,5.034785429398431,4.598479543725495,8.433775816955766,0,0,3300,0.9,11,11,11.446914133615152,True
primary_52kw,source_test,11,source_positive_thermal_network_normalized,long_55min,temp_winding,10.932811230799683,8.072971526975852,28.868983317966695,0,0,3300,0.9,11,11,101.29640119762121,True
primary_52kw,source_test,11,source_positive_thermal_network_normalized,long_55min,temp_stator_core,5.838008069275431,4.364955221717584,14.150706373785653,0,0,3300,0.9,11,11,54.97217087610552,True
primary_52kw,source_test,11,source_positive_thermal_network_normalized,long_55min,temp_rotor,7.848421141456662,6.0531528918555555,15.410562949821745,0,0,3300,0.9,11,11,82.26708390748487,True
primary_52kw,source_test,11,target_only_prefix_positive_thermal_network,long_55min,temp_winding,4.180176489911947,3.6343348585381783,9.627485936252462,0,0,3300,0.9,11,11,77.82053604032467,True
primary_52kw,source_test,11,target_only_prefix_positive_thermal_network,long_55min,temp_stator_core,1.0473445169873976,0.8851919121281056,2.5158923917535105,0,0,3300,0.9,11,11,42.145532071682865,True
primary_52kw,source_test,11,target_only_prefix_positive_thermal_network,long_55min,temp_rotor,32.06164627312368,27.293744930748247,54.461271481692364,0,0,3300,0.9,11,11,138.2980749333059,True
primary_52kw,source_test,11,source_prior_prefix_calibrated_thermal_network,long_55min,temp_winding,154.87546868984586,141.61430533447472,210.85885620117188,2296,0,3300,0.9,11,11,204.7751659079178,False
primary_52kw,source_test,11,source_prior_prefix_calibrated_thermal_network,long_55min,temp_stator_core,83.52803297136633,75.85746876086142,114.34242626691332,2296,0,3300,0.9,11,11,116.58849929725883,True
primary_52kw,source_test,11,source_prior_prefix_calibrated_thermal_network,long_55min,temp_rotor,146.10463312386608,129.95010438951962,204.38450241088867,2296,0,3300,0.9,11,11,173.51017507687476,False
primary_52kw,source_test,11,source_thermal_network_plus_hist_gradient_residual,long_55min,temp_winding,14.871086118876057,12.155801716422161,33.29962332213245,0,0,3300,0.9,11,11,101.24019123659465,True
primary_52kw,source_test,11,source_thermal_network_plus_hist_gradient_residual,long_55min,temp_stator_core,7.897307280966206,6.660720177626355,16.05008204614858,0,0,3300,0.9,11,11,53.35280711300672,True
primary_52kw,source_test,11,source_thermal_network_plus_hist_gradient_residual,long_55min,temp_rotor,5.915127791049823,4.897328295517309,10.682925230096401,0,0,3300,0.9,11,11,76.0350692569643,True
primary_52kw,source_test,12,initial_state_persistence,matched_20min,temp_winding,7.422918912286097,7.108713897069295,9.759418487548828,0,0,1200,0.9,11,11,84.5393295288086,True
primary_52kw,source_test,12,initial_state_persistence,matched_20min,temp_stator_core,4.520584163289834,4.3447245796521505,5.5359907150268555,0,0,1200,0.9,11,11,43.12060832977295,True
primary_52kw,source_test,12,initial_state_persistence,matched_20min,temp_rotor,8.645145273471613,7.8967040300369264,12.505908966064453,0,0,1200,0.9,11,11,44.5918083190918,True
primary_52kw,source_test,12,boundary_shift_persistence,matched_20min,temp_winding,7.392863068557667,7.076419842640559,9.985037803649902,0,0,1200,0.9,11,11,83.22904014587402,True
primary_52kw,source_test,12,boundary_shift_persistence,matched_20min,temp_stator_core,4.4926354133194915,4.311858787933986,5.7524895668029785,0,0,1200,0.9,11,11,41.81879949569702,True
primary_52kw,source_test,12,boundary_shift_persistence,matched_20min,temp_rotor,8.61520043453063,7.863814865350723,12.785933494567871,0,0,1200,0.9,11,11,43.09916067123413,True
primary_52kw,source_test,12,source_ridge_arx,matched_20min,temp_winding,13.416566081611574,11.136587891560591,22.393690205846646,0,0,1200,0.9,11,11,44.40516317193192,True
primary_52kw,source_test,12,source_ridge_arx,matched_20min,temp_stator_core,5.9158608686267415,4.701498841695164,10.97965655621524,0,0,1200,0.9,11,11,20.165374811697745,True
primary_52kw,source_test,12,source_ridge_arx,matched_20min,temp_rotor,2.663845961206902,1.9573978260755345,6.409299669876155,0,0,1200,0.9,11,11,20.195055477343217,True
primary_52kw,source_test,12,source_positive_thermal_network_raw,matched_20min,temp_winding,0.6709219397297931,0.6121163608912714,1.368771625661779,0,0,1200,0.9,11,11,8.058477992829793,True
primary_52kw,source_test,12,source_positive_thermal_network_raw,matched_20min,temp_stator_core,0.7672097789239652,0.7183044518830078,1.2884502492533656,0,0,1200,0.9,11,11,4.317487049649287,True
primary_52kw,source_test,12,source_positive_thermal_network_raw,matched_20min,temp_rotor,2.4312474042076033,2.278201539639204,3.192110163363161,0,0,1200,0.9,11,11,3.8103349184627646,True
primary_52kw,source_test,12,source_positive_thermal_network_normalized,matched_20min,temp_winding,16.22023699452396,14.427047523548172,24.12473810002671,0,0,1200,0.9,11,11,91.6367414043593,True
primary_52kw,source_test,12,source_positive_thermal_network_normalized,matched_20min,temp_stator_core,7.099125132854762,5.885511852224984,11.803766888244631,0,0,1200,0.9,11,11,46.703099435902075,True
primary_52kw,source_test,12,source_positive_thermal_network_normalized,matched_20min,temp_rotor,2.9861010685798557,2.1647834070189282,6.932082715789676,0,0,1200,0.9,11,11,26.741334745280255,True
primary_52kw,source_test,12,target_only_prefix_positive_thermal_network,matched_20min,temp_winding,2.4014443019548395,2.1886020784940428,3.933865798435008,0,0,1200,0.9,11,11,77.82053604032467,True
primary_52kw,source_test,12,target_only_prefix_positive_thermal_network,matched_20min,temp_stator_core,1.1968607772609916,1.1404399083649244,1.7628950551102065,0,0,1200,0.9,11,11,37.807280442993864,True
primary_52kw,source_test,12,target_only_prefix_positive_thermal_network,matched_20min,temp_rotor,3.9171773454927847,3.332102620979166,6.6235275763683035,0,0,1200,0.9,11,11,66.9920696371392,True
primary_52kw,source_test,12,source_prior_prefix_calibrated_thermal_network,matched_20min,temp_winding,1.979344101885624,1.7745867202231984,3.3734628601215775,0,0,1200,0.9,11,11,158.88348129701578,True
primary_52kw,source_test,12,source_prior_prefix_calibrated_thermal_network,matched_20min,temp_stator_core,0.9047274543386772,0.869980717574521,1.3885821367287718,0,0,1200,0.9,11,11,87.26464177119581,True
primary_52kw,source_test,12,source_prior_prefix_calibrated_thermal_network,matched_20min,temp_rotor,0.7799221633804827,0.5891427960946581,1.6599290744356665,0,0,1200,0.9,11,11,72.05810209289089,True
primary_52kw,source_test,12,source_thermal_network_plus_hist_gradient_residual,matched_20min,temp_winding,3.643471218333068,2.8904000575925712,6.449139464993159,0,0,1200,0.9,11,11,100.59973429916747,True
primary_52kw,source_test,12,source_thermal_network_plus_hist_gradient_residual,matched_20min,temp_stator_core,1.7096835237764234,1.5441516453091162,2.908175973264001,0,0,1200,0.9,11,11,51.64725876607824,True
primary_52kw,source_test,12,source_thermal_network_plus_hist_gradient_residual,matched_20min,temp_rotor,2.382337431158206,2.2648856087604203,3.081326413805762,0,0,1200,0.9,11,11,38.45485090596043,True
primary_52kw,source_test,12,initial_state_persistence,long_55min,temp_winding,9.100294728060677,8.904694095958362,10.317569732666016,0,0,3300,0.9,11,11,84.5393295288086,True
primary_52kw,source_test,12,initial_state_persistence,long_55min,temp_stator_core,5.788947938923794,5.642865738435225,6.956500053405762,0,0,3300,0.9,11,11,54.20914964644625,True
primary_52kw,source_test,12,initial_state_persistence,long_55min,temp_rotor,12.956381052416042,12.312727261745568,16.11263656616211,0,0,3300,0.9,11,11,60.4376106262207,True
primary_52kw,source_test,12,boundary_shift_persistence,long_55min,temp_winding,9.042017519141702,8.846219396013202,10.642385959625244,0,0,3300,0.9,11,11,83.22904014587402,True
primary_52kw,source_test,12,boundary_shift_persistence,long_55min,temp_stator_core,5.730445022720665,5.584183134021181,7.253283977508545,0,0,3300,0.9,11,11,41.81879949569702,True
primary_52kw,source_test,12,boundary_shift_persistence,long_55min,temp_rotor,12.895701774728485,12.25403615807042,16.440675735473633,0,0,3300,0.9,11,11,58.651503562927246,True
primary_52kw,source_test,12,source_ridge_arx,long_55min,temp_winding,24.284774313851116,22.25312670327348,31.225291691234816,0,0,3300,0.9,11,11,100.60851049874432,True
primary_52kw,source_test,12,source_ridge_arx,long_55min,temp_stator_core,11.897995855362595,10.728551891409325,15.764456687027575,0,0,3300,0.9,11,11,53.478514352305695,True
primary_52kw,source_test,12,source_ridge_arx,long_55min,temp_rotor,13.51254593370766,10.953108346359972,23.196962835249522,0,0,3300,0.9,11,11,61.84799336357375,True
primary_52kw,source_test,12,source_positive_thermal_network_raw,long_55min,temp_winding,0.8648360866351189,0.8288895764750162,1.368771625661779,0,0,3300,0.9,11,11,8.058477992829793,True
primary_52kw,source_test,12,source_positive_thermal_network_raw,long_55min,temp_stator_core,1.1094836308640341,1.0402230833430988,1.6401567693700159,0,0,3300,0.9,11,11,4.317487049649287,True
primary_52kw,source_test,12,source_positive_thermal_network_raw,long_55min,temp_rotor,3.222594732632234,3.113394735273036,4.028995316593615,0,0,3300,0.9,11,11,11.446914133615152,True
primary_52kw,source_test,12,source_positive_thermal_network_normalized,long_55min,temp_winding,24.748558381795558,23.35085410554153,30.266724302102674,0,0,3300,0.9,11,11,101.29640119762121,True
primary_52kw,source_test,12,source_positive_thermal_network_normalized,long_55min,temp_stator_core,12.02066449944438,11.082119350083714,15.328049259023658,0,0,3300,0.9,11,11,54.97217087610552,True
primary_52kw,source_test,12,source_positive_thermal_network_normalized,long_55min,temp_rotor,13.35182989726199,10.948466002408155,22.385839486765647,0,0,3300,0.9,11,11,82.26708390748487,True
primary_52kw,source_test,12,target_only_prefix_positive_thermal_network,long_55min,temp_winding,3.5539863944441126,3.3826265563240714,4.524564564815769,0,0,3300,0.9,11,11,77.82053604032467,True
primary_52kw,source_test,12,target_only_prefix_positive_thermal_network,long_55min,temp_stator_core,2.1600004366844585,2.0174815479219244,3.1298584515249317,0,0,3300,0.9,11,11,42.145532071682865,True
primary_52kw,source_test,12,target_only_prefix_positive_thermal_network,long_55min,temp_rotor,7.509492215114952,6.865454095335174,10.137188214698774,0,0,3300,0.9,11,11,138.2980749333059,True
primary_52kw,source_test,12,source_prior_prefix_calibrated_thermal_network,long_55min,temp_winding,3.0518958023901326,2.88402712829206,3.8748172006700727,0,0,3300,0.9,11,11,204.7751659079178,True
primary_52kw,source_test,12,source_prior_prefix_calibrated_thermal_network,long_55min,temp_stator_core,1.8388028262123528,1.6904266274352178,2.7318501382017004,0,0,3300,0.9,11,11,116.58849929725883,True
primary_52kw,source_test,12,source_prior_prefix_calibrated_thermal_network,long_55min,temp_rotor,2.6607640903490966,2.250159936164493,4.238278342535061,0,0,3300,0.9,11,11,173.51017507687476,True
primary_52kw,source_test,12,source_thermal_network_plus_hist_gradient_residual,long_55min,temp_winding,9.507234658144654,7.865433199720935,18.99259248361902,0,0,3300,0.9,11,11,101.24019123659465,True
primary_52kw,source_test,12,source_thermal_network_plus_hist_gradient_residual,long_55min,temp_stator_core,4.097816309437332,3.4183681458249704,8.995525982118188,0,0,3300,0.9,11,11,53.35280711300672,True
primary_52kw,source_test,12,source_thermal_network_plus_hist_gradient_residual,long_55min,temp_rotor,4.262349169087603,3.29806446367069,11.096716745902931,0,0,3300,0.9,11,11,76.0350692569643,True
primary_52kw,source_test,14,initial_state_persistence,matched_20min,temp_winding,9.969720617865775,9.495701376597093,12.291599273681648,0,0,1200,0.9,11,11,84.5393295288086,True
primary_52kw,source_test,14,initial_state_persistence,matched_20min,temp_stator_core,7.196093712943401,6.839627033074697,9.35875415802002,0,0,1200,0.9,11,11,43.12060832977295,True
primary_52kw,source_test,14,initial_state_persistence,matched_20min,temp_rotor,13.161312010365288,12.084773845672608,18.677307128906243,0,0,1200,0.9,11,11,44.5918083190918,True
primary_52kw,source_test,14,boundary_shift_persistence,matched_20min,temp_winding,9.846044140835632,9.405460555156077,12.866634368896491,0,0,1200,0.9,11,11,83.22904014587402,True
primary_52kw,source_test,14,boundary_shift_persistence,matched_20min,temp_stator_core,7.0706293673626,6.74981426914533,9.674091339111328,0,0,1200,0.9,11,11,41.81879949569702,True
primary_52kw,source_test,14,boundary_shift_persistence,matched_20min,temp_rotor,13.016710704282785,11.99496108174324,18.219962120056152,0,0,1200,0.9,11,11,43.09916067123413,True
primary_52kw,source_test,14,source_ridge_arx,matched_20min,temp_winding,5.712265665160059,4.598459417487076,10.43982152077865,0,0,1200,0.9,11,11,44.40516317193192,True
primary_52kw,source_test,14,source_ridge_arx,matched_20min,temp_stator_core,2.1801922088797854,1.7303832479048522,4.190550384026878,0,0,1200,0.9,11,11,20.165374811697745,True
primary_52kw,source_test,14,source_ridge_arx,matched_20min,temp_rotor,2.1576539073934744,1.8910206033438854,3.2621919540006274,0,0,1200,0.9,11,11,20.195055477343217,True
primary_52kw,source_test,14,source_positive_thermal_network_raw,matched_20min,temp_winding,0.770521720393059,0.7299800818579635,1.3447445898101336,0,0,1200,0.9,11,11,8.058477992829793,True
primary_52kw,source_test,14,source_positive_thermal_network_raw,matched_20min,temp_stator_core,0.5117948324963189,0.455867633294536,1.324488320447898,0,0,1200,0.9,11,11,4.317487049649287,True
primary_52kw,source_test,14,source_positive_thermal_network_raw,matched_20min,temp_rotor,0.6526155595499893,0.5741218728196602,1.2792248550563485,0,0,1200,0.9,11,11,3.8103349184627646,True
primary_52kw,source_test,14,source_positive_thermal_network_normalized,matched_20min,temp_winding,6.045667668152765,4.984920061867192,10.473702618360747,0,0,1200,0.9,11,11,91.6367414043593,True
primary_52kw,source_test,14,source_positive_thermal_network_normalized,matched_20min,temp_stator_core,2.2180550299148725,1.7780640455233534,4.172098463388373,0,0,1200,0.9,11,11,46.703099435902075,True
primary_52kw,source_test,14,source_positive_thermal_network_normalized,matched_20min,temp_rotor,2.3990425121438625,2.1145135151220824,3.5637415174311613,0,0,1200,0.9,11,11,26.741334745280255,True
primary_52kw,source_test,14,target_only_prefix_positive_thermal_network,matched_20min,temp_winding,0.5010760184552187,0.4355350501316356,1.0037387839735032,0,0,1200,0.9,11,11,77.82053604032467,True
primary_52kw,source_test,14,target_only_prefix_positive_thermal_network,matched_20min,temp_stator_core,1.2494453950255198,1.039295568394604,2.271016725671494,0,0,1200,0.9,11,11,37.807280442993864,True
primary_52kw,source_test,14,target_only_prefix_positive_thermal_network,matched_20min,temp_rotor,2.7322875475465818,2.2374358847697637,4.9484965854527445,0,0,1200,0.9,11,11,66.9920696371392,True
primary_52kw,source_test,14,source_prior_prefix_calibrated_thermal_network,matched_20min,temp_winding,18.14093994107231,15.282448454370043,32.67525382792486,0,0,1200,0.9,11,11,158.88348129701578,True
primary_52kw,source_test,14,source_prior_prefix_calibrated_thermal_network,matched_20min,temp_stator_core,7.8214682319083275,6.441387408961045,14.625141256158173,0,0,1200,0.9,11,11,87.26464177119581,True
primary_52kw,source_test,14,source_prior_prefix_calibrated_thermal_network,matched_20min,temp_rotor,10.937295448239647,8.83472287805784,21.103757067469743,0,0,1200,0.9,11,11,72.05810209289089,True
primary_52kw,source_test,14,source_thermal_network_plus_hist_gradient_residual,matched_20min,temp_winding,12.691653660157982,8.956816316054972,27.44694890313538,0,0,1200,0.9,11,11,100.59973429916747,True
primary_52kw,source_test,14,source_thermal_network_plus_hist_gradient_residual,matched_20min,temp_stator_core,5.422965702291596,3.688499581550926,12.67552831968775,0,0,1200,0.9,11,11,51.64725876607824,True
primary_52kw,source_test,14,source_thermal_network_plus_hist_gradient_residual,matched_20min,temp_rotor,5.807140917640173,3.895197748762859,15.002274195400183,0,0,1200,0.9,11,11,38.45485090596043,True
primary_52kw,source_test,14,initial_state_persistence,long_55min,temp_winding,11.823043946917426,11.570311050415043,13.896099090576179,0,0,3300,0.9,11,11,84.5393295288086,True
primary_52kw,source_test,14,initial_state_persistence,long_55min,temp_stator_core,8.805989684837922,8.59906323375124,9.87929630279541,0,0,3300,0.9,11,11,54.20914964644625,True
primary_52kw,source_test,14,initial_state_persistence,long_55min,temp_rotor,19.072589413076468,18.205703232505105,23.3837890625,0,0,3300,0.9,11,11,60.4376106262207,True
primary_52kw,source_test,14,boundary_shift_persistence,long_55min,temp_winding,11.469311069608244,11.243606230417893,13.831233501434333,0,0,3300,0.9,11,11,83.22904014587402,True
primary_52kw,source_test,14,boundary_shift_persistence,long_55min,temp_stator_core,8.450968242493333,8.27251407103105,9.850571155548096,0,0,3300,0.9,11,11,41.81879949569702,True
primary_52kw,source_test,14,boundary_shift_persistence,long_55min,temp_rotor,18.69775195327931,17.879154069784917,23.14305019378662,0,0,3300,0.9,11,11,58.651503562927246,True
primary_52kw,source_test,14,source_ridge_arx,long_55min,temp_winding,11.182770134311376,10.128901348131985,15.066044434984363,0,0,3300,0.9,11,11,100.60851049874432,True
primary_52kw,source_test,14,source_ridge_arx,long_55min,temp_stator_core,5.228607031053724,4.62850442915194,7.3402814762651545,0,0,3300,0.9,11,11,53.478514352305695,True
primary_52kw,source_test,14,source_ridge_arx,long_55min,temp_rotor,7.147948258288298,5.812711393938314,13.2908923307115,0,0,3300,0.9,11,11,61.84799336357375,True
primary_52kw,source_test,14,source_positive_thermal_network_raw,long_55min,temp_winding,1.2565832360369178,1.1842271174781485,2.091457539352774,0,0,3300,0.9,11,11,8.058477992829793,True
primary_52kw,source_test,14,source_positive_thermal_network_raw,long_55min,temp_stator_core,0.5276531988691511,0.49680005582813724,1.324488320447898,0,0,3300,0.9,11,11,4.317487049649287,True
primary_52kw,source_test,14,source_positive_thermal_network_raw,long_55min,temp_rotor,1.936419382150348,1.6979497452210992,3.0548737579752085,0,0,3300,0.9,11,11,11.446914133615152,True
primary_52kw,source_test,14,source_positive_thermal_network_normalized,long_55min,temp_winding,11.022050687334042,10.089509646185066,14.286483836282159,0,0,3300,0.9,11,11,101.29640119762121,True
primary_52kw,source_test,14,source_positive_thermal_network_normalized,long_55min,temp_stator_core,5.066099651836832,4.511959775383309,7.041679196812126,0,0,3300,0.9,11,11,54.97217087610552,True
primary_52kw,source_test,14,source_positive_thermal_network_normalized,long_55min,temp_rotor,6.720449190420433,5.528925688821016,12.415959929107444,0,0,3300,0.9,11,11,82.26708390748487,True
primary_52kw,source_test,14,target_only_prefix_positive_thermal_network,long_55min,temp_winding,1.0614618774321705,0.9306077956489578,2.35009295399081,0,0,3300,0.9,11,11,77.82053604032467,True
primary_52kw,source_test,14,target_only_prefix_positive_thermal_network,long_55min,temp_stator_core,2.142098203995598,1.9717375454628046,2.9174855035832223,0,0,3300,0.9,11,11,42.145532071682865,True
primary_52kw,source_test,14,target_only_prefix_positive_thermal_network,long_55min,temp_rotor,6.207351256275767,5.538328733065379,8.93032457429382,0,0,3300,0.9,11,11,138.2980749333059,True
primary_52kw,source_test,14,source_prior_prefix_calibrated_thermal_network,long_55min,temp_winding,48.679506755045175,42.43258775908933,79.38703536603893,0,0,3300,0.9,11,11,204.7751659079178,True
primary_52kw,source_test,14,source_prior_prefix_calibrated_thermal_network,long_55min,temp_stator_core,23.0892527078139,19.827983612872004,38.43271524773455,0,0,3300,0.9,11,11,116.58849929725883,True
primary_52kw,source_test,14,source_prior_prefix_calibrated_thermal_network,long_55min,temp_rotor,36.179287124432335,30.561406169826196,62.175355891740395,0,0,3300,0.9,11,11,173.51017507687476,True
primary_52kw,source_test,14,source_thermal_network_plus_hist_gradient_residual,long_55min,temp_winding,28.9649235912163,25.475527342476774,37.426115052311474,0,0,3300,0.9,11,11,101.24019123659465,True
primary_52kw,source_test,14,source_thermal_network_plus_hist_gradient_residual,long_55min,temp_stator_core,14.861590637621946,12.84044488294967,19.76145186733747,0,0,3300,0.9,11,11,53.35280711300672,True
primary_52kw,source_test,14,source_thermal_network_plus_hist_gradient_residual,long_55min,temp_rotor,23.12862070962985,19.412160170911257,32.05579255868321,0,0,3300,0.9,11,11,76.0350692569643,True
primary_52kw,source_test,20,initial_state_persistence,matched_20min,temp_winding,29.50100920594491,20.65572239557902,61.437171936035156,0,0,1200,0.9,11,11,84.5393295288086,True
primary_52kw,source_test,20,initial_state_persistence,matched_20min,temp_stator_core,14.767327218815126,10.734597199757895,33.110740661621094,0,0,1200,0.9,11,11,43.12060832977295,True
primary_52kw,source_test,20,initial_state_persistence,matched_20min,temp_rotor,20.24879288010082,15.742197596232096,44.70777893066406,0,0,1200,0.9,11,11,44.5918083190918,False
primary_52kw,source_test,20,boundary_shift_persistence,matched_20min,temp_winding,28.79683167233156,19.844649693171185,60.64558267593384,0,0,1200,0.9,11,11,83.22904014587402,True
primary_52kw,source_test,20,boundary_shift_persistence,matched_20min,temp_stator_core,14.049158627939123,9.925649662017822,32.201650619506836,0,0,1200,0.9,11,11,41.81879949569702,True
primary_52kw,source_test,20,boundary_shift_persistence,matched_20min,temp_rotor,19.48616638691946,14.932310752868652,43.686256885528564,0,0,1200,0.9,11,11,43.09916067123413,False
primary_52kw,source_test,20,source_ridge_arx,matched_20min,temp_winding,9.743353304974866,7.9164804851621495,17.080110759783352,0,0,1200,0.9,11,11,44.40516317193192,True
primary_52kw,source_test,20,source_ridge_arx,matched_20min,temp_stator_core,4.551018049943857,3.3837221584475854,10.147542288707577,0,0,1200,0.9,11,11,20.165374811697745,True
primary_52kw,source_test,20,source_ridge_arx,matched_20min,temp_rotor,9.012374245891273,5.993613913481295,21.887906247320274,0,0,1200,0.9,11,11,20.195055477343217,False
primary_52kw,source_test,20,source_positive_thermal_network_raw,matched_20min,temp_winding,2.944471385390954,1.9961886300145466,6.089777632546856,0,0,1200,0.9,11,11,8.058477992829793,True
primary_52kw,source_test,20,source_positive_thermal_network_raw,matched_20min,temp_stator_core,1.7104422695625006,1.265289633006889,3.670167835175967,0,0,1200,0.9,11,11,4.317487049649287,True
primary_52kw,source_test,20,source_positive_thermal_network_raw,matched_20min,temp_rotor,3.3526174244764344,2.1804665990545526,7.32715441878824,0,0,1200,0.9,11,11,3.8103349184627646,False
primary_52kw,source_test,20,source_positive_thermal_network_normalized,matched_20min,temp_winding,8.375871663947345,7.256333096766695,15.661069264630811,0,0,1200,0.9,11,11,91.6367414043593,True
primary_52kw,source_test,20,source_positive_thermal_network_normalized,matched_20min,temp_stator_core,3.419829970193312,2.9013936651927783,6.543879410612313,0,0,1200,0.9,11,11,46.703099435902075,True
primary_52kw,source_test,20,source_positive_thermal_network_normalized,matched_20min,temp_rotor,7.92331928471245,5.292358725630012,18.860027083434147,0,0,1200,0.9,11,11,26.741334745280255,True
primary_52kw,source_test,20,target_only_prefix_positive_thermal_network,matched_20min,temp_winding,10.32681078774064,5.894421344539097,26.565925228294248,0,0,1200,0.9,11,11,77.82053604032467,True
primary_52kw,source_test,20,target_only_prefix_positive_thermal_network,matched_20min,temp_stator_core,8.800761822915916,5.175035369038578,20.099764756284387,0,0,1200,0.9,11,11,37.807280442993864,True
primary_52kw,source_test,20,target_only_prefix_positive_thermal_network,matched_20min,temp_rotor,3.9829694195654124,3.142718708637291,8.043269796173469,0,0,1200,0.9,11,11,66.9920696371392,True
primary_52kw,source_test,20,source_prior_prefix_calibrated_thermal_network,matched_20min,temp_winding,8.779027101506742,5.670852670585773,18.61169902472865,0,0,1200,0.9,11,11,158.88348129701578,True
primary_52kw,source_test,20,source_prior_prefix_calibrated_thermal_network,matched_20min,temp_stator_core,2.2403973290320707,1.6203497018950577,6.347755591092174,0,0,1200,0.9,11,11,87.26464177119581,True
primary_52kw,source_test,20,source_prior_prefix_calibrated_thermal_network,matched_20min,temp_rotor,9.26270623522705,7.953260575403895,15.790983794654665,0,0,1200,0.9,11,11,72.05810209289089,True
primary_52kw,source_test,20,source_thermal_network_plus_hist_gradient_residual,matched_20min,temp_winding,23.279658264571047,21.12804251577972,38.47119483008095,0,0,1200,0.9,11,11,100.59973429916747,True
primary_52kw,source_test,20,source_thermal_network_plus_hist_gradient_residual,matched_20min,temp_stator_core,11.60808797510026,10.450217126416144,18.999841093139793,0,0,1200,0.9,11,11,51.64725876607824,True
primary_52kw,source_test,20,source_thermal_network_plus_hist_gradient_residual,matched_20min,temp_rotor,14.633919372002575,13.030775407823786,24.23897596331267,0,0,1200,0.9,11,11,38.45485090596043,True
primary_52kw,source_test,20,initial_state_persistence,long_55min,temp_winding,39.94225408778778,29.123858385953035,70.41771697998048,0,0,3300,0.9,11,11,84.5393295288086,True
primary_52kw,source_test,20,initial_state_persistence,long_55min,temp_stator_core,22.09242630189027,17.184747080947414,38.55459213256836,0,0,3300,0.9,11,11,54.20914964644625,True
primary_52kw,source_test,20,initial_state_persistence,long_55min,temp_rotor,36.52071788877105,31.537433710965242,59.387168884277344,0,0,3300,0.9,11,11,60.4376106262207,True
primary_52kw,source_test,20,boundary_shift_persistence,long_55min,temp_winding,38.9258369727295,27.74553008137327,69.85882425308228,0,0,3300,0.9,11,11,83.22904014587402,True
primary_52kw,source_test,20,boundary_shift_persistence,long_55min,temp_stator_core,20.981630745258116,15.807191563519565,37.63926935195923,0,0,3300,0.9,11,11,41.81879949569702,True
primary_52kw,source_test,20,boundary_shift_persistence,long_55min,temp_rotor,35.20620157514308,30.159536627856166,58.057026863098145,0,0,3300,0.9,11,11,58.651503562927246,True
primary_52kw,source_test,20,source_ridge_arx,long_55min,temp_winding,26.281287659165276,20.20465940770464,47.636084812504805,0,0,3300,0.9,11,11,100.60851049874432,True
primary_52kw,source_test,20,source_ridge_arx,long_55min,temp_stator_core,12.941297933212494,9.873027487062508,24.296598274662742,0,0,3300,0.9,11,11,53.478514352305695,True
primary_52kw,source_test,20,source_ridge_arx,long_55min,temp_rotor,17.64369809580846,14.733448150816237,28.285524089631565,0,0,3300,0.9,11,11,61.84799336357375,True
primary_52kw,source_test,20,source_positive_thermal_network_raw,long_55min,temp_winding,2.7794911394160007,2.335337648671128,6.089777632546856,0,0,3300,0.9,11,11,8.058477992829793,True
primary_52kw,source_test,20,source_positive_thermal_network_raw,long_55min,temp_stator_core,1.4318891188180327,1.0925631225118622,3.670167835175967,0,0,3300,0.9,11,11,4.317487049649287,True
primary_52kw,source_test,20,source_positive_thermal_network_raw,long_55min,temp_rotor,6.348396192975425,5.16120796053561,10.49073641975238,0,0,3300,0.9,11,11,11.446914133615152,True
primary_52kw,source_test,20,source_positive_thermal_network_normalized,long_55min,temp_winding,23.565849542269632,18.513281216280905,46.60205071612461,0,0,3300,0.9,11,11,101.29640119762121,True
primary_52kw,source_test,20,source_positive_thermal_network_normalized,long_55min,temp_stator_core,11.609269933344047,8.895396870186225,23.47516871181149,0,0,3300,0.9,11,11,54.97217087610552,True
primary_52kw,source_test,20,source_positive_thermal_network_normalized,long_55min,temp_rotor,16.947667321548103,13.952871095367806,27.6470766065775,0,0,3300,0.9,11,11,82.26708390748487,True
primary_52kw,source_test,20,target_only_prefix_positive_thermal_network,long_55min,temp_winding,14.285966527131341,9.7788607278738,29.504603057915403,0,0,3300,0.9,11,11,77.82053604032467,True
primary_52kw,source_test,20,target_only_prefix_positive_thermal_network,long_55min,temp_stator_core,11.720758161340305,8.391621037712568,22.487394103650672,0,0,3300,0.9,11,11,42.145532071682865,True
primary_52kw,source_test,20,target_only_prefix_positive_thermal_network,long_55min,temp_rotor,22.37578577005194,16.176879581839252,38.970935262132016,0,0,3300,0.9,11,11,138.2980749333059,True
primary_52kw,source_test,20,source_prior_prefix_calibrated_thermal_network,long_55min,temp_winding,10.921860109783728,7.4848858326885015,21.244654212860326,0,0,3300,0.9,11,11,204.7751659079178,True
primary_52kw,source_test,20,source_prior_prefix_calibrated_thermal_network,long_55min,temp_stator_core,3.955314037977761,3.241652595223091,7.182200278483961,0,0,3300,0.9,11,11,116.58849929725883,True
primary_52kw,source_test,20,source_prior_prefix_calibrated_thermal_network,long_55min,temp_rotor,72.74200039251133,54.9553106875095,138.96433985310088,0,0,3300,0.9,11,11,173.51017507687476,True
primary_52kw,source_test,20,source_thermal_network_plus_hist_gradient_residual,long_55min,temp_winding,28.682117958315306,26.28649326294284,41.673591085167544,0,0,3300,0.9,11,11,101.24019123659465,True
primary_52kw,source_test,20,source_thermal_network_plus_hist_gradient_residual,long_55min,temp_stator_core,14.614917292932834,13.329119896604016,22.184273138665716,0,0,3300,0.9,11,11,53.35280711300672,True
primary_52kw,source_test,20,source_thermal_network_plus_hist_gradient_residual,long_55min,temp_rotor,20.21332995290312,16.861610031464867,34.96531201071514,0,0,3300,0.9,11,11,76.0350692569643,True
primary_52kw,source_test,26,initial_state_persistence,matched_20min,temp_winding,20.888896546572436,20.225097414652506,23.27519989013672,0,0,1200,0.9,11,11,84.5393295288086,True
primary_52kw,source_test,26,initial_state_persistence,matched_20min,temp_stator_core,15.83643263614348,15.285656929016113,17.873109817504883,0,0,1200,0.9,11,11,43.12060832977295,True
primary_52kw,source_test,26,initial_state_persistence,matched_20min,temp_rotor,29.40477887078465,27.2742719523112,40.06015396118164,0,0,1200,0.9,11,11,44.5918083190918,True
primary_52kw,source_test,26,boundary_shift_persistence,matched_20min,temp_winding,19.982944224110142,19.347795242468518,23.115681171417236,0,0,1200,0.9,11,11,83.22904014587402,True
primary_52kw,source_test,26,boundary_shift_persistence,matched_20min,temp_stator_core,14.917488656171844,14.408359183470408,17.50929880142212,0,0,1200,0.9,11,11,41.81879949569702,True
primary_52kw,source_test,26,boundary_shift_persistence,matched_20min,temp_rotor,28.457481229581973,26.396969780127208,39.11456251144409,0,0,1200,0.9,11,11,43.09916067123413,True
primary_52kw,source_test,26,source_ridge_arx,matched_20min,temp_winding,24.561862633969202,22.66681969755691,34.75166763634961,0,0,1200,0.9,11,11,44.40516317193192,True
primary_52kw,source_test,26,source_ridge_arx,matched_20min,temp_stator_core,11.903177027847208,10.802387653554273,17.463162613165963,0,0,1200,0.9,11,11,20.165374811697745,True
primary_52kw,source_test,26,source_ridge_arx,matched_20min,temp_rotor,14.268488312909145,13.431737092607799,18.211626996599108,0,0,1200,0.9,11,11,20.195055477343217,True
primary_52kw,source_test,26,source_positive_thermal_network_raw,matched_20min,temp_winding,2.168459833835208,2.035451067607723,3.498148824296507,0,0,1200,0.9,11,11,8.058477992829793,True
primary_52kw,source_test,26,source_positive_thermal_network_raw,matched_20min,temp_stator_core,1.7357017632648035,1.6262355185819155,2.1679490394846965,0,0,1200,0.9,11,11,4.317487049649287,True
primary_52kw,source_test,26,source_positive_thermal_network_raw,matched_20min,temp_rotor,1.7974974612855557,1.599405985047424,3.3765671415500975,0,0,1200,0.9,11,11,3.8103349184627646,True
primary_52kw,source_test,26,source_positive_thermal_network_normalized,matched_20min,temp_winding,33.670574243966044,32.12768728021532,41.476126953090144,0,0,1200,0.9,11,11,91.6367414043593,True
primary_52kw,source_test,26,source_positive_thermal_network_normalized,matched_20min,temp_stator_core,16.783821993505388,15.718913895237684,21.408641523905935,0,0,1200,0.9,11,11,46.703099435902075,True
primary_52kw,source_test,26,source_positive_thermal_network_normalized,matched_20min,temp_rotor,16.953213243816407,15.898929207792268,21.963103247368906,0,0,1200,0.9,11,11,26.741334745280255,True
primary_52kw,source_test,26,target_only_prefix_positive_thermal_network,matched_20min,temp_winding,5.947660032662691,5.282859655435038,9.299761034948716,0,0,1200,0.9,11,11,77.82053604032467,True
primary_52kw,source_test,26,target_only_prefix_positive_thermal_network,matched_20min,temp_stator_core,4.079052374643862,3.682439514345092,6.0683987265551735,0,0,1200,0.9,11,11,37.807280442993864,True
primary_52kw,source_test,26,target_only_prefix_positive_thermal_network,matched_20min,temp_rotor,13.325050798239227,11.654036122051854,21.347529924752678,0,0,1200,0.9,11,11,66.9920696371392,True
primary_52kw,source_test,26,source_prior_prefix_calibrated_thermal_network,matched_20min,temp_winding,25.865503125505125,22.609454855063106,40.66752102552641,0,0,1200,0.9,11,11,158.88348129701578,True
primary_52kw,source_test,26,source_prior_prefix_calibrated_thermal_network,matched_20min,temp_stator_core,12.308948508269811,10.406699144645849,20.210358403153066,0,0,1200,0.9,11,11,87.26464177119581,True
primary_52kw,source_test,26,source_prior_prefix_calibrated_thermal_network,matched_20min,temp_rotor,3.191671548883061,2.5488240007061775,5.807488336106445,0,0,1200,0.9,11,11,72.05810209289089,True
primary_52kw,source_test,26,source_thermal_network_plus_hist_gradient_residual,matched_20min,temp_winding,21.81426204931206,20.36249523606643,30.553611323330102,0,0,1200,0.9,11,11,100.59973429916747,True
primary_52kw,source_test,26,source_thermal_network_plus_hist_gradient_residual,matched_20min,temp_stator_core,10.289892491092482,9.486957998566838,14.919781273973655,0,0,1200,0.9,11,11,51.64725876607824,True
primary_52kw,source_test,26,source_thermal_network_plus_hist_gradient_residual,matched_20min,temp_rotor,6.3526081111843915,6.155482065169892,7.49001178762407,0,0,1200,0.9,11,11,38.45485090596043,True
primary_52kw,source_test,26,initial_state_persistence,long_55min,temp_winding,20.426807045969472,20.17918754346443,23.27519989013672,0,0,3300,0.9,11,11,84.5393295288086,True
primary_52kw,source_test,26,initial_state_persistence,long_55min,temp_stator_core,16.721358929750274,16.5077758436492,17.873109817504883,0,0,3300,0.9,11,11,54.20914964644625,True
primary_52kw,source_test,26,initial_state_persistence,long_55min,temp_rotor,39.28309522599368,37.86315013307514,45.88240432739259,0,0,3300,0.9,11,11,60.4376106262207,True
primary_52kw,source_test,26,boundary_shift_persistence,long_55min,temp_winding,18.9395150423338,18.684344886144004,23.115681171417236,0,0,3300,0.9,11,11,83.22904014587402,True
primary_52kw,source_test,26,boundary_shift_persistence,long_55min,temp_stator_core,15.20188393735446,15.012934796015422,17.50929880142212,0,0,3300,0.9,11,11,41.81879949569702,True
primary_52kw,source_test,26,boundary_shift_persistence,long_55min,temp_rotor,37.707375145088704,36.36830747575471,44.086266517639174,0,0,3300,0.9,11,11,58.651503562927246,True
primary_52kw,source_test,26,source_ridge_arx,long_55min,temp_winding,35.41387347302451,33.8615642574549,43.00921402299481,0,0,3300,0.9,11,11,100.60851049874432,True
primary_52kw,source_test,26,source_ridge_arx,long_55min,temp_stator_core,18.218053600494667,17.255052622207685,22.70359085288836,0,0,3300,0.9,11,11,53.478514352305695,True
primary_52kw,source_test,26,source_ridge_arx,long_55min,temp_rotor,17.49655685998785,17.031920997004654,20.14175388370745,0,0,3300,0.9,11,11,61.84799336357375,True
primary_52kw,source_test,26,source_positive_thermal_network_raw,long_55min,temp_winding,2.2576198213211827,2.2017514237343048,3.498148824296507,0,0,3300,0.9,11,11,8.058477992829793,True
primary_52kw,source_test,26,source_positive_thermal_network_raw,long_55min,temp_stator_core,1.6395915291777905,1.5898130938681792,2.1679490394846965,0,0,3300,0.9,11,11,4.317487049649287,True
primary_52kw,source_test,26,source_positive_thermal_network_raw,long_55min,temp_rotor,4.739729729275738,4.229586341178513,6.3782966965457035,0,0,3300,0.9,11,11,11.446914133615152,True
primary_52kw,source_test,26,source_positive_thermal_network_normalized,long_55min,temp_winding,40.899919272933104,39.99109465754141,46.33080679858621,0,0,3300,0.9,11,11,101.29640119762121,True
primary_52kw,source_test,26,source_positive_thermal_network_normalized,long_55min,temp_stator_core,21.20348997131988,20.56878519246598,24.5636540938797,0,0,3300,0.9,11,11,54.97217087610552,True
primary_52kw,source_test,26,source_positive_thermal_network_normalized,long_55min,temp_rotor,21.10695586474186,20.5063918410929,24.2488833989256,0,0,3300,0.9,11,11,82.26708390748487,True
primary_52kw,source_test,26,target_only_prefix_positive_thermal_network,long_55min,temp_winding,8.973237053826217,8.471282524391103,11.228465271763099,0,0,3300,0.9,11,11,77.82053604032467,True
primary_52kw,source_test,26,target_only_prefix_positive_thermal_network,long_55min,temp_stator_core,6.083589604281547,5.769186293886047,7.669433229531634,0,0,3300,0.9,11,11,42.145532071682865,True
primary_52kw,source_test,26,target_only_prefix_positive_thermal_network,long_55min,temp_rotor,21.945776922366505,20.492661849297583,27.522184547118897,0,0,3300,0.9,11,11,138.2980749333059,True
primary_52kw,source_test,26,source_prior_prefix_calibrated_thermal_network,long_55min,temp_winding,41.268552632235554,38.65645501526881,50.681884458903596,0,0,3300,0.9,11,11,204.7751659079178,True
primary_52kw,source_test,26,source_prior_prefix_calibrated_thermal_network,long_55min,temp_stator_core,20.792598041984412,19.251159190804245,25.766951590394328,0,0,3300,0.9,11,11,116.58849929725883,True
primary_52kw,source_test,26,source_prior_prefix_calibrated_thermal_network,long_55min,temp_rotor,6.357027671563208,5.748123592248791,8.060402099964492,0,0,3300,0.9,11,11,173.51017507687476,True
primary_52kw,source_test,26,source_thermal_network_plus_hist_gradient_residual,long_55min,temp_winding,30.097783045923215,28.97468772294968,35.96796300695998,0,0,3300,0.9,11,11,101.24019123659465,True
primary_52kw,source_test,26,source_thermal_network_plus_hist_gradient_residual,long_55min,temp_stator_core,15.024479021478337,14.347053138459398,18.48546315044802,0,0,3300,0.9,11,11,53.35280711300672,True
primary_52kw,source_test,26,source_thermal_network_plus_hist_gradient_residual,long_55min,temp_rotor,6.912081515402628,6.823405161323194,8.124964134942275,0,0,3300,0.9,11,11,76.0350692569643,True
primary_52kw,source_test,43,initial_state_persistence,matched_20min,temp_winding,37.143081330137065,31.761703895121173,66.77290343948704,0,0,1200,0.9,11,11,84.5393295288086,True
primary_52kw,source_test,43,initial_state_persistence,matched_20min,temp_stator_core,14.272665176820095,11.144287852420131,27.3693898993484,0,0,1200,0.9,11,11,43.12060832977295,True
primary_52kw,source_test,43,initial_state_persistence,matched_20min,temp_rotor,16.362388576837443,13.877819033288882,27.933024663819367,0,0,1200,0.9,11,11,44.5918083190918,True
primary_52kw,source_test,43,boundary_shift_persistence,matched_20min,temp_winding,43.825912868201094,39.192275962397844,74.28306790987374,0,0,1200,0.9,11,11,83.22904014587402,True
primary_52kw,source_test,43,boundary_shift_persistence,matched_20min,temp_stator_core,20.658915008839525,18.40983946948909,35.04943546530511,0,0,1200,0.9,11,11,41.81879949569702,True
primary_52kw,source_test,43,boundary_shift_persistence,matched_20min,temp_rotor,23.156441456279136,21.354588407517134,35.568261416357316,0,0,1200,0.9,11,11,43.09916067123413,True
primary_52kw,source_test,43,source_ridge_arx,matched_20min,temp_winding,28.757862800842112,24.936384085897696,51.90560443692863,0,0,1200,0.9,11,11,44.40516317193192,False
primary_52kw,source_test,43,source_ridge_arx,matched_20min,temp_stator_core,14.768374683788364,13.06311907621543,25.14399637735726,0,0,1200,0.9,11,11,20.165374811697745,False
primary_52kw,source_test,43,source_ridge_arx,matched_20min,temp_rotor,7.511889953028775,6.568753965754249,11.793017949977468,0,0,1200,0.9,11,11,20.195055477343217,True
primary_52kw,source_test,43,source_positive_thermal_network_raw,matched_20min,temp_winding,3.339512320100454,2.8320852163057677,7.589971227912429,0,0,1200,0.9,11,11,8.058477992829793,True
primary_52kw,source_test,43,source_positive_thermal_network_raw,matched_20min,temp_stator_core,1.9416284348846065,1.5304470328226865,4.5721273685270205,0,0,1200,0.9,11,11,4.317487049649287,False
primary_52kw,source_test,43,source_positive_thermal_network_raw,matched_20min,temp_rotor,0.8559559648195963,0.7084592742615808,2.0816749270613712,0,0,1200,0.9,11,11,3.8103349184627646,True
primary_52kw,source_test,43,source_positive_thermal_network_normalized,matched_20min,temp_winding,11.039779750501483,9.01893816286829,22.415698603357015,0,0,1200,0.9,11,11,91.6367414043593,True
primary_52kw,source_test,43,source_positive_thermal_network_normalized,matched_20min,temp_stator_core,5.432881673589432,4.463964138535931,10.709849479911767,0,0,1200,0.9,11,11,46.703099435902075,True
primary_52kw,source_test,43,source_positive_thermal_network_normalized,matched_20min,temp_rotor,2.317568558833435,2.096358649665319,3.761757144200466,0,0,1200,0.9,11,11,26.741334745280255,True
primary_52kw,source_test,43,target_only_prefix_positive_thermal_network,matched_20min,temp_winding,29.277541879516612,24.752653351239406,48.04821924081837,0,0,1200,0.9,11,11,77.82053604032467,True
primary_52kw,source_test,43,target_only_prefix_positive_thermal_network,matched_20min,temp_stator_core,20.05803749075485,17.21874292131832,30.689133127323757,0,0,1200,0.9,11,11,37.807280442993864,True
primary_52kw,source_test,43,target_only_prefix_positive_thermal_network,matched_20min,temp_rotor,4.24261397631027,3.160010107907786,9.998849028192652,0,0,1200,0.9,11,11,66.9920696371392,True
primary_52kw,source_test,43,source_prior_prefix_calibrated_thermal_network,matched_20min,temp_winding,8.761443459437768,6.565638902990505,19.11971096314788,0,0,1200,0.9,11,11,158.88348129701578,True
primary_52kw,source_test,43,source_prior_prefix_calibrated_thermal_network,matched_20min,temp_stator_core,7.153191057934808,5.969876051593702,12.80205888066125,0,0,1200,0.9,11,11,87.26464177119581,True
primary_52kw,source_test,43,source_prior_prefix_calibrated_thermal_network,matched_20min,temp_rotor,1.424003406468497,0.9741799473789178,3.7373568859377215,0,0,1200,0.9,11,11,72.05810209289089,True
primary_52kw,source_test,43,source_thermal_network_plus_hist_gradient_residual,matched_20min,temp_winding,16.636479922967226,13.530524920030278,32.64919968238863,0,0,1200,0.9,11,11,100.59973429916747,True
primary_52kw,source_test,43,source_thermal_network_plus_hist_gradient_residual,matched_20min,temp_stator_core,7.199507569508089,5.776632038161446,14.98503763787275,0,0,1200,0.9,11,11,51.64725876607824,True
primary_52kw,source_test,43,source_thermal_network_plus_hist_gradient_residual,matched_20min,temp_rotor,4.834768487550126,3.716621075386925,11.574502484506354,0,0,1200,0.9,11,11,38.45485090596043,True
primary_52kw,source_test,43,initial_state_persistence,long_55min,temp_winding,28.25229529301913,23.616009387962276,66.77290343948704,0,0,3300,0.9,11,11,84.5393295288086,True
primary_52kw,source_test,43,initial_state_persistence,long_55min,temp_stator_core,12.234566959916561,10.319777238682247,27.3693898993484,0,0,3300,0.9,11,11,54.20914964644625,True
primary_52kw,source_test,43,initial_state_persistence,long_55min,temp_rotor,21.804514564097992,20.07668199930373,32.78127856504031,0,0,3300,0.9,11,11,60.4376106262207,True
primary_52kw,source_test,43,boundary_shift_persistence,long_55min,temp_winding,32.97832282633241,26.934053605525996,74.28306790987374,0,0,3300,0.9,11,11,83.22904014587402,True
primary_52kw,source_test,43,boundary_shift_persistence,long_55min,temp_stator_core,15.898756379261755,13.433413131126509,35.04943546530511,0,0,3300,0.9,11,11,41.81879949569702,True
primary_52kw,source_test,43,boundary_shift_persistence,long_55min,temp_rotor,28.90638610302332,27.640836774316387,40.32069650920806,0,0,3300,0.9,11,11,58.651503562927246,True
primary_52kw,source_test,43,source_ridge_arx,long_55min,temp_winding,23.754209402070533,20.210410371486734,51.90560443692863,0,0,3300,0.9,11,11,100.60851049874432,True
primary_52kw,source_test,43,source_ridge_arx,long_55min,temp_stator_core,12.288650634565714,10.358555807564835,25.14399637735726,0,0,3300,0.9,11,11,53.478514352305695,True
primary_52kw,source_test,43,source_ridge_arx,long_55min,temp_rotor,8.708346608748947,7.320074367435482,15.743244319408781,0,0,3300,0.9,11,11,61.84799336357375,True
primary_52kw,source_test,43,source_positive_thermal_network_raw,long_55min,temp_winding,2.5923767901524943,2.059666641054607,7.589971227912429,0,0,3300,0.9,11,11,8.058477992829793,True
primary_52kw,source_test,43,source_positive_thermal_network_raw,long_55min,temp_stator_core,1.5870843913743231,1.257005090029996,4.5721273685270205,0,0,3300,0.9,11,11,4.317487049649287,False
primary_52kw,source_test,43,source_positive_thermal_network_raw,long_55min,temp_rotor,2.7026993907596073,2.012669797985889,7.6002119124880565,0,0,3300,0.9,11,11,11.446914133615152,True
primary_52kw,source_test,43,source_positive_thermal_network_normalized,long_55min,temp_winding,13.616395902257619,11.965080695960784,23.477421184947573,0,0,3300,0.9,11,11,101.29640119762121,True
primary_52kw,source_test,43,source_positive_thermal_network_normalized,long_55min,temp_stator_core,6.98986172400562,6.117200747611716,12.346636178045678,0,0,3300,0.9,11,11,54.97217087610552,True
primary_52kw,source_test,43,source_positive_thermal_network_normalized,long_55min,temp_rotor,6.954216476970839,5.6012147075976655,12.466492353823242,0,0,3300,0.9,11,11,82.26708390748487,True
primary_52kw,source_test,43,target_only_prefix_positive_thermal_network,long_55min,temp_winding,25.9250300711265,21.483099656876266,48.04821924081837,0,0,3300,0.9,11,11,77.82053604032467,True
primary_52kw,source_test,43,target_only_prefix_positive_thermal_network,long_55min,temp_stator_core,17.325590958601584,14.349058274591675,30.689133127323757,0,0,3300,0.9,11,11,42.145532071682865,True
primary_52kw,source_test,43,target_only_prefix_positive_thermal_network,long_55min,temp_rotor,7.233000951995056,5.631441985229986,15.401129631684057,0,0,3300,0.9,11,11,138.2980749333059,True
primary_52kw,source_test,43,source_prior_prefix_calibrated_thermal_network,long_55min,temp_winding,8.991629565891477,7.000028637077718,19.381662005637608,0,0,3300,0.9,11,11,204.7751659079178,True
primary_52kw,source_test,43,source_prior_prefix_calibrated_thermal_network,long_55min,temp_stator_core,6.582357437662211,5.433703986022048,13.051274417531154,0,0,3300,0.9,11,11,116.58849929725883,True
primary_52kw,source_test,43,source_prior_prefix_calibrated_thermal_network,long_55min,temp_rotor,10.053008345989955,7.699579180545986,18.0881813830036,0,0,3300,0.9,11,11,173.51017507687476,True
primary_52kw,source_test,43,source_thermal_network_plus_hist_gradient_residual,long_55min,temp_winding,16.248532726641656,13.146974271020488,34.93641314261778,0,0,3300,0.9,11,11,101.24019123659465,True
primary_52kw,source_test,43,source_thermal_network_plus_hist_gradient_residual,long_55min,temp_stator_core,8.109201378179366,6.571641911169151,17.424488203359893,0,0,3300,0.9,11,11,53.35280711300672,True
primary_52kw,source_test,43,source_thermal_network_plus_hist_gradient_residual,long_55min,temp_rotor,9.58531986453136,8.535882438019813,14.171225645166245,0,0,3300,0.9,11,11,76.0350692569643,True
primary_52kw,source_test,45,initial_state_persistence,matched_20min,temp_winding,20.456586388608287,18.19772375205522,35.33859284701094,0,0,1200,0.9,11,11,84.5393295288086,True
primary_52kw,source_test,45,initial_state_persistence,matched_20min,temp_stator_core,23.415089697467668,20.078925698201655,38.4557505611003,0,0,1200,0.9,11,11,43.12060832977295,True
primary_52kw,source_test,45,initial_state_persistence,matched_20min,temp_rotor,15.491552224195441,12.955104635904508,28.742701553583103,0,0,1200,0.9,11,11,44.5918083190918,True
primary_52kw,source_test,45,boundary_shift_persistence,matched_20min,temp_winding,19.878011428591126,17.254384836580506,34.73062066475844,0,0,1200,0.9,11,11,83.22904014587402,True
primary_52kw,source_test,45,boundary_shift_persistence,matched_20min,temp_stator_core,12.696340607311052,10.463354670204211,22.956378491868094,0,0,1200,0.9,11,11,41.81879949569702,True
primary_52kw,source_test,45,boundary_shift_persistence,matched_20min,temp_rotor,7.166172588857958,6.165370568647095,13.035852051415532,0,0,1200,0.9,11,11,43.09916067123413,True
primary_52kw,source_test,45,source_ridge_arx,matched_20min,temp_winding,28.143469177612307,21.476926023779868,50.684008874520686,0,0,1200,0.9,11,11,44.40516317193192,False
primary_52kw,source_test,45,source_ridge_arx,matched_20min,temp_stator_core,13.749188287361212,10.63532113154079,23.93061001750779,0,0,1200,0.9,11,11,20.165374811697745,False
primary_52kw,source_test,45,source_ridge_arx,matched_20min,temp_rotor,7.2401343404712835,6.3934318324798,11.27818709836815,0,0,1200,0.9,11,11,20.195055477343217,True
primary_52kw,source_test,45,source_positive_thermal_network_raw,matched_20min,temp_winding,2.9186044021398945,2.2411899889424753,5.5508743551696185,0,0,1200,0.9,11,11,8.058477992829793,True
primary_52kw,source_test,45,source_positive_thermal_network_raw,matched_20min,temp_stator_core,1.8212969509390913,1.2983777211127396,4.176009093770162,0,0,1200,0.9,11,11,4.317487049649287,True
primary_52kw,source_test,45,source_positive_thermal_network_raw,matched_20min,temp_rotor,2.1522330296437553,1.9463885807879304,3.2288408226555987,0,0,1200,0.9,11,11,3.8103349184627646,True
primary_52kw,source_test,45,source_positive_thermal_network_normalized,matched_20min,temp_winding,14.132079408364085,12.763164604350568,21.898162953413618,0,0,1200,0.9,11,11,91.6367414043593,True
primary_52kw,source_test,45,source_positive_thermal_network_normalized,matched_20min,temp_stator_core,7.363742940088546,6.401621924053961,11.767730778711282,0,0,1200,0.9,11,11,46.703099435902075,True
primary_52kw,source_test,45,source_positive_thermal_network_normalized,matched_20min,temp_rotor,3.239870094096862,2.5752267689323625,6.719410189286663,0,0,1200,0.9,11,11,26.741334745280255,True
primary_52kw,source_test,45,target_only_prefix_positive_thermal_network,matched_20min,temp_winding,6.878576146249482,6.299538888384161,10.47662176091454,0,0,1200,0.9,11,11,77.82053604032467,True
primary_52kw,source_test,45,target_only_prefix_positive_thermal_network,matched_20min,temp_stator_core,1.7097890185524571,1.4322618179987368,3.5439587686599765,0,0,1200,0.9,11,11,37.807280442993864,True
primary_52kw,source_test,45,target_only_prefix_positive_thermal_network,matched_20min,temp_rotor,5.49419106365591,4.443889165165324,12.347862912852598,0,0,1200,0.9,11,11,66.9920696371392,True
primary_52kw,source_test,45,source_prior_prefix_calibrated_thermal_network,matched_20min,temp_winding,76.86571054395779,68.13597011218457,149.0029812962897,45,0,1200,0.9,11,11,158.88348129701578,True
primary_52kw,source_test,45,source_prior_prefix_calibrated_thermal_network,matched_20min,temp_stator_core,39.08465088937836,34.44736760440877,76.40179866655973,45,0,1200,0.9,11,11,87.26464177119581,True
primary_52kw,source_test,45,source_prior_prefix_calibrated_thermal_network,matched_20min,temp_rotor,28.263090463519074,24.07723305972747,53.0534257578545,45,0,1200,0.9,11,11,72.05810209289089,True
primary_52kw,source_test,45,source_thermal_network_plus_hist_gradient_residual,matched_20min,temp_winding,18.932606876741723,15.821750504644196,28.965319522272935,0,0,1200,0.9,11,11,100.59973429916747,True
primary_52kw,source_test,45,source_thermal_network_plus_hist_gradient_residual,matched_20min,temp_stator_core,9.707389992261815,7.978986645066704,15.392384569185836,0,0,1200,0.9,11,11,51.64725876607824,True
primary_52kw,source_test,45,source_thermal_network_plus_hist_gradient_residual,matched_20min,temp_rotor,0.47760990070948467,0.39259663711592274,1.5513722673580261,0,0,1200,0.9,11,11,38.45485090596043,True
primary_52kw,source_test,45,initial_state_persistence,long_55min,temp_winding,17.982990735117582,16.575562925765393,35.33859284701094,0,0,3300,0.9,11,11,84.5393295288086,True
primary_52kw,source_test,45,initial_state_persistence,long_55min,temp_stator_core,32.833144982379,30.870560433038257,42.44597088617685,0,0,3300,0.9,11,11,54.20914964644625,True
primary_52kw,source_test,45,initial_state_persistence,long_55min,temp_rotor,29.319819495048424,26.589636698033367,44.56554078184227,0,0,3300,0.9,11,11,60.4376106262207,True
primary_52kw,source_test,45,boundary_shift_persistence,long_55min,temp_winding,15.135760246608386,12.956401408018516,34.73062066475844,0,0,3300,0.9,11,11,83.22904014587402,True
primary_52kw,source_test,45,boundary_shift_persistence,long_55min,temp_stator_core,11.93643062316549,10.878555005342434,22.956378491868094,0,0,3300,0.9,11,11,41.81879949569702,True
primary_52kw,source_test,45,boundary_shift_persistence,long_55min,temp_rotor,9.072908817865484,7.626253579004071,18.115845622068974,0,0,3300,0.9,11,11,58.651503562927246,True
primary_52kw,source_test,45,source_ridge_arx,long_55min,temp_winding,20.39102669895499,14.994354890846228,50.684008874520686,0,0,3300,0.9,11,11,100.60851049874432,True
primary_52kw,source_test,45,source_ridge_arx,long_55min,temp_stator_core,10.039553832133834,7.471699179416111,23.93061001750779,0,0,3300,0.9,11,11,53.478514352305695,True
primary_52kw,source_test,45,source_ridge_arx,long_55min,temp_rotor,9.032758925159163,8.277820335171228,13.690951545916377,0,0,3300,0.9,11,11,61.84799336357375,True
primary_52kw,source_test,45,source_positive_thermal_network_raw,long_55min,temp_winding,2.1489306293430297,1.6620098261253655,5.5508743551696185,0,0,3300,0.9,11,11,8.058477992829793,True
primary_52kw,source_test,45,source_positive_thermal_network_raw,long_55min,temp_stator_core,1.4354328124194897,1.115779805490637,4.176009093770162,0,0,3300,0.9,11,11,4.317487049649287,True
primary_52kw,source_test,45,source_positive_thermal_network_raw,long_55min,temp_rotor,2.8299530863387274,2.6553486080960567,4.228358024878283,0,0,3300,0.9,11,11,11.446914133615152,True
primary_52kw,source_test,45,source_positive_thermal_network_normalized,long_55min,temp_winding,8.750919737639427,5.874095934846478,21.898162953413618,0,0,3300,0.9,11,11,101.29640119762121,True
primary_52kw,source_test,45,source_positive_thermal_network_normalized,long_55min,temp_stator_core,4.5891953542538255,2.746086426739406,11.767730778711282,0,0,3300,0.9,11,11,54.97217087610552,True
primary_52kw,source_test,45,source_positive_thermal_network_normalized,long_55min,temp_rotor,2.299423620845412,1.5863234253690275,6.719410189286663,0,0,3300,0.9,11,11,82.26708390748487,True
primary_52kw,source_test,45,target_only_prefix_positive_thermal_network,long_55min,temp_winding,5.375593759793468,4.536451783675453,10.47662176091454,0,0,3300,0.9,11,11,77.82053604032467,True
primary_52kw,source_test,45,target_only_prefix_positive_thermal_network,long_55min,temp_stator_core,2.5919471551820235,2.184718857092266,4.969962410102411,0,0,3300,0.9,11,11,42.145532071682865,True
primary_52kw,source_test,45,target_only_prefix_positive_thermal_network,long_55min,temp_rotor,13.914809413454016,12.364713230425817,19.818983505218597,0,0,3300,0.9,11,11,138.2980749333059,True
primary_52kw,source_test,45,source_prior_prefix_calibrated_thermal_network,long_55min,temp_winding,135.06891690181013,125.93284797006957,166.38871413198936,2145,0,3300,0.9,11,11,204.7751659079178,True
primary_52kw,source_test,45,source_prior_prefix_calibrated_thermal_network,long_55min,temp_stator_core,76.07697407357252,70.21123753847117,92.3002632324401,2145,0,3300,0.9,11,11,116.58849929725883,True
primary_52kw,source_test,45,source_prior_prefix_calibrated_thermal_network,long_55min,temp_rotor,72.7340677580272,64.66146973901333,97.74310952145464,2145,0,3300,0.9,11,11,173.51017507687476,True
primary_52kw,source_test,45,source_thermal_network_plus_hist_gradient_residual,long_55min,temp_winding,12.348467916184648,8.203236833011644,28.965319522272935,0,0,3300,0.9,11,11,101.24019123659465,True
primary_52kw,source_test,45,source_thermal_network_plus_hist_gradient_residual,long_55min,temp_stator_core,6.5329838395391056,4.561344616758558,15.392384569185836,0,0,3300,0.9,11,11,53.35280711300672,True
primary_52kw,source_test,45,source_thermal_network_plus_hist_gradient_residual,long_55min,temp_rotor,1.6167619886871096,1.0223522432652123,4.03914363101552,0,0,3300,0.9,11,11,76.0350692569643,True
primary_52kw,source_test,56,initial_state_persistence,matched_20min,temp_winding,10.374708213142053,8.673819874286421,20.560822268702182,0,0,1200,0.9,11,11,84.5393295288086,True
primary_52kw,source_test,56,initial_state_persistence,matched_20min,temp_stator_core,5.466835676569737,4.937224853377568,8.206762959627866,0,0,1200,0.9,11,11,43.12060832977295,True
primary_52kw,source_test,56,initial_state_persistence,matched_20min,temp_rotor,10.599692298490535,9.957794041854955,13.604745966860932,0,0,1200,0.9,11,11,44.5918083190918,True
primary_52kw,source_test,56,boundary_shift_persistence,matched_20min,temp_winding,10.170478621700033,8.563811844686054,20.25697993530528,0,0,1200,0.9,11,11,83.22904014587402,True
primary_52kw,source_test,56,boundary_shift_persistence,matched_20min,temp_stator_core,5.302553454722481,4.827238357896152,7.910978700000882,0,0,1200,0.9,11,11,41.81879949569702,True
primary_52kw,source_test,56,boundary_shift_persistence,matched_20min,temp_rotor,10.498787104963155,9.848108843441054,14.637302141300594,0,0,1200,0.9,11,11,43.09916067123413,True
primary_52kw,source_test,56,source_ridge_arx,matched_20min,temp_winding,7.1426545538609005,6.009400396294531,12.50909497032471,0,0,1200,0.9,11,11,44.40516317193192,True
primary_52kw,source_test,56,source_ridge_arx,matched_20min,temp_stator_core,2.925716652655801,2.5003559959882384,5.307861366704856,0,0,1200,0.9,11,11,20.165374811697745,True
primary_52kw,source_test,56,source_ridge_arx,matched_20min,temp_rotor,4.9065598356967515,4.1160207202844274,8.589842551602416,0,0,1200,0.9,11,11,20.195055477343217,True
primary_52kw,source_test,56,source_positive_thermal_network_raw,matched_20min,temp_winding,4.600379982580667,4.100259671557464,8.955072298788721,0,0,1200,0.9,11,11,8.058477992829793,False
primary_52kw,source_test,56,source_positive_thermal_network_raw,matched_20min,temp_stator_core,2.967526902767379,2.754705380179436,4.099149798625845,0,0,1200,0.9,11,11,4.317487049649287,True
primary_52kw,source_test,56,source_positive_thermal_network_raw,matched_20min,temp_rotor,4.635891849343258,3.6224501061234924,8.469176109448696,0,0,1200,0.9,11,11,3.8103349184627646,False
primary_52kw,source_test,56,source_positive_thermal_network_normalized,matched_20min,temp_winding,23.3008354568672,20.08643890419635,34.318804248034624,0,0,1200,0.9,11,11,91.6367414043593,True
primary_52kw,source_test,56,source_positive_thermal_network_normalized,matched_20min,temp_stator_core,11.566310581364192,9.896762924430375,17.435069228252956,0,0,1200,0.9,11,11,46.703099435902075,True
primary_52kw,source_test,56,source_positive_thermal_network_normalized,matched_20min,temp_rotor,6.612365046168049,5.022079488082257,15.10516133982344,0,0,1200,0.9,11,11,26.741334745280255,True
primary_52kw,source_test,56,target_only_prefix_positive_thermal_network,matched_20min,temp_winding,3.59029741425756,2.9901087809989004,7.171352348102502,0,0,1200,0.9,11,11,77.82053604032467,True
primary_52kw,source_test,56,target_only_prefix_positive_thermal_network,matched_20min,temp_stator_core,0.6032877410043075,0.47833286525037844,2.05941214471396,0,0,1200,0.9,11,11,37.807280442993864,True
primary_52kw,source_test,56,target_only_prefix_positive_thermal_network,matched_20min,temp_rotor,6.147581077249669,5.642813125723114,9.331274042551911,0,0,1200,0.9,11,11,66.9920696371392,True
primary_52kw,source_test,56,source_prior_prefix_calibrated_thermal_network,matched_20min,temp_winding,3.4648064303855937,2.7974184411699556,7.107765632927425,0,0,1200,0.9,11,11,158.88348129701578,True
primary_52kw,source_test,56,source_prior_prefix_calibrated_thermal_network,matched_20min,temp_stator_core,0.8114971924170301,0.6582341443776387,1.6298513150916136,0,0,1200,0.9,11,11,87.26464177119581,True
primary_52kw,source_test,56,source_prior_prefix_calibrated_thermal_network,matched_20min,temp_rotor,6.266599904885709,5.849585271640626,8.61596857440658,0,0,1200,0.9,11,11,72.05810209289089,True
primary_52kw,source_test,56,source_thermal_network_plus_hist_gradient_residual,matched_20min,temp_winding,33.02354967146087,27.68767826243717,51.03113575679123,0,0,1200,0.9,11,11,100.59973429916747,True
primary_52kw,source_test,56,source_thermal_network_plus_hist_gradient_residual,matched_20min,temp_stator_core,15.697971700982983,13.017547610484685,25.50350183631862,0,0,1200,0.9,11,11,51.64725876607824,True
primary_52kw,source_test,56,source_thermal_network_plus_hist_gradient_residual,matched_20min,temp_rotor,12.141195553705836,8.943061940760074,24.05602333375657,0,0,1200,0.9,11,11,38.45485090596043,True
primary_52kw,source_test,56,initial_state_persistence,long_55min,temp_winding,12.609034416512056,10.607833068612015,30.65003287475571,0,0,3300,0.9,11,11,84.5393295288086,True
primary_52kw,source_test,56,initial_state_persistence,long_55min,temp_stator_core,5.511455619939291,4.92889454272351,10.038573007510493,0,0,3300,0.9,11,11,54.20914964644625,True
primary_52kw,source_test,56,initial_state_persistence,long_55min,temp_rotor,8.005116154548354,6.767328828478626,13.604745966860932,0,0,3300,0.9,11,11,60.4376106262207,True
primary_52kw,source_test,56,boundary_shift_persistence,long_55min,temp_winding,13.66128968246321,10.54001797804268,35.45258849131491,0,0,3300,0.9,11,11,83.22904014587402,True
primary_52kw,source_test,56,boundary_shift_persistence,long_55min,temp_stator_core,6.086023531414182,4.785590801505785,17.78386405027075,0,0,3300,0.9,11,11,41.81879949569702,True
primary_52kw,source_test,56,boundary_shift_persistence,long_55min,temp_rotor,9.7894461746539,8.92236290457827,22.788455835716675,0,0,3300,0.9,11,11,58.651503562927246,True
primary_52kw,source_test,56,source_ridge_arx,long_55min,temp_winding,9.026075430380468,8.086450036623939,16.421363450143815,0,0,3300,0.9,11,11,100.60851049874432,True
primary_52kw,source_test,56,source_ridge_arx,long_55min,temp_stator_core,3.895620418569896,3.497138709175133,7.102681639461338,0,0,3300,0.9,11,11,53.478514352305695,True
primary_52kw,source_test,56,source_ridge_arx,long_55min,temp_rotor,6.11252086648305,5.483691986897705,10.065372034712396,0,0,3300,0.9,11,11,61.84799336357375,True
primary_52kw,source_test,56,source_positive_thermal_network_raw,long_55min,temp_winding,3.2364670971340983,2.6280016839758846,8.955072298788721,0,0,3300,0.9,11,11,8.058477992829793,False
primary_52kw,source_test,56,source_positive_thermal_network_raw,long_55min,temp_stator_core,2.4107418199182984,2.110265042830722,4.129140746680875,0,0,3300,0.9,11,11,4.317487049649287,True
primary_52kw,source_test,56,source_positive_thermal_network_raw,long_55min,temp_rotor,4.0530136301140045,2.9788374077256803,8.469176109448696,0,0,3300,0.9,11,11,11.446914133615152,True
primary_52kw,source_test,56,source_positive_thermal_network_normalized,long_55min,temp_winding,32.05922678473487,29.07749482035532,65.51689622522844,0,0,3300,0.9,11,11,101.29640119762121,True
primary_52kw,source_test,56,source_positive_thermal_network_normalized,long_55min,temp_stator_core,16.53108249058492,14.927267468743036,34.23235733849701,0,0,3300,0.9,11,11,54.97217087610552,True
primary_52kw,source_test,56,source_positive_thermal_network_normalized,long_55min,temp_rotor,20.12442953423463,17.379257880054457,34.654856323602246,0,0,3300,0.9,11,11,82.26708390748487,True
primary_52kw,source_test,56,target_only_prefix_positive_thermal_network,long_55min,temp_winding,12.045126742990316,7.402393182308555,35.15654108506777,0,0,3300,0.9,11,11,77.82053604032467,True
primary_52kw,source_test,56,target_only_prefix_positive_thermal_network,long_55min,temp_stator_core,6.850635610839979,4.123536006467946,18.620409095883105,0,0,3300,0.9,11,11,42.145532071682865,True
primary_52kw,source_test,56,target_only_prefix_positive_thermal_network,long_55min,temp_rotor,9.632635233069765,8.836882329244775,18.532800087235458,0,0,3300,0.9,11,11,138.2980749333059,True
primary_52kw,source_test,56,source_prior_prefix_calibrated_thermal_network,long_55min,temp_winding,3.9094817017794976,3.3702539612192988,9.036865978725274,0,0,3300,0.9,11,11,204.7751659079178,True
primary_52kw,source_test,56,source_prior_prefix_calibrated_thermal_network,long_55min,temp_stator_core,1.0430598962081004,0.8351920599295583,3.221088100957502,0,0,3300,0.9,11,11,116.58849929725883,True
primary_52kw,source_test,56,source_prior_prefix_calibrated_thermal_network,long_55min,temp_rotor,6.144901015523098,5.688316606161709,8.930825880344415,0,0,3300,0.9,11,11,173.51017507687476,True
primary_52kw,source_test,56,source_thermal_network_plus_hist_gradient_residual,long_55min,temp_winding,24.548005345224862,18.4929522877334,51.03113575679123,0,0,3300,0.9,11,11,101.24019123659465,True
primary_52kw,source_test,56,source_thermal_network_plus_hist_gradient_residual,long_55min,temp_stator_core,12.27720997870424,9.368540963657034,25.50350183631862,0,0,3300,0.9,11,11,53.35280711300672,True
primary_52kw,source_test,56,source_thermal_network_plus_hist_gradient_residual,long_55min,temp_rotor,13.539875923628248,9.994713266444187,26.04326870385104,0,0,3300,0.9,11,11,76.0350692569643,True
primary_52kw,source_test,59,initial_state_persistence,matched_20min,temp_winding,16.144710444202154,12.48690753439591,34.48404367605015,0,0,1200,0.9,11,11,84.5393295288086,True
primary_52kw,source_test,59,initial_state_persistence,matched_20min,temp_stator_core,9.146008916605567,7.769602086521117,17.026955453911285,0,0,1200,0.9,11,11,43.12060832977295,True
primary_52kw,source_test,59,initial_state_persistence,matched_20min,temp_rotor,13.582001254159161,10.922040341237915,26.872361732327228,0,0,1200,0.9,11,11,44.5918083190918,True
primary_52kw,source_test,59,boundary_shift_persistence,matched_20min,temp_winding,16.066762456462072,12.434456116151551,34.2726948927843,0,0,1200,0.9,11,11,83.22904014587402,True
primary_52kw,source_test,59,boundary_shift_persistence,matched_20min,temp_stator_core,9.067734821303553,7.700342608851188,16.827440863927336,0,0,1200,0.9,11,11,41.81879949569702,True
primary_52kw,source_test,59,boundary_shift_persistence,matched_20min,temp_rotor,13.503914479190524,10.852768992147011,26.639992090082778,0,0,1200,0.9,11,11,43.09916067123413,True
primary_52kw,source_test,59,source_ridge_arx,matched_20min,temp_winding,13.691795064873812,10.7110253651329,30.93812316619818,0,0,1200,0.9,11,11,44.40516317193192,True
primary_52kw,source_test,59,source_ridge_arx,matched_20min,temp_stator_core,6.921500472514233,5.763855864856525,13.856534735008921,0,0,1200,0.9,11,11,20.165374811697745,True
primary_52kw,source_test,59,source_ridge_arx,matched_20min,temp_rotor,3.2790725663165237,2.4866825758310047,8.230770913902262,0,0,1200,0.9,11,11,20.195055477343217,True
primary_52kw,source_test,59,source_positive_thermal_network_raw,matched_20min,temp_winding,2.854517013625912,2.46546327750459,5.984851603086014,0,0,1200,0.9,11,11,8.058477992829793,True
primary_52kw,source_test,59,source_positive_thermal_network_raw,matched_20min,temp_stator_core,2.3407690839187203,2.1103448992818894,3.6963493320671574,0,0,1200,0.9,11,11,4.317487049649287,True
primary_52kw,source_test,59,source_positive_thermal_network_raw,matched_20min,temp_rotor,0.9556843592597466,0.8205509309312039,3.747407156912942,0,0,1200,0.9,11,11,3.8103349184627646,True
primary_52kw,source_test,59,source_positive_thermal_network_normalized,matched_20min,temp_winding,4.002257553667081,3.074591228118188,12.782560252062893,0,0,1200,0.9,11,11,91.6367414043593,True
primary_52kw,source_test,59,source_positive_thermal_network_normalized,matched_20min,temp_stator_core,1.930480194806334,1.581129711000797,5.422508406986253,0,0,1200,0.9,11,11,46.703099435902075,True
primary_52kw,source_test,59,source_positive_thermal_network_normalized,matched_20min,temp_rotor,2.301576166658262,2.0127118590639514,3.8820056017960383,0,0,1200,0.9,11,11,26.741334745280255,True
primary_52kw,source_test,59,target_only_prefix_positive_thermal_network,matched_20min,temp_winding,7.908502095682253,6.250920883139339,19.57272727555477,0,0,1200,0.9,11,11,77.82053604032467,True
primary_52kw,source_test,59,target_only_prefix_positive_thermal_network,matched_20min,temp_stator_core,3.7153454518327758,2.9376159727906974,9.491475933265733,0,0,1200,0.9,11,11,37.807280442993864,True
primary_52kw,source_test,59,target_only_prefix_positive_thermal_network,matched_20min,temp_rotor,7.919816828432544,7.014321826347557,13.937366233570813,0,0,1200,0.9,11,11,66.9920696371392,True
primary_52kw,source_test,59,source_prior_prefix_calibrated_thermal_network,matched_20min,temp_winding,18.49979838481726,14.717706992062274,40.530563190215105,0,0,1200,0.9,11,11,158.88348129701578,True
primary_52kw,source_test,59,source_prior_prefix_calibrated_thermal_network,matched_20min,temp_stator_core,7.8523884048915304,5.980916153583074,18.599630352556076,0,0,1200,0.9,11,11,87.26464177119581,True
primary_52kw,source_test,59,source_prior_prefix_calibrated_thermal_network,matched_20min,temp_rotor,6.090570257660858,4.85217796281856,12.512133333293335,0,0,1200,0.9,11,11,72.05810209289089,True
primary_52kw,source_test,59,source_thermal_network_plus_hist_gradient_residual,matched_20min,temp_winding,18.005867552743208,16.202064651096983,28.77308012169493,0,0,1200,0.9,11,11,100.59973429916747,True
primary_52kw,source_test,59,source_thermal_network_plus_hist_gradient_residual,matched_20min,temp_stator_core,7.476610724789579,6.816602723531524,10.737691744605684,0,0,1200,0.9,11,11,51.64725876607824,True
primary_52kw,source_test,59,source_thermal_network_plus_hist_gradient_residual,matched_20min,temp_rotor,5.374836378282454,4.641339901418238,9.120934579964555,0,0,1200,0.9,11,11,38.45485090596043,True
primary_52kw,source_test,59,initial_state_persistence,long_55min,temp_winding,21.41933415173966,17.785662316841286,45.05312157852423,0,0,3300,0.9,11,11,84.5393295288086,True
primary_52kw,source_test,59,initial_state_persistence,long_55min,temp_stator_core,20.95263324355064,17.347236550524393,40.30532702873815,0,0,3300,0.9,11,11,54.20914964644625,True
primary_52kw,source_test,59,initial_state_persistence,long_55min,temp_rotor,20.59759622686204,18.332601428647504,34.593519652080566,0,0,3300,0.9,11,11,60.4376106262207,True
primary_52kw,source_test,59,boundary_shift_persistence,long_55min,temp_winding,17.520901719833166,14.152461366381418,39.616158361268646,0,0,3300,0.9,11,11,83.22904014587402,True
primary_52kw,source_test,59,boundary_shift_persistence,long_55min,temp_stator_core,10.236607975837385,8.784152332533536,26.642746434881815,0,0,3300,0.9,11,11,41.81879949569702,True
primary_52kw,source_test,59,boundary_shift_persistence,long_55min,temp_rotor,35.70889844413241,31.03248830213499,60.0951048291895,0,0,3300,0.9,11,11,58.651503562927246,False
primary_52kw,source_test,59,source_ridge_arx,long_55min,temp_winding,17.52254946780585,13.855373236545848,48.02355070473836,0,0,3300,0.9,11,11,100.60851049874432,True
primary_52kw,source_test,59,source_ridge_arx,long_55min,temp_stator_core,9.528521159797005,8.132360096023787,21.478779877827797,0,0,3300,0.9,11,11,53.478514352305695,True
primary_52kw,source_test,59,source_ridge_arx,long_55min,temp_rotor,6.28982451213317,5.223005390821868,13.827631012761515,0,0,3300,0.9,11,11,61.84799336357375,True
primary_52kw,source_test,59,source_positive_thermal_network_raw,long_55min,temp_winding,2.5623803869160353,1.9925527488133212,7.816340335876632,0,0,3300,0.9,11,11,8.058477992829793,True
primary_52kw,source_test,59,source_positive_thermal_network_raw,long_55min,temp_stator_core,2.4002358468379668,2.1515094474856564,3.7214173918838185,0,0,3300,0.9,11,11,4.317487049649287,True
primary_52kw,source_test,59,source_positive_thermal_network_raw,long_55min,temp_rotor,1.9914383336870818,1.673649590054074,4.598562576024904,0,0,3300,0.9,11,11,11.446914133615152,True
primary_52kw,source_test,59,source_positive_thermal_network_normalized,long_55min,temp_winding,10.63013935130485,7.768697000843156,26.515788987748202,0,0,3300,0.9,11,11,101.29640119762121,True
primary_52kw,source_test,59,source_positive_thermal_network_normalized,long_55min,temp_stator_core,4.897576222181714,3.552978909267636,13.53909103703792,0,0,3300,0.9,11,11,54.97217087610552,True
primary_52kw,source_test,59,source_positive_thermal_network_normalized,long_55min,temp_rotor,7.269061028664799,5.559349838921987,14.544947348841518,0,0,3300,0.9,11,11,82.26708390748487,True
primary_52kw,source_test,59,target_only_prefix_positive_thermal_network,long_55min,temp_winding,22.92496547586876,19.814241396450296,41.45151462006632,0,0,3300,0.9,11,11,77.82053604032467,True
primary_52kw,source_test,59,target_only_prefix_positive_thermal_network,long_55min,temp_stator_core,8.302887498765502,7.185229017904569,15.00131239844545,0,0,3300,0.9,11,11,42.145532071682865,True
primary_52kw,source_test,59,target_only_prefix_positive_thermal_network,long_55min,temp_rotor,22.82878949888438,19.86512785694464,36.18896780626306,0,0,3300,0.9,11,11,138.2980749333059,True
primary_52kw,source_test,59,source_prior_prefix_calibrated_thermal_network,long_55min,temp_winding,52.933009891688194,46.10104852475193,84.39519142803616,0,0,3300,0.9,11,11,204.7751659079178,True
primary_52kw,source_test,59,source_prior_prefix_calibrated_thermal_network,long_55min,temp_stator_core,21.561170786671553,18.72922836619502,35.49064750914866,0,0,3300,0.9,11,11,116.58849929725883,True
primary_52kw,source_test,59,source_prior_prefix_calibrated_thermal_network,long_55min,temp_rotor,19.262081646634506,16.435566708902524,31.65503896015654,0,0,3300,0.9,11,11,173.51017507687476,True
primary_52kw,source_test,59,source_thermal_network_plus_hist_gradient_residual,long_55min,temp_winding,16.664333475526938,15.044027844265347,30.19207806289903,0,0,3300,0.9,11,11,101.24019123659465,True
primary_52kw,source_test,59,source_thermal_network_plus_hist_gradient_residual,long_55min,temp_stator_core,7.172959779923497,6.533825921473996,12.504004036488439,0,0,3300,0.9,11,11,53.35280711300672,True
primary_52kw,source_test,59,source_thermal_network_plus_hist_gradient_residual,long_55min,temp_rotor,5.981313534820041,5.4032433106590645,9.147429093724128,0,0,3300,0.9,11,11,76.0350692569643,True
primary_52kw,source_test,65,initial_state_persistence,matched_20min,temp_winding,34.05625380188566,30.464843651182235,58.90272671786325,0,0,1200,0.9,11,11,84.5393295288086,True
primary_52kw,source_test,65,initial_state_persistence,matched_20min,temp_stator_core,25.15632218017238,23.3345167471142,36.69899649563182,0,0,1200,0.9,11,11,43.12060832977295,True
primary_52kw,source_test,65,initial_state_persistence,matched_20min,temp_rotor,19.535470166088523,17.008357007756832,27.79728885134115,0,0,1200,0.9,11,11,44.5918083190918,True
primary_52kw,source_test,65,boundary_shift_persistence,matched_20min,temp_winding,28.703511038675572,24.97859332583913,52.89033174756509,0,0,1200,0.9,11,11,83.22904014587402,True
primary_52kw,source_test,65,boundary_shift_persistence,matched_20min,temp_stator_core,19.555646557541202,17.560665186101428,30.766008660531014,0,0,1200,0.9,11,11,41.81879949569702,True
primary_52kw,source_test,65,boundary_shift_persistence,matched_20min,temp_rotor,14.446274972929608,12.263841131930764,21.539606892571783,0,0,1200,0.9,11,11,43.09916067123413,True
primary_52kw,source_test,65,source_ridge_arx,matched_20min,temp_winding,9.368746104855713,6.9989328221482845,24.65897613194545,0,0,1200,0.9,11,11,44.40516317193192,True
primary_52kw,source_test,65,source_ridge_arx,matched_20min,temp_stator_core,3.8718930663966065,2.8443785484636974,9.893367541717993,0,0,1200,0.9,11,11,20.165374811697745,True
primary_52kw,source_test,65,source_ridge_arx,matched_20min,temp_rotor,6.5723013716549845,5.391764664086881,11.909238200904824,0,0,1200,0.9,11,11,20.195055477343217,True
primary_52kw,source_test,65,source_positive_thermal_network_raw,matched_20min,temp_winding,1.861424408404089,1.60353980169047,4.236259301876011,0,0,1200,0.9,11,11,8.058477992829793,True
primary_52kw,source_test,65,source_positive_thermal_network_raw,matched_20min,temp_stator_core,1.649651032315937,1.4212519533649453,3.4358531842863727,0,0,1200,0.9,11,11,4.317487049649287,True
primary_52kw,source_test,65,source_positive_thermal_network_raw,matched_20min,temp_rotor,1.0200581648460647,0.7622197519624933,2.452730548839355,0,0,1200,0.9,11,11,3.8103349184627646,True
primary_52kw,source_test,65,source_positive_thermal_network_normalized,matched_20min,temp_winding,14.870363680253718,11.844006563573517,31.020126293090556,0,0,1200,0.9,11,11,91.6367414043593,True
primary_52kw,source_test,65,source_positive_thermal_network_normalized,matched_20min,temp_stator_core,7.316046427709061,6.020163709694192,14.251085705978973,0,0,1200,0.9,11,11,46.703099435902075,True
primary_52kw,source_test,65,source_positive_thermal_network_normalized,matched_20min,temp_rotor,10.575128858832217,9.240947472214287,16.457095954238305,0,0,1200,0.9,11,11,26.741334745280255,True
primary_52kw,source_test,65,target_only_prefix_positive_thermal_network,matched_20min,temp_winding,17.59813534017515,16.11827552748895,25.59933157422288,0,0,1200,0.9,11,11,77.82053604032467,True
primary_52kw,source_test,65,target_only_prefix_positive_thermal_network,matched_20min,temp_stator_core,13.195092117444672,12.456641627749901,16.478392896265078,0,0,1200,0.9,11,11,37.807280442993864,True
primary_52kw,source_test,65,target_only_prefix_positive_thermal_network,matched_20min,temp_rotor,9.128578642432451,6.947198608596394,16.502875515425337,0,0,1200,0.9,11,11,66.9920696371392,True
primary_52kw,source_test,65,source_prior_prefix_calibrated_thermal_network,matched_20min,temp_winding,19.322466952606472,17.90764183491004,28.022846151492885,0,0,1200,0.9,11,11,158.88348129701578,True
primary_52kw,source_test,65,source_prior_prefix_calibrated_thermal_network,matched_20min,temp_stator_core,14.796034694204883,14.014133889276584,17.790368580627018,0,0,1200,0.9,11,11,87.26464177119581,True
primary_52kw,source_test,65,source_prior_prefix_calibrated_thermal_network,matched_20min,temp_rotor,10.758805937712372,8.671757382774345,18.283985128381218,0,0,1200,0.9,11,11,72.05810209289089,True
primary_52kw,source_test,65,source_thermal_network_plus_hist_gradient_residual,matched_20min,temp_winding,4.317846814237162,3.6030789324852277,7.849301819113663,0,0,1200,0.9,11,11,100.59973429916747,True
primary_52kw,source_test,65,source_thermal_network_plus_hist_gradient_residual,matched_20min,temp_stator_core,2.1163793128496535,1.7321892198677973,4.101265430519462,0,0,1200,0.9,11,11,51.64725876607824,True
primary_52kw,source_test,65,source_thermal_network_plus_hist_gradient_residual,matched_20min,temp_rotor,1.9672306487624873,1.5225921534982327,4.317378908225422,0,0,1200,0.9,11,11,38.45485090596043,True
primary_52kw,source_test,65,initial_state_persistence,long_55min,temp_winding,32.16929731309128,30.237294748031726,58.90272671786325,0,0,3300,0.9,11,11,84.5393295288086,True
primary_52kw,source_test,65,initial_state_persistence,long_55min,temp_stator_core,21.877523931253926,20.4693172673839,36.69899649563182,0,0,3300,0.9,11,11,54.20914964644625,True
primary_52kw,source_test,65,initial_state_persistence,long_55min,temp_rotor,26.116131110112235,24.759604629894152,32.86621034616812,0,0,3300,0.9,11,11,60.4376106262207,True
primary_52kw,source_test,65,boundary_shift_persistence,long_55min,temp_winding,31.960767208435396,29.777945394355196,52.89033174756509,0,0,3300,0.9,11,11,83.22904014587402,True
primary_52kw,source_test,65,boundary_shift_persistence,long_55min,temp_stator_core,20.960458858504467,19.905385646191124,30.766008660531014,0,0,3300,0.9,11,11,41.81879949569702,True
primary_52kw,source_test,65,boundary_shift_persistence,long_55min,temp_rotor,27.21422850176231,24.569976894223814,39.4174750680588,0,0,3300,0.9,11,11,58.651503562927246,True
primary_52kw,source_test,65,source_ridge_arx,long_55min,temp_winding,12.342252846240685,10.053125645818097,28.568093081899576,0,0,3300,0.9,11,11,100.60851049874432,True
primary_52kw,source_test,65,source_ridge_arx,long_55min,temp_stator_core,5.997960605268281,4.714051997958623,13.971397998736379,0,0,3300,0.9,11,11,53.478514352305695,True
primary_52kw,source_test,65,source_ridge_arx,long_55min,temp_rotor,5.633811192852971,4.960316040091792,11.909238200904824,0,0,3300,0.9,11,11,61.84799336357375,True
primary_52kw,source_test,65,source_positive_thermal_network_raw,long_55min,temp_winding,2.198661323047837,1.7401323564068871,6.746515574978815,0,0,3300,0.9,11,11,8.058477992829793,True
primary_52kw,source_test,65,source_positive_thermal_network_raw,long_55min,temp_stator_core,1.5479720655166833,1.2608045599732949,3.7021493961734535,0,0,3300,0.9,11,11,4.317487049649287,True
primary_52kw,source_test,65,source_positive_thermal_network_raw,long_55min,temp_rotor,1.127854645567991,0.9033890096004878,3.0060446262484675,0,0,3300,0.9,11,11,11.446914133615152,True
primary_52kw,source_test,65,source_positive_thermal_network_normalized,long_55min,temp_winding,11.404297230878646,8.807681795927662,31.020126293090556,0,0,3300,0.9,11,11,101.29640119762121,True
primary_52kw,source_test,65,source_positive_thermal_network_normalized,long_55min,temp_stator_core,5.787954649353994,4.743535706331911,14.251085705978973,0,0,3300,0.9,11,11,54.97217087610552,True
primary_52kw,source_test,65,source_positive_thermal_network_normalized,long_55min,temp_rotor,8.742897425895958,7.940108654060243,16.457095954238305,0,0,3300,0.9,11,11,82.26708390748487,True
primary_52kw,source_test,65,target_only_prefix_positive_thermal_network,long_55min,temp_winding,16.294524756160037,15.007108348517221,27.745852820503757,0,0,3300,0.9,11,11,77.82053604032467,True
primary_52kw,source_test,65,target_only_prefix_positive_thermal_network,long_55min,temp_stator_core,11.411411387321733,10.252297968306067,19.04461216002622,0,0,3300,0.9,11,11,42.145532071682865,True
primary_52kw,source_test,65,target_only_prefix_positive_thermal_network,long_55min,temp_rotor,16.779967085097084,15.116463986313306,23.390995453613492,0,0,3300,0.9,11,11,138.2980749333059,True
primary_52kw,source_test,65,source_prior_prefix_calibrated_thermal_network,long_55min,temp_winding,16.11737802968907,13.580712737159931,28.379344861589594,0,0,3300,0.9,11,11,204.7751659079178,True
primary_52kw,source_test,65,source_prior_prefix_calibrated_thermal_network,long_55min,temp_stator_core,12.212172307176148,10.381055613765083,19.963184300432232,0,0,3300,0.9,11,11,116.58849929725883,True
primary_52kw,source_test,65,source_prior_prefix_calibrated_thermal_network,long_55min,temp_rotor,17.240142202504185,15.805332991481551,25.593881551001573,0,0,3300,0.9,11,11,173.51017507687476,True
primary_52kw,source_test,65,source_thermal_network_plus_hist_gradient_residual,long_55min,temp_winding,11.840460865217116,9.198814019412481,26.744710617448376,0,0,3300,0.9,11,11,101.24019123659465,True
primary_52kw,source_test,65,source_thermal_network_plus_hist_gradient_residual,long_55min,temp_stator_core,6.19517935072012,4.699763082152794,13.726808082392267,0,0,3300,0.9,11,11,53.35280711300672,True
primary_52kw,source_test,65,source_thermal_network_plus_hist_gradient_residual,long_55min,temp_rotor,5.0041369055401015,3.9526147375124228,11.317226614343383,0,0,3300,0.9,11,11,76.0350692569643,True
primary_52kw,source_test,71,initial_state_persistence,matched_20min,temp_winding,17.040616165933763,13.183147796682652,39.136502348891725,0,0,1200,0.9,11,11,84.5393295288086,True
primary_52kw,source_test,71,initial_state_persistence,matched_20min,temp_stator_core,9.93508419376082,8.239552112545157,19.48662940822721,0,0,1200,0.9,11,11,43.12060832977295,True
primary_52kw,source_test,71,initial_state_persistence,matched_20min,temp_rotor,8.646557495673267,7.099945600850697,13.32489696198649,0,0,1200,0.9,11,11,44.5918083190918,True
primary_52kw,source_test,71,boundary_shift_persistence,matched_20min,temp_winding,14.271493246902937,11.103816334660486,34.97415511571219,0,0,1200,0.9,11,11,83.22904014587402,True
primary_52kw,source_test,71,boundary_shift_persistence,matched_20min,temp_stator_core,7.118982729105181,5.922278037993864,15.286874760530615,0,0,1200,0.9,11,11,41.81879949569702,True
primary_52kw,source_test,71,boundary_shift_persistence,matched_20min,temp_rotor,5.641353539377301,4.949809927427072,9.18351228841118,0,0,1200,0.9,11,11,43.09916067123413,True
primary_52kw,source_test,71,source_ridge_arx,matched_20min,temp_winding,8.464060734165137,6.286824483342084,24.056332885392436,0,0,1200,0.9,11,11,44.40516317193192,True
primary_52kw,source_test,71,source_ridge_arx,matched_20min,temp_stator_core,3.5528213254614207,2.755166370774385,9.031486351768912,0,0,1200,0.9,11,11,20.165374811697745,True
primary_52kw,source_test,71,source_ridge_arx,matched_20min,temp_rotor,1.602465846117086,1.4063953479627556,4.057004000922838,0,0,1200,0.9,11,11,20.195055477343217,True
primary_52kw,source_test,71,source_positive_thermal_network_raw,matched_20min,temp_winding,1.1753521939114229,1.0059532970005385,2.7045835243534952,0,0,1200,0.9,11,11,8.058477992829793,True
primary_52kw,source_test,71,source_positive_thermal_network_raw,matched_20min,temp_stator_core,0.8554741062131763,0.7022409558624821,2.6594408289049483,0,0,1200,0.9,11,11,4.317487049649287,True
primary_52kw,source_test,71,source_positive_thermal_network_raw,matched_20min,temp_rotor,0.9639408425248085,0.7917383920270824,3.869538672154114,0,0,1200,0.9,11,11,3.8103349184627646,False
primary_52kw,source_test,71,source_positive_thermal_network_normalized,matched_20min,temp_winding,14.620000730688437,11.163810235382751,34.64102144719097,0,0,1200,0.9,11,11,91.6367414043593,True
primary_52kw,source_test,71,source_positive_thermal_network_normalized,matched_20min,temp_stator_core,7.260539743923674,5.8646455552008065,15.162075098407065,0,0,1200,0.9,11,11,46.703099435902075,True
primary_52kw,source_test,71,source_positive_thermal_network_normalized,matched_20min,temp_rotor,5.719773979388558,4.7306644265530995,8.876818557759094,0,0,1200,0.9,11,11,26.741334745280255,True
primary_52kw,source_test,71,target_only_prefix_positive_thermal_network,matched_20min,temp_winding,6.339037430910557,5.608490238851365,11.460138570946008,0,0,1200,0.9,11,11,77.82053604032467,True
primary_52kw,source_test,71,target_only_prefix_positive_thermal_network,matched_20min,temp_stator_core,6.657013818812599,6.12309742693396,9.012477156723904,0,0,1200,0.9,11,11,37.807280442993864,True
primary_52kw,source_test,71,target_only_prefix_positive_thermal_network,matched_20min,temp_rotor,5.528091843611684,4.810573478900753,10.703412313472015,0,0,1200,0.9,11,11,66.9920696371392,True
primary_52kw,source_test,71,source_prior_prefix_calibrated_thermal_network,matched_20min,temp_winding,2.268915582837858,1.75547501831886,7.559262115884238,0,0,1200,0.9,11,11,158.88348129701578,True
primary_52kw,source_test,71,source_prior_prefix_calibrated_thermal_network,matched_20min,temp_stator_core,1.6747964717782395,1.3629786964321537,3.357285535402198,0,0,1200,0.9,11,11,87.26464177119581,True
primary_52kw,source_test,71,source_prior_prefix_calibrated_thermal_network,matched_20min,temp_rotor,3.79901870318831,3.37544217850875,7.949165860786664,0,0,1200,0.9,11,11,72.05810209289089,True
primary_52kw,source_test,71,source_thermal_network_plus_hist_gradient_residual,matched_20min,temp_winding,10.566347146837257,9.10653326374535,21.679284192171856,0,0,1200,0.9,11,11,100.59973429916747,True
primary_52kw,source_test,71,source_thermal_network_plus_hist_gradient_residual,matched_20min,temp_stator_core,5.555358273438084,4.828916775965639,9.855188253966766,0,0,1200,0.9,11,11,51.64725876607824,True
primary_52kw,source_test,71,source_thermal_network_plus_hist_gradient_residual,matched_20min,temp_rotor,2.5168889692654894,2.1476056444433214,5.493789542321458,0,0,1200,0.9,11,11,38.45485090596043,True
primary_52kw,source_test,71,initial_state_persistence,long_55min,temp_winding,34.01037543306176,27.20334576110048,64.4023136369274,0,0,3300,0.9,11,11,84.5393295288086,True
primary_52kw,source_test,71,initial_state_persistence,long_55min,temp_stator_core,32.90427607565606,25.588794700510423,58.55115285367172,0,0,3300,0.9,11,11,54.20914964644625,False
primary_52kw,source_test,71,initial_state_persistence,long_55min,temp_rotor,21.976854136940425,18.438036005776915,37.51211877957841,0,0,3300,0.9,11,11,60.4376106262207,True
primary_52kw,source_test,71,boundary_shift_persistence,long_55min,temp_winding,15.956898071440946,12.599860608210884,39.339736293999664,0,0,3300,0.9,11,11,83.22904014587402,True
primary_52kw,source_test,71,boundary_shift_persistence,long_55min,temp_stator_core,13.390561655034105,10.361833943536935,36.56056279811385,0,0,3300,0.9,11,11,41.81879949569702,True
primary_52kw,source_test,71,boundary_shift_persistence,long_55min,temp_rotor,7.595825688820383,6.674507014377507,16.23698125766063,0,0,3300,0.9,11,11,58.651503562927246,True
primary_52kw,source_test,71,source_ridge_arx,long_55min,temp_winding,14.086816611128274,10.894204007521344,31.132546083209675,0,0,3300,0.9,11,11,100.60851049874432,True
primary_52kw,source_test,71,source_ridge_arx,long_55min,temp_stator_core,6.888297425740848,5.509366137628434,15.194922409840743,0,0,3300,0.9,11,11,53.478514352305695,True
primary_52kw,source_test,71,source_ridge_arx,long_55min,temp_rotor,4.741956598016051,3.9939128386496736,11.390472214362298,0,0,3300,0.9,11,11,61.84799336357375,True
primary_52kw,source_test,71,source_positive_thermal_network_raw,long_55min,temp_winding,2.3100553222062357,1.8409808605094917,5.8315981670073285,0,0,3300,0.9,11,11,8.058477992829793,True
primary_52kw,source_test,71,source_positive_thermal_network_raw,long_55min,temp_stator_core,1.2135585739930692,0.9931864854231107,3.3276267570119415,0,0,3300,0.9,11,11,4.317487049649287,True
primary_52kw,source_test,71,source_positive_thermal_network_raw,long_55min,temp_rotor,1.4839175784979184,1.3055440118018942,3.869538672154114,0,0,3300,0.9,11,11,11.446914133615152,True
primary_52kw,source_test,71,source_positive_thermal_network_normalized,long_55min,temp_winding,13.480952533162636,11.026142339145096,34.64102144719097,0,0,3300,0.9,11,11,101.29640119762121,True
primary_52kw,source_test,71,source_positive_thermal_network_normalized,long_55min,temp_stator_core,7.182306977211462,6.110285273285641,15.162075098407065,0,0,3300,0.9,11,11,54.97217087610552,True
primary_52kw,source_test,71,source_positive_thermal_network_normalized,long_55min,temp_rotor,9.434856844901065,8.47683756034457,18.0279196938236,0,0,3300,0.9,11,11,82.26708390748487,True
primary_52kw,source_test,71,target_only_prefix_positive_thermal_network,long_55min,temp_winding,34.543220851711055,26.28164282054806,61.0301816786184,0,0,3300,0.9,11,11,77.82053604032467,True
primary_52kw,source_test,71,target_only_prefix_positive_thermal_network,long_55min,temp_stator_core,33.70929963157861,26.082930835851734,57.892085454880366,0,0,3300,0.9,11,11,42.145532071682865,False
primary_52kw,source_test,71,target_only_prefix_positive_thermal_network,long_55min,temp_rotor,8.395843982362024,7.3199678767742755,17.488988310154227,0,0,3300,0.9,11,11,138.2980749333059,True
primary_52kw,source_test,71,source_prior_prefix_calibrated_thermal_network,long_55min,temp_winding,4.415099975124012,3.589822493278091,10.024095709949364,0,0,3300,0.9,11,11,204.7751659079178,True
primary_52kw,source_test,71,source_prior_prefix_calibrated_thermal_network,long_55min,temp_stator_core,2.1989930561050617,1.8335040271475125,5.297180487112271,0,0,3300,0.9,11,11,116.58849929725883,True
primary_52kw,source_test,71,source_prior_prefix_calibrated_thermal_network,long_55min,temp_rotor,15.970703633866865,12.114256302343984,34.40792038405384,0,0,3300,0.9,11,11,173.51017507687476,True
primary_52kw,source_test,71,source_thermal_network_plus_hist_gradient_residual,long_55min,temp_winding,12.981615174634271,11.743517187412424,25.094699119976895,0,0,3300,0.9,11,11,101.24019123659465,True
primary_52kw,source_test,71,source_thermal_network_plus_hist_gradient_residual,long_55min,temp_stator_core,6.94565056689395,6.358178956972557,11.853677360526163,0,0,3300,0.9,11,11,53.35280711300672,True
primary_52kw,source_test,71,source_thermal_network_plus_hist_gradient_residual,long_55min,temp_rotor,5.8639447452111435,4.984162314990742,11.325320983393588,0,0,3300,0.9,11,11,76.0350692569643,True
external_ipmsm,external_test,0,initial_state_persistence,matched_20min,temp_winding,0.4693570094518499,0.450334688445832,0.7145983149999964,0,0,1200,0.9,11,11,84.5393295288086,True
external_ipmsm,external_test,0,initial_state_persistence,matched_20min,temp_stator_core,0.5433697980608875,0.5236051358708375,0.8591804950000039,0,0,1200,0.9,11,11,43.12060832977295,True
external_ipmsm,external_test,0,initial_state_persistence,matched_20min,temp_rotor,1.4961231332950633,1.269825981208334,2.614110029999999,0,0,1200,0.9,11,11,44.5918083190918,True
external_ipmsm,external_test,0,boundary_shift_persistence,matched_20min,temp_winding,0.5073351936386451,0.46815947462499763,0.9005921499999943,0,0,1200,0.9,11,11,83.22904014587402,True
external_ipmsm,external_test,0,boundary_shift_persistence,matched_20min,temp_stator_core,0.5688955048729027,0.5291140550333359,0.9615074399999983,0,0,1200,0.9,11,11,41.81879949569702,True
external_ipmsm,external_test,0,boundary_shift_persistence,matched_20min,temp_rotor,1.429509864148029,1.2671559616958354,2.5886057750000013,0,0,1200,0.9,11,11,43.09916067123413,True
external_ipmsm,external_test,0,source_ridge_arx,matched_20min,temp_winding,8.039642299307335,6.558199461795078,13.822584286646155,0,0,1200,0.9,11,11,44.40516317193192,True
external_ipmsm,external_test,0,source_ridge_arx,matched_20min,temp_stator_core,3.1808352308079,2.535246293046156,6.277309216522347,0,0,1200,0.9,11,11,20.165374811697745,True
external_ipmsm,external_test,0,source_ridge_arx,matched_20min,temp_rotor,8.054926693265502,7.019161719911364,13.57018884603254,0,0,1200,0.9,11,11,20.195055477343217,True
external_ipmsm,external_test,0,source_positive_thermal_network_raw,matched_20min,temp_winding,50.652158418056516,48.74017171689063,59.00900251167103,0,0,1200,0.9,11,11,8.058477992829793,False
external_ipmsm,external_test,0,source_positive_thermal_network_raw,matched_20min,temp_stator_core,22.423724964375456,20.93644431712327,27.732484659530563,0,0,1200,0.9,11,11,4.317487049649287,False
external_ipmsm,external_test,0,source_positive_thermal_network_raw,matched_20min,temp_rotor,6.818593365621617,5.905677064196772,10.89976943537869,0,0,1200,0.9,11,11,3.8103349184627646,False
external_ipmsm,external_test,0,source_positive_thermal_network_normalized,matched_20min,temp_winding,6.213729256829599,5.753077488002215,8.76956640703969,0,0,1200,0.9,11,11,91.6367414043593,True
external_ipmsm,external_test,0,source_positive_thermal_network_normalized,matched_20min,temp_stator_core,1.8873306231053109,1.5962883020185805,3.384697315225033,0,0,1200,0.9,11,11,46.703099435902075,True
external_ipmsm,external_test,0,source_positive_thermal_network_normalized,matched_20min,temp_rotor,6.152633264176526,5.467031074397312,9.820075784400569,0,0,1200,0.9,11,11,26.741334745280255,True
external_ipmsm,external_test,0,target_only_prefix_positive_thermal_network,matched_20min,temp_winding,5.2602317754528745,4.968775605726407,6.9281580362423725,0,0,1200,0.9,11,11,77.82053604032467,True
external_ipmsm,external_test,0,target_only_prefix_positive_thermal_network,matched_20min,temp_stator_core,4.552085001498774,4.2492109930765265,6.534698853332763,0,0,1200,0.9,11,11,37.807280442993864,True
external_ipmsm,external_test,0,target_only_prefix_positive_thermal_network,matched_20min,temp_rotor,1.336107478959217,1.2062501230651412,2.0528265201126317,0,0,1200,0.9,11,11,66.9920696371392,True
external_ipmsm,external_test,0,source_prior_prefix_calibrated_thermal_network,matched_20min,temp_winding,7.248473390801692,6.742507710275619,10.118402988725826,0,0,1200,0.9,11,11,158.88348129701578,True
external_ipmsm,external_test,0,source_prior_prefix_calibrated_thermal_network,matched_20min,temp_stator_core,5.175413048131888,4.790314252070377,7.4789511034080505,0,0,1200,0.9,11,11,87.26464177119581,True
external_ipmsm,external_test,0,source_prior_prefix_calibrated_thermal_network,matched_20min,temp_rotor,0.5413445283204418,0.5162706993146972,0.721747179174109,0,0,1200,0.9,11,11,72.05810209289089,True
external_ipmsm,external_test,0,source_thermal_network_plus_hist_gradient_residual,matched_20min,temp_winding,21.067155718247438,20.077589092526807,24.858691124822663,0,0,1200,0.9,11,11,100.59973429916747,True
external_ipmsm,external_test,0,source_thermal_network_plus_hist_gradient_residual,matched_20min,temp_stator_core,9.62884242742284,8.86348076180765,11.799137072796782,0,0,1200,0.9,11,11,51.64725876607824,True
external_ipmsm,external_test,0,source_thermal_network_plus_hist_gradient_residual,matched_20min,temp_rotor,10.768630947759474,9.603687668765536,16.608732456975606,0,0,1200,0.9,11,11,38.45485090596043,True
external_ipmsm,external_test,1,initial_state_persistence,matched_20min,temp_winding,4.640215961209852,3.9498333333333333,10.850000000000001,0,0,1200,0.9,11,11,84.5393295288086,True
external_ipmsm,external_test,1,initial_state_persistence,matched_20min,temp_stator_core,2.559241831089825,2.151125,5.949999999999999,0,0,1200,0.9,11,11,43.12060832977295,True
external_ipmsm,external_test,1,initial_state_persistence,matched_20min,temp_rotor,1.5557989640910135,1.4845833333333345,2.875,0,0,1200,0.9,11,11,44.5918083190918,True
external_ipmsm,external_test,1,boundary_shift_persistence,matched_20min,temp_winding,4.641268684314666,3.925,10.900000000000002,0,0,1200,0.9,11,11,83.22904014587402,True
external_ipmsm,external_test,1,boundary_shift_persistence,matched_20min,temp_stator_core,2.5365154083243153,2.1419583333333336,6.0,0,0,1200,0.9,11,11,41.81879949569702,True
external_ipmsm,external_test,1,boundary_shift_persistence,matched_20min,temp_rotor,1.8236319073029343,1.7385000000000013,2.8750000000000036,0,0,1200,0.9,11,11,43.09916067123413,True
external_ipmsm,external_test,1,source_ridge_arx,matched_20min,temp_winding,21.48589241292998,18.887808890715,27.334338918886957,0,0,1200,0.9,11,11,44.40516317193192,True
external_ipmsm,external_test,1,source_ridge_arx,matched_20min,temp_stator_core,10.886351059451375,9.17663248217788,14.541901838329068,0,0,1200,0.9,11,11,20.165374811697745,True
external_ipmsm,external_test,1,source_ridge_arx,matched_20min,temp_rotor,9.529193354798656,8.092862210982624,15.646662607700726,0,0,1200,0.9,11,11,20.195055477343217,True
external_ipmsm,external_test,1,source_positive_thermal_network_raw,matched_20min,temp_winding,18.268277616148684,12.618942107926149,45.44175783439519,0,0,1200,0.9,11,11,8.058477992829793,False
external_ipmsm,external_test,1,source_positive_thermal_network_raw,matched_20min,temp_stator_core,8.075150830408562,5.758817554098571,16.889416224376426,0,0,1200,0.9,11,11,4.317487049649287,False
external_ipmsm,external_test,1,source_positive_thermal_network_raw,matched_20min,temp_rotor,3.133273294750188,2.7960504370882338,4.451686683596115,0,0,1200,0.9,11,11,3.8103349184627646,False
external_ipmsm,external_test,1,source_positive_thermal_network_normalized,matched_20min,temp_winding,18.45280656115477,17.067630104143962,26.69093121299148,0,0,1200,0.9,11,11,91.6367414043593,True
external_ipmsm,external_test,1,source_positive_thermal_network_normalized,matched_20min,temp_stator_core,9.11854962396076,8.265554689221906,13.350622025916913,0,0,1200,0.9,11,11,46.703099435902075,True
external_ipmsm,external_test,1,source_positive_thermal_network_normalized,matched_20min,temp_rotor,8.115539615495411,7.376715123809928,10.118477556152392,0,0,1200,0.9,11,11,26.741334745280255,True
external_ipmsm,external_test,1,target_only_prefix_positive_thermal_network,matched_20min,temp_winding,4.4892876755972075,3.6229571167947543,9.510601934887305,0,0,1200,0.9,11,11,77.82053604032467,True
external_ipmsm,external_test,1,target_only_prefix_positive_thermal_network,matched_20min,temp_stator_core,3.1954965201848093,2.6501109082780157,6.7619185629393215,0,0,1200,0.9,11,11,37.807280442993864,True
external_ipmsm,external_test,1,target_only_prefix_positive_thermal_network,matched_20min,temp_rotor,1.9840190566229856,1.882942473389182,2.978166764582557,0,0,1200,0.9,11,11,66.9920696371392,True
external_ipmsm,external_test,1,source_prior_prefix_calibrated_thermal_network,matched_20min,temp_winding,1.882595959584724,1.62919606106229,3.268393499541549,0,0,1200,0.9,11,11,158.88348129701578,True
external_ipmsm,external_test,1,source_prior_prefix_calibrated_thermal_network,matched_20min,temp_stator_core,1.026837298673834,0.9122050744696876,1.6535710601420277,0,0,1200,0.9,11,11,87.26464177119581,True
external_ipmsm,external_test,1,source_prior_prefix_calibrated_thermal_network,matched_20min,temp_rotor,1.711712537591965,1.5429464633122718,2.3822671297201303,0,0,1200,0.9,11,11,72.05810209289089,True
external_ipmsm,external_test,1,source_thermal_network_plus_hist_gradient_residual,matched_20min,temp_winding,17.06541961151325,12.914165310693507,38.44932494199307,0,0,1200,0.9,11,11,100.59973429916747,True
external_ipmsm,external_test,1,source_thermal_network_plus_hist_gradient_residual,matched_20min,temp_stator_core,7.790064034045026,5.957559213085369,15.364148627525502,0,0,1200,0.9,11,11,51.64725876607824,True
external_ipmsm,external_test,1,source_thermal_network_plus_hist_gradient_residual,matched_20min,temp_rotor,9.39955042150369,8.979635434815798,11.165929775050149,0,0,1200,0.9,11,11,38.45485090596043,True
external_ipmsm,external_test,2,initial_state_persistence,matched_20min,temp_winding,15.415733575366003,12.926166666666667,26.6,0,0,1200,0.9,11,11,84.5393295288086,True
external_ipmsm,external_test,2,initial_state_persistence,matched_20min,temp_stator_core,8.633850652132763,7.217541666666666,14.700000000000003,0,0,1200,0.9,11,11,43.12060832977295,True
external_ipmsm,external_test,2,initial_state_persistence,matched_20min,temp_rotor,7.1202703600354935,6.266083333333331,9.949999999999996,0,0,1200,0.9,11,11,44.5918083190918,True
external_ipmsm,external_test,2,boundary_shift_persistence,matched_20min,temp_winding,15.314884168133082,12.932208333333334,26.400000000000002,0,0,1200,0.9,11,11,83.22904014587402,True
external_ipmsm,external_test,2,boundary_shift_persistence,matched_20min,temp_stator_core,8.515679900434648,7.223583333333331,14.350000000000001,0,0,1200,0.9,11,11,41.81879949569702,True
external_ipmsm,external_test,2,boundary_shift_persistence,matched_20min,temp_rotor,7.017333153223758,6.27320833333333,9.849999999999994,0,0,1200,0.9,11,11,43.09916067123413,True
external_ipmsm,external_test,2,source_ridge_arx,matched_20min,temp_winding,51.57809568526822,42.16499172032264,76.14845156143255,0,0,1200,0.9,11,11,44.40516317193192,False
external_ipmsm,external_test,2,source_ridge_arx,matched_20min,temp_stator_core,25.47327080313882,19.75285211610797,40.098828574490994,0,0,1200,0.9,11,11,20.165374811697745,False
external_ipmsm,external_test,2,source_ridge_arx,matched_20min,temp_rotor,16.785821021146695,13.199411048609544,31.115725121348973,0,0,1200,0.9,11,11,20.195055477343217,False
external_ipmsm,external_test,2,source_positive_thermal_network_raw,matched_20min,temp_winding,57.716352500352755,49.01840776478787,97.48053474032602,0,0,1200,0.9,11,11,8.058477992829793,False
external_ipmsm,external_test,2,source_positive_thermal_network_raw,matched_20min,temp_stator_core,27.254583160725176,23.166315701013175,44.43078015909718,0,0,1200,0.9,11,11,4.317487049649287,False
external_ipmsm,external_test,2,source_positive_thermal_network_raw,matched_20min,temp_rotor,9.556950654268912,7.961514851501844,14.079567307449516,0,0,1200,0.9,11,11,3.8103349184627646,False
external_ipmsm,external_test,2,source_positive_thermal_network_normalized,matched_20min,temp_winding,81.62752431451725,72.0419677111316,114.13017487786084,0,0,1200,0.9,11,11,91.6367414043593,False
external_ipmsm,external_test,2,source_positive_thermal_network_normalized,matched_20min,temp_stator_core,41.343205913436925,35.38501144814212,58.893408772865584,0,0,1200,0.9,11,11,46.703099435902075,False
external_ipmsm,external_test,2,source_positive_thermal_network_normalized,matched_20min,temp_rotor,30.050062052629134,24.576219001459283,48.0937681433451,0,0,1200,0.9,11,11,26.741334745280255,False
external_ipmsm,external_test,2,target_only_prefix_positive_thermal_network,matched_20min,temp_winding,9.840111942761759,8.622793890797261,16.99836814392426,0,0,1200,0.9,11,11,77.82053604032467,True
external_ipmsm,external_test,2,target_only_prefix_positive_thermal_network,matched_20min,temp_stator_core,5.028013090253917,4.494634747630138,8.551688917416293,0,0,1200,0.9,11,11,37.807280442993864,True
external_ipmsm,external_test,2,target_only_prefix_positive_thermal_network,matched_20min,temp_rotor,7.059526832622367,6.230583062884906,9.894673649868164,0,0,1200,0.9,11,11,66.9920696371392,True
external_ipmsm,external_test,2,source_prior_prefix_calibrated_thermal_network,matched_20min,temp_winding,6.306688966792293,5.520844759882473,10.045735581405076,0,0,1200,0.9,11,11,158.88348129701578,True
external_ipmsm,external_test,2,source_prior_prefix_calibrated_thermal_network,matched_20min,temp_stator_core,2.0833831228783457,1.8216970117023932,3.5422072217359357,0,0,1200,0.9,11,11,87.26464177119581,True
external_ipmsm,external_test,2,source_prior_prefix_calibrated_thermal_network,matched_20min,temp_rotor,5.636731264082347,4.8283512520086544,8.193103184976795,0,0,1200,0.9,11,11,72.05810209289089,True
external_ipmsm,external_test,2,source_thermal_network_plus_hist_gradient_residual,matched_20min,temp_winding,59.300718209697564,53.45208129369145,83.13896053525944,0,0,1200,0.9,11,11,100.59973429916747,True
external_ipmsm,external_test,2,source_thermal_network_plus_hist_gradient_residual,matched_20min,temp_stator_core,29.501695010404635,26.089728608879476,42.438699403514164,0,0,1200,0.9,11,11,51.64725876607824,True
external_ipmsm,external_test,2,source_thermal_network_plus_hist_gradient_residual,matched_20min,temp_rotor,21.907253906913535,18.558810403120532,33.77714763657521,0,0,1200,0.9,11,11,38.45485090596043,True
external_ipmsm,external_test,3,initial_state_persistence,matched_20min,temp_winding,5.964159971585827,5.621666666666667,7.899999999999999,0,0,1200,0.9,11,11,84.5393295288086,True
external_ipmsm,external_test,3,initial_state_persistence,matched_20min,temp_stator_core,4.165092035797849,3.894666666666667,5.649999999999999,0,0,1200,0.9,11,11,43.12060832977295,True
external_ipmsm,external_test,3,initial_state_persistence,matched_20min,temp_rotor,12.754166333169984,11.432770833333334,20.224999999999998,0,0,1200,0.9,11,11,44.5918083190918,True
external_ipmsm,external_test,3,boundary_shift_persistence,matched_20min,temp_winding,5.310268158640077,5.029625000000001,7.099999999999994,0,0,1200,0.9,11,11,83.22904014587402,True
external_ipmsm,external_test,3,boundary_shift_persistence,matched_20min,temp_stator_core,3.5082637562380254,3.302625000000001,4.75,0,0,1200,0.9,11,11,41.81879949569702,True
external_ipmsm,external_test,3,boundary_shift_persistence,matched_20min,temp_rotor,12.099414521820194,10.840729166666668,19.325,0,0,1200,0.9,11,11,43.09916067123413,True
external_ipmsm,external_test,3,source_ridge_arx,matched_20min,temp_winding,13.588882238354532,11.264001513741572,22.876712286000313,0,0,1200,0.9,11,11,44.40516317193192,True
external_ipmsm,external_test,3,source_ridge_arx,matched_20min,temp_stator_core,5.387201390597958,4.287670697901941,10.068569343905686,0,0,1200,0.9,11,11,20.165374811697745,True
external_ipmsm,external_test,3,source_ridge_arx,matched_20min,temp_rotor,1.3588786336501664,1.2062490503151708,2.323769454492542,0,0,1200,0.9,11,11,20.195055477343217,True
external_ipmsm,external_test,3,source_positive_thermal_network_raw,matched_20min,temp_winding,60.56018446726085,58.18069985653815,70.96695522640941,0,0,1200,0.9,11,11,8.058477992829793,False
external_ipmsm,external_test,3,source_positive_thermal_network_raw,matched_20min,temp_stator_core,28.24255521135538,26.41832263637447,34.75390588899791,0,0,1200,0.9,11,11,4.317487049649287,False
external_ipmsm,external_test,3,source_positive_thermal_network_raw,matched_20min,temp_rotor,13.370687960169544,11.832533582619817,20.337882638155932,0,0,1200,0.9,11,11,3.8103349184627646,False
external_ipmsm,external_test,3,source_positive_thermal_network_normalized,matched_20min,temp_winding,16.86498276795575,15.221564947920367,24.97908600541659,0,0,1200,0.9,11,11,91.6367414043593,True
external_ipmsm,external_test,3,source_positive_thermal_network_normalized,matched_20min,temp_stator_core,6.786258553065619,5.732915420268172,11.101272021778769,0,0,1200,0.9,11,11,46.703099435902075,True
external_ipmsm,external_test,3,source_positive_thermal_network_normalized,matched_20min,temp_rotor,1.0841541762715816,0.9682318229388136,2.169314822360974,0,0,1200,0.9,11,11,26.741334745280255,True
external_ipmsm,external_test,3,target_only_prefix_positive_thermal_network,matched_20min,temp_winding,0.4087532740647458,0.35138023010789254,0.7895317126955419,0,0,1200,0.9,11,11,77.82053604032467,True
external_ipmsm,external_test,3,target_only_prefix_positive_thermal_network,matched_20min,temp_stator_core,0.5466027822749627,0.4226082250127201,1.177042810945565,0,0,1200,0.9,11,11,37.807280442993864,True
external_ipmsm,external_test,3,target_only_prefix_positive_thermal_network,matched_20min,temp_rotor,10.4847159558319,9.294192561134807,17.225253085831604,0,0,1200,0.9,11,11,66.9920696371392,True
external_ipmsm,external_test,3,source_prior_prefix_calibrated_thermal_network,matched_20min,temp_winding,0.43101316414720947,0.38021947514524235,0.7840239911946654,0,0,1200,0.9,11,11,158.88348129701578,True
external_ipmsm,external_test,3,source_prior_prefix_calibrated_thermal_network,matched_20min,temp_stator_core,0.4234810140744205,0.3110637680995996,1.0462397533373604,0,0,1200,0.9,11,11,87.26464177119581,True
external_ipmsm,external_test,3,source_prior_prefix_calibrated_thermal_network,matched_20min,temp_rotor,10.360560113253776,9.17098205209408,17.094408751587416,0,0,1200,0.9,11,11,72.05810209289089,True
external_ipmsm,external_test,3,source_thermal_network_plus_hist_gradient_residual,matched_20min,temp_winding,31.37111575281812,29.101100485876454,42.729149222736524,0,0,1200,0.9,11,11,100.59973429916747,True
external_ipmsm,external_test,3,source_thermal_network_plus_hist_gradient_residual,matched_20min,temp_stator_core,15.253602499539458,13.765964400297884,21.983099230391083,0,0,1200,0.9,11,11,51.64725876607824,True
external_ipmsm,external_test,3,source_thermal_network_plus_hist_gradient_residual,matched_20min,temp_rotor,19.880398165340267,17.83986642774164,29.866395278763335,0,0,1200,0.9,11,11,38.45485090596043,True
external_ipmsm,external_test,4,initial_state_persistence,matched_20min,temp_winding,9.068253346152163,8.541958333333328,12.249999999999993,0,0,1200,0.9,11,11,84.5393295288086,True
external_ipmsm,external_test,4,initial_state_persistence,matched_20min,temp_stator_core,5.582948556393236,5.174124999999999,8.049999999999997,0,0,1200,0.9,11,11,43.12060832977295,True
external_ipmsm,external_test,4,initial_state_persistence,matched_20min,temp_rotor,19.373548225178922,17.510958333333335,29.950000000000003,0,0,1200,0.9,11,11,44.5918083190918,True
external_ipmsm,external_test,4,boundary_shift_persistence,matched_20min,temp_winding,8.823771515060887,8.35854166666666,11.699999999999996,0,0,1200,0.9,11,11,83.22904014587402,True
external_ipmsm,external_test,4,boundary_shift_persistence,matched_20min,temp_stator_core,5.329732052364356,4.99070833333333,7.399999999999999,0,0,1200,0.9,11,11,41.81879949569702,True
external_ipmsm,external_test,4,boundary_shift_persistence,matched_20min,temp_rotor,19.10849200399306,17.327875000000002,29.25,0,0,1200,0.9,11,11,43.09916067123413,True
external_ipmsm,external_test,4,source_ridge_arx,matched_20min,temp_winding,7.639130058594233,6.195785696383312,14.49198141634863,0,0,1200,0.9,11,11,44.40516317193192,True
external_ipmsm,external_test,4,source_ridge_arx,matched_20min,temp_stator_core,2.8066498409201928,2.4869773388647944,4.49665155885841,0,0,1200,0.9,11,11,20.165374811697745,True
external_ipmsm,external_test,4,source_ridge_arx,matched_20min,temp_rotor,9.048229843793,8.52966747011374,12.974984655740826,0,0,1200,0.9,11,11,20.195055477343217,True
external_ipmsm,external_test,4,source_positive_thermal_network_raw,matched_20min,temp_winding,71.20271379288809,68.30307093818203,84.14325456965739,0,0,1200,0.9,11,11,8.058477992829793,False
external_ipmsm,external_test,4,source_positive_thermal_network_raw,matched_20min,temp_stator_core,33.99425161865505,31.786131925528796,41.75602857345835,0,0,1200,0.9,11,11,4.317487049649287,False
external_ipmsm,external_test,4,source_positive_thermal_network_raw,matched_20min,temp_rotor,25.300543778215992,22.533600982511217,38.60956089826023,0,0,1200,0.9,11,11,3.8103349184627646,False
external_ipmsm,external_test,4,source_positive_thermal_network_normalized,matched_20min,temp_winding,11.143198836690104,9.857010586106815,16.66683913274587,0,0,1200,0.9,11,11,91.6367414043593,True
external_ipmsm,external_test,4,source_positive_thermal_network_normalized,matched_20min,temp_stator_core,3.0430243437850035,2.5986549110927033,5.25705163243537,0,0,1200,0.9,11,11,46.703099435902075,True
external_ipmsm,external_test,4,source_positive_thermal_network_normalized,matched_20min,temp_rotor,7.896148728958231,7.448482534127823,11.55043587854533,0,0,1200,0.9,11,11,26.741334745280255,True
external_ipmsm,external_test,4,target_only_prefix_positive_thermal_network,matched_20min,temp_winding,1.8606314336120837,1.7559350110551646,2.500073823600971,0,0,1200,0.9,11,11,77.82053604032467,True
external_ipmsm,external_test,4,target_only_prefix_positive_thermal_network,matched_20min,temp_stator_core,1.3148205217358229,1.2545356049449696,1.8007741512484046,0,0,1200,0.9,11,11,37.807280442993864,True
external_ipmsm,external_test,4,target_only_prefix_positive_thermal_network,matched_20min,temp_rotor,15.85761390757135,14.260347374322725,25.231516949512006,0,0,1200,0.9,11,11,66.9920696371392,True
external_ipmsm,external_test,4,source_prior_prefix_calibrated_thermal_network,matched_20min,temp_winding,5.886322499265862,5.415086789955688,7.53488811297985,0,0,1200,0.9,11,11,158.88348129701578,True
external_ipmsm,external_test,4,source_prior_prefix_calibrated_thermal_network,matched_20min,temp_stator_core,4.485612328058536,4.214766426707886,5.730310884020298,0,0,1200,0.9,11,11,87.26464177119581,True
external_ipmsm,external_test,4,source_prior_prefix_calibrated_thermal_network,matched_20min,temp_rotor,14.469471701847727,13.026271288453843,23.20352006083685,0,0,1200,0.9,11,11,72.05810209289089,True
external_ipmsm,external_test,4,source_thermal_network_plus_hist_gradient_residual,matched_20min,temp_winding,23.44710770087933,21.73703434754098,31.717878424313774,0,0,1200,0.9,11,11,100.59973429916747,True
external_ipmsm,external_test,4,source_thermal_network_plus_hist_gradient_residual,matched_20min,temp_stator_core,10.063052415065362,8.926609628467052,14.560852691162985,0,0,1200,0.9,11,11,51.64725876607824,True
external_ipmsm,external_test,4,source_thermal_network_plus_hist_gradient_residual,matched_20min,temp_rotor,10.051436275248548,8.956129181900508,15.75024423383396,0,0,1200,0.9,11,11,38.45485090596043,True
external_ipmsm,external_test,5,initial_state_persistence,matched_20min,temp_winding,5.418128328429783,5.161458333333332,7.5,0,0,1200,0.9,11,11,84.5393295288086,True
external_ipmsm,external_test,5,initial_state_persistence,matched_20min,temp_stator_core,3.2318547951086356,2.999208333333336,5.25,0,0,1200,0.9,11,11,43.12060832977295,True
external_ipmsm,external_test,5,initial_state_persistence,matched_20min,temp_rotor,7.706138448773592,6.9327499999999995,11.974999999999998,0,0,1200,0.9,11,11,44.5918083190918,True
external_ipmsm,external_test,5,boundary_shift_persistence,matched_20min,temp_winding,5.398989874658651,5.2144999999999975,7.0,0,0,1200,0.9,11,11,83.22904014587402,True
external_ipmsm,external_test,5,boundary_shift_persistence,matched_20min,temp_stator_core,3.192985149772337,3.0514166666666678,4.800000000000004,0,0,1200,0.9,11,11,41.81879949569702,True
external_ipmsm,external_test,5,boundary_shift_persistence,matched_20min,temp_rotor,7.646550352392027,6.985291666666665,11.924999999999994,0,0,1200,0.9,11,11,43.09916067123413,True
external_ipmsm,external_test,5,source_ridge_arx,matched_20min,temp_winding,15.938193815265553,13.275160720431241,27.435844313692613,0,0,1200,0.9,11,11,44.40516317193192,True
external_ipmsm,external_test,5,source_ridge_arx,matched_20min,temp_stator_core,7.070390698205787,5.623365110985944,12.268693148218972,0,0,1200,0.9,11,11,20.165374811697745,True
external_ipmsm,external_test,5,source_ridge_arx,matched_20min,temp_rotor,4.796073538899908,3.7304583850188084,10.325209601311101,0,0,1200,0.9,11,11,20.195055477343217,True
external_ipmsm,external_test,5,source_positive_thermal_network_raw,matched_20min,temp_winding,55.33818679494268,53.167716743781625,68.06527917947052,0,0,1200,0.9,11,11,8.058477992829793,False
external_ipmsm,external_test,5,source_positive_thermal_network_raw,matched_20min,temp_stator_core,25.605121282820697,23.96224406655906,32.357716019545606,0,0,1200,0.9,11,11,4.317487049649287,False
external_ipmsm,external_test,5,source_positive_thermal_network_raw,matched_20min,temp_rotor,9.448194695276815,8.150507816967119,17.756436948384433,0,0,1200,0.9,11,11,3.8103349184627646,False
external_ipmsm,external_test,5,source_positive_thermal_network_normalized,matched_20min,temp_winding,19.793510678279397,17.776297825588088,33.15979938239525,0,0,1200,0.9,11,11,91.6367414043593,True
external_ipmsm,external_test,5,source_positive_thermal_network_normalized,matched_20min,temp_stator_core,8.809045692196403,7.546991767427562,14.658434057963639,0,0,1200,0.9,11,11,46.703099435902075,True
external_ipmsm,external_test,5,source_positive_thermal_network_normalized,matched_20min,temp_rotor,5.631791038133834,4.4876999921743055,12.16496445464032,0,0,1200,0.9,11,11,26.741334745280255,True
external_ipmsm,external_test,5,target_only_prefix_positive_thermal_network,matched_20min,temp_winding,2.083114856046463,0.8796670149592223,11.418803675167247,0,0,1200,0.9,11,11,77.82053604032467,True
external_ipmsm,external_test,5,target_only_prefix_positive_thermal_network,matched_20min,temp_stator_core,0.8579715098397651,0.3350192557829988,5.112300766528982,0,0,1200,0.9,11,11,37.807280442993864,True
external_ipmsm,external_test,5,target_only_prefix_positive_thermal_network,matched_20min,temp_rotor,5.950260598767865,5.330075865567634,9.826619497563609,0,0,1200,0.9,11,11,66.9920696371392,True
external_ipmsm,external_test,5,source_prior_prefix_calibrated_thermal_network,matched_20min,temp_winding,1.5111030256166145,1.1714013311173588,6.0802381458886146,0,0,1200,0.9,11,11,158.88348129701578,True
external_ipmsm,external_test,5,source_prior_prefix_calibrated_thermal_network,matched_20min,temp_stator_core,0.7543674202255071,0.5831249356273783,3.1703566796785836,0,0,1200,0.9,11,11,87.26464177119581,True
external_ipmsm,external_test,5,source_prior_prefix_calibrated_thermal_network,matched_20min,temp_rotor,5.874288354294244,5.240749331868518,9.746713520970328,0,0,1200,0.9,11,11,72.05810209289089,True
external_ipmsm,external_test,5,source_thermal_network_plus_hist_gradient_residual,matched_20min,temp_winding,34.9000833059369,32.110193765324276,52.10014736085276,0,0,1200,0.9,11,11,100.59973429916747,True
external_ipmsm,external_test,5,source_thermal_network_plus_hist_gradient_residual,matched_20min,temp_stator_core,17.573618055374546,15.879280375099674,25.51094373432619,0,0,1200,0.9,11,11,51.64725876607824,True
external_ipmsm,external_test,5,source_thermal_network_plus_hist_gradient_residual,matched_20min,temp_rotor,25.472504124223494,22.81320293351629,38.76412459513949,0,0,1200,0.9,11,11,38.45485090596043,False
external_ipmsm,external_test,6,initial_state_persistence,matched_20min,temp_winding,2.480120714175781,2.3749500788500018,4.677841485000002,0,0,1200,0.9,11,11,84.5393295288086,True
external_ipmsm,external_test,6,initial_state_persistence,matched_20min,temp_stator_core,1.026170045306903,0.8856480849624984,3.018948004999995,0,0,1200,0.9,11,11,43.12060832977295,True
external_ipmsm,external_test,6,initial_state_persistence,matched_20min,temp_rotor,3.819819855758997,3.567890339949998,5.4788122600000015,0,0,1200,0.9,11,11,44.5918083190918,True
external_ipmsm,external_test,6,boundary_shift_persistence,matched_20min,temp_winding,2.4626954494397593,2.3367902836291674,4.63759108,0,0,1200,0.9,11,11,83.22904014587402,True
external_ipmsm,external_test,6,boundary_shift_persistence,matched_20min,temp_stator_core,0.9830879308216453,0.8474882897416645,2.978697599999993,0,0,1200,0.9,11,11,41.81879949569702,True
external_ipmsm,external_test,6,boundary_shift_persistence,matched_20min,temp_rotor,3.806409799290163,3.5297305447291647,5.670579264999997,0,0,1200,0.9,11,11,43.09916067123413,True
external_ipmsm,external_test,6,source_ridge_arx,matched_20min,temp_winding,11.0906275991172,9.158376946310272,19.032244404612413,0,0,1200,0.9,11,11,44.40516317193192,True
external_ipmsm,external_test,6,source_ridge_arx,matched_20min,temp_stator_core,5.040576432491091,4.107347357787602,9.114302468405377,0,0,1200,0.9,11,11,20.165374811697745,True
external_ipmsm,external_test,6,source_ridge_arx,matched_20min,temp_rotor,3.1569217438234927,2.434487087947099,6.859376908551681,0,0,1200,0.9,11,11,20.195055477343217,True
external_ipmsm,external_test,6,source_positive_thermal_network_raw,matched_20min,temp_winding,11.625716340550813,11.141645814832106,16.11816929773903,0,0,1200,0.9,11,11,8.058477992829793,False
external_ipmsm,external_test,6,source_positive_thermal_network_raw,matched_20min,temp_stator_core,4.795615925010841,4.4614284712867205,6.364596141546933,0,0,1200,0.9,11,11,4.317487049649287,False
external_ipmsm,external_test,6,source_positive_thermal_network_raw,matched_20min,temp_rotor,0.5615652942196354,0.48055765093704866,1.2169910646086457,0,0,1200,0.9,11,11,3.8103349184627646,True
external_ipmsm,external_test,6,source_positive_thermal_network_normalized,matched_20min,temp_winding,3.42388995826101,3.001590686674569,5.6336311642613595,0,0,1200,0.9,11,11,91.6367414043593,True
external_ipmsm,external_test,6,source_positive_thermal_network_normalized,matched_20min,temp_stator_core,1.2181434025191704,1.057546612237986,3.2821117070450967,0,0,1200,0.9,11,11,46.703099435902075,True
external_ipmsm,external_test,6,source_positive_thermal_network_normalized,matched_20min,temp_rotor,1.4564333610633196,1.4044306271718763,2.1825500258994275,0,0,1200,0.9,11,11,26.741334745280255,True
external_ipmsm,external_test,6,target_only_prefix_positive_thermal_network,matched_20min,temp_winding,1.379108146684726,1.0390503637191586,4.141979846286006,0,0,1200,0.9,11,11,77.82053604032467,True
external_ipmsm,external_test,6,target_only_prefix_positive_thermal_network,matched_20min,temp_stator_core,0.9514490030008401,0.7704978288360985,2.4967405519451518,0,0,1200,0.9,11,11,37.807280442993864,True
external_ipmsm,external_test,6,target_only_prefix_positive_thermal_network,matched_20min,temp_rotor,1.324542547375205,1.2279942785329774,2.1910412332549143,0,0,1200,0.9,11,11,66.9920696371392,True
external_ipmsm,external_test,6,source_prior_prefix_calibrated_thermal_network,matched_20min,temp_winding,2.6670395035416004,2.228211311417499,5.707377012095961,0,0,1200,0.9,11,11,158.88348129701578,True
external_ipmsm,external_test,6,source_prior_prefix_calibrated_thermal_network,matched_20min,temp_stator_core,2.87824518481728,2.3777856700703612,5.393674079442775,0,0,1200,0.9,11,11,87.26464177119581,True
external_ipmsm,external_test,6,source_prior_prefix_calibrated_thermal_network,matched_20min,temp_rotor,0.6528392506250251,0.5416392214687795,1.5632418230575809,0,0,1200,0.9,11,11,72.05810209289089,True
external_ipmsm,external_test,6,source_thermal_network_plus_hist_gradient_residual,matched_20min,temp_winding,7.270468734822298,6.571137094973731,10.791222490909973,0,0,1200,0.9,11,11,100.59973429916747,True
external_ipmsm,external_test,6,source_thermal_network_plus_hist_gradient_residual,matched_20min,temp_stator_core,2.820578980482501,2.505751485864683,4.539451764927385,0,0,1200,0.9,11,11,51.64725876607824,True
external_ipmsm,external_test,6,source_thermal_network_plus_hist_gradient_residual,matched_20min,temp_rotor,1.43980800008922,1.1983951083854838,3.046593459578837,0,0,1200,0.9,11,11,38.45485090596043,True
external_ipmsm,external_test,7,initial_state_persistence,matched_20min,temp_winding,1.570027757666081,1.491401402095831,2.3122340700000024,0,0,1200,0.9,11,11,84.5393295288086,True
external_ipmsm,external_test,7,initial_state_persistence,matched_20min,temp_stator_core,1.4495649629650242,1.387354169316668,2.3477203150000037,0,0,1200,0.9,11,11,43.12060832977295,True
external_ipmsm,external_test,7,initial_state_persistence,matched_20min,temp_rotor,0.9756068694384123,0.873234412966666,1.67642837,0,0,1200,0.9,11,11,44.5918083190918,True
external_ipmsm,external_test,7,boundary_shift_persistence,matched_20min,temp_winding,1.1021418354420465,0.9768245487458307,1.9417899099999971,0,0,1200,0.9,11,11,83.22904014587402,True
external_ipmsm,external_test,7,boundary_shift_persistence,matched_20min,temp_stator_core,0.9236484062659022,0.8616877057500009,1.4556770400000012,0,0,1200,0.9,11,11,41.81879949569702,True
external_ipmsm,external_test,7,boundary_shift_persistence,matched_20min,temp_rotor,0.600438597642961,0.49350556784999955,1.2485450599999979,0,0,1200,0.9,11,11,43.09916067123413,True
external_ipmsm,external_test,7,source_ridge_arx,matched_20min,temp_winding,16.75330542812457,14.587046100078979,26.666284433351223,0,0,1200,0.9,11,11,44.40516317193192,True
external_ipmsm,external_test,7,source_ridge_arx,matched_20min,temp_stator_core,7.679594909761794,6.384289830353984,12.897010547768485,0,0,1200,0.9,11,11,20.165374811697745,True
external_ipmsm,external_test,7,source_ridge_arx,matched_20min,temp_rotor,9.151850461327616,7.794227901016093,15.96805828509201,0,0,1200,0.9,11,11,20.195055477343217,True
external_ipmsm,external_test,7,source_positive_thermal_network_raw,matched_20min,temp_winding,18.41429204978557,17.700538083962883,21.82190171138719,0,0,1200,0.9,11,11,8.058477992829793,False
external_ipmsm,external_test,7,source_positive_thermal_network_raw,matched_20min,temp_stator_core,7.520119809271671,6.946777420568559,9.721076233356118,0,0,1200,0.9,11,11,4.317487049649287,False
external_ipmsm,external_test,7,source_positive_thermal_network_raw,matched_20min,temp_rotor,2.799330231528827,2.4041829781634023,4.397251291778591,0,0,1200,0.9,11,11,3.8103349184627646,False
external_ipmsm,external_test,7,source_positive_thermal_network_normalized,matched_20min,temp_winding,18.21215338187446,16.568160424057496,26.67618293386097,0,0,1200,0.9,11,11,91.6367414043593,True
external_ipmsm,external_test,7,source_positive_thermal_network_normalized,matched_20min,temp_stator_core,8.118135858339736,7.0393714932754365,12.669082264841148,0,0,1200,0.9,11,11,46.703099435902075,True
external_ipmsm,external_test,7,source_positive_thermal_network_normalized,matched_20min,temp_rotor,7.648420462849197,6.4743069410306315,13.418588358356875,0,0,1200,0.9,11,11,26.741334745280255,True
external_ipmsm,external_test,7,target_only_prefix_positive_thermal_network,matched_20min,temp_winding,0.2398474840587267,0.2000159364891276,0.5957711384133546,0,0,1200,0.9,11,11,77.82053604032467,True
external_ipmsm,external_test,7,target_only_prefix_positive_thermal_network,matched_20min,temp_stator_core,0.43263977108864454,0.3973885930499025,0.8876360936492773,0,0,1200,0.9,11,11,37.807280442993864,True
external_ipmsm,external_test,7,target_only_prefix_positive_thermal_network,matched_20min,temp_rotor,0.2606808168945434,0.21194031017261883,0.5198430064476156,0,0,1200,0.9,11,11,66.9920696371392,True
external_ipmsm,external_test,7,source_prior_prefix_calibrated_thermal_network,matched_20min,temp_winding,0.20187808722487957,0.17040739923295317,0.45091040537987936,0,0,1200,0.9,11,11,158.88348129701578,True
external_ipmsm,external_test,7,source_prior_prefix_calibrated_thermal_network,matched_20min,temp_stator_core,0.22421084420422596,0.18577702406840568,0.6211838203821429,0,0,1200,0.9,11,11,87.26464177119581,True
external_ipmsm,external_test,7,source_prior_prefix_calibrated_thermal_network,matched_20min,temp_rotor,0.13371838102257053,0.11647912516857041,0.301820306851031,0,0,1200,0.9,11,11,72.05810209289089,True
external_ipmsm,external_test,7,source_thermal_network_plus_hist_gradient_residual,matched_20min,temp_winding,64.70789459950419,61.17283539604142,78.73555430174177,0,0,1200,0.9,11,11,100.59973429916747,True
external_ipmsm,external_test,7,source_thermal_network_plus_hist_gradient_residual,matched_20min,temp_stator_core,31.03258765203809,28.563140065137233,39.593321187560186,0,0,1200,0.9,11,11,51.64725876607824,True
external_ipmsm,external_test,7,source_thermal_network_plus_hist_gradient_residual,matched_20min,temp_rotor,15.882961554557882,13.747589874557365,25.583083642649928,0,0,1200,0.9,11,11,38.45485090596043,True
external_ipmsm,external_test,8,initial_state_persistence,matched_20min,temp_winding,9.258212232931365,7.228291666666667,17.750000000000004,0,0,1200,0.9,11,11,84.5393295288086,True
external_ipmsm,external_test,8,initial_state_persistence,matched_20min,temp_stator_core,5.793177560717435,4.655875000000002,10.950000000000003,0,0,1200,0.9,11,11,43.12060832977295,True
external_ipmsm,external_test,8,initial_state_persistence,matched_20min,temp_rotor,8.995696694729434,7.622720310408334,16.00701605,0,0,1200,0.9,11,11,44.5918083190918,True
external_ipmsm,external_test,8,boundary_shift_persistence,matched_20min,temp_winding,9.32106583006114,7.6237750000000055,17.640000000000008,0,0,1200,0.9,11,11,83.22904014587402,True
external_ipmsm,external_test,8,boundary_shift_persistence,matched_20min,temp_stator_core,5.89188752650626,5.051433333333337,10.840000000000007,0,0,1200,0.9,11,11,41.81879949569702,True
external_ipmsm,external_test,8,boundary_shift_persistence,matched_20min,temp_rotor,9.200389006400137,8.01810364374167,16.42423794000001,0,0,1200,0.9,11,11,43.09916067123413,True
external_ipmsm,external_test,8,source_ridge_arx,matched_20min,temp_winding,55.9906135110191,43.63001012492019,95.05833407323743,0,0,1200,0.9,11,11,44.40516317193192,False
external_ipmsm,external_test,8,source_ridge_arx,matched_20min,temp_stator_core,26.823776574476085,20.127967114743832,49.71596575815712,0,0,1200,0.9,11,11,20.165374811697745,False
external_ipmsm,external_test,8,source_ridge_arx,matched_20min,temp_rotor,11.557755459156857,7.98901368946529,24.259058540597216,0,0,1200,0.9,11,11,20.195055477343217,False
external_ipmsm,external_test,8,source_positive_thermal_network_raw,matched_20min,temp_winding,32.25490697337341,24.51391188559448,63.156995180179045,0,0,1200,0.9,11,11,8.058477992829793,False
external_ipmsm,external_test,8,source_positive_thermal_network_raw,matched_20min,temp_stator_core,15.54094378851727,11.598727640033996,28.96200203603275,0,0,1200,0.9,11,11,4.317487049649287,False
external_ipmsm,external_test,8,source_positive_thermal_network_raw,matched_20min,temp_rotor,5.768125785166666,4.0824545076202865,11.801484623656862,0,0,1200,0.9,11,11,3.8103349184627646,False
external_ipmsm,external_test,8,source_positive_thermal_network_normalized,matched_20min,temp_winding,91.21660913820718,71.06667089359915,155.64093885028652,0,0,1200,0.9,11,11,91.6367414043593,False
external_ipmsm,external_test,8,source_positive_thermal_network_normalized,matched_20min,temp_stator_core,44.93703167249161,33.81878482073068,76.76485237962972,0,0,1200,0.9,11,11,46.703099435902075,False
external_ipmsm,external_test,8,source_positive_thermal_network_normalized,matched_20min,temp_rotor,20.81405054679363,14.186936570765125,41.24508998303043,0,0,1200,0.9,11,11,26.741334745280255,False
external_ipmsm,external_test,8,target_only_prefix_positive_thermal_network,matched_20min,temp_winding,7.929477862699285,5.771306682799091,15.85889037446941,0,0,1200,0.9,11,11,77.82053604032467,True
external_ipmsm,external_test,8,target_only_prefix_positive_thermal_network,matched_20min,temp_stator_core,4.951111920342342,3.7751521051482073,9.700857912182432,0,0,1200,0.9,11,11,37.807280442993864,True
external_ipmsm,external_test,8,target_only_prefix_positive_thermal_network,matched_20min,temp_rotor,9.240637506412014,7.66011661603779,15.732032777398963,0,0,1200,0.9,11,11,66.9920696371392,True
external_ipmsm,external_test,8,source_prior_prefix_calibrated_thermal_network,matched_20min,temp_winding,3.000780652234838,2.2838526207475813,6.04131465326568,0,0,1200,0.9,11,11,158.88348129701578,True
external_ipmsm,external_test,8,source_prior_prefix_calibrated_thermal_network,matched_20min,temp_stator_core,2.0920078958590174,1.7584104933357754,4.074218407366569,0,0,1200,0.9,11,11,87.26464177119581,True
external_ipmsm,external_test,8,source_prior_prefix_calibrated_thermal_network,matched_20min,temp_rotor,7.763894803358549,6.375004178734561,15.362107834082934,0,0,1200,0.9,11,11,72.05810209289089,True
external_ipmsm,external_test,8,source_thermal_network_plus_hist_gradient_residual,matched_20min,temp_winding,84.34485251371363,70.00716458711985,139.03294566561826,0,0,1200,0.9,11,11,100.59973429916747,False
external_ipmsm,external_test,8,source_thermal_network_plus_hist_gradient_residual,matched_20min,temp_stator_core,42.15608614539564,34.37893035936909,69.42953842802787,0,0,1200,0.9,11,11,51.64725876607824,False
external_ipmsm,external_test,8,source_thermal_network_plus_hist_gradient_residual,matched_20min,temp_rotor,27.263930064405372,23.578038443471357,48.44952455614693,0,0,1200,0.9,11,11,38.45485090596043,False
external_ipmsm,external_test,9,initial_state_persistence,matched_20min,temp_winding,10.23568085180463,7.642166666666665,23.4,0,0,1200,0.9,11,11,84.5393295288086,True
external_ipmsm,external_test,9,initial_state_persistence,matched_20min,temp_stator_core,6.1804316529403245,4.688625,14.0,0,0,1200,0.9,11,11,43.12060832977295,True
external_ipmsm,external_test,9,initial_state_persistence,matched_20min,temp_rotor,12.015528056159333,10.270112608733335,22.106967479999998,0,0,1200,0.9,11,11,44.5918083190918,True
external_ipmsm,external_test,9,boundary_shift_persistence,matched_20min,temp_winding,10.036602803405808,7.512999999999999,22.700000000000003,0,0,1200,0.9,11,11,83.22904014587402,True
external_ipmsm,external_test,9,boundary_shift_persistence,matched_20min,temp_stator_core,5.979739577662784,4.561541666666669,13.3,0,0,1200,0.9,11,11,41.81879949569702,True
external_ipmsm,external_test,9,boundary_shift_persistence,matched_20min,temp_rotor,11.82765864403336,10.1122792754,21.60216794,0,0,1200,0.9,11,11,43.09916067123413,True
external_ipmsm,external_test,9,source_ridge_arx,matched_20min,temp_winding,11.205795842771645,8.410861891688867,24.20589878168932,0,0,1200,0.9,11,11,44.40516317193192,True
external_ipmsm,external_test,9,source_ridge_arx,matched_20min,temp_stator_core,5.032830920062442,4.111903269444591,11.486563382180837,0,0,1200,0.9,11,11,20.165374811697745,True
external_ipmsm,external_test,9,source_ridge_arx,matched_20min,temp_rotor,4.388543766734359,3.137564363043074,11.40983069620222,0,0,1200,0.9,11,11,20.195055477343217,True
external_ipmsm,external_test,9,source_positive_thermal_network_raw,matched_20min,temp_winding,66.26473460881017,56.41100221870878,129.79253458493582,0,0,1200,0.9,11,11,8.058477992829793,False
external_ipmsm,external_test,9,source_positive_thermal_network_raw,matched_20min,temp_stator_core,31.657715350587345,27.1036797478329,58.18834248952735,0,0,1200,0.9,11,11,4.317487049649287,False
external_ipmsm,external_test,9,source_positive_thermal_network_raw,matched_20min,temp_rotor,19.53574867107052,17.068009712528244,31.545137755092625,0,0,1200,0.9,11,11,3.8103349184627646,False
external_ipmsm,external_test,9,source_positive_thermal_network_normalized,matched_20min,temp_winding,5.698611091042475,4.343513634907852,11.027509092169204,0,0,1200,0.9,11,11,91.6367414043593,True
external_ipmsm,external_test,9,source_positive_thermal_network_normalized,matched_20min,temp_stator_core,2.95897062230531,2.6418619576381843,4.88084822164722,0,0,1200,0.9,11,11,46.703099435902075,True
external_ipmsm,external_test,9,source_positive_thermal_network_normalized,matched_20min,temp_rotor,6.117346071193448,4.916912388512807,13.50609464913218,0,0,1200,0.9,11,11,26.741334745280255,True
external_ipmsm,external_test,9,target_only_prefix_positive_thermal_network,matched_20min,temp_winding,1.5570210672646738,1.1375153289604623,5.202234459243808,0,0,1200,0.9,11,11,77.82053604032467,True
external_ipmsm,external_test,9,target_only_prefix_positive_thermal_network,matched_20min,temp_stator_core,1.2646392421350074,0.8113738712274011,5.0732608476765115,0,0,1200,0.9,11,11,37.807280442993864,True
external_ipmsm,external_test,9,target_only_prefix_positive_thermal_network,matched_20min,temp_rotor,9.671921602744963,8.094771897509691,19.182620885699276,0,0,1200,0.9,11,11,66.9920696371392,True
external_ipmsm,external_test,9,source_prior_prefix_calibrated_thermal_network,matched_20min,temp_winding,5.908112587882439,5.228140155729918,10.160638010359207,0,0,1200,0.9,11,11,158.88348129701578,True
external_ipmsm,external_test,9,source_prior_prefix_calibrated_thermal_network,matched_20min,temp_stator_core,3.95604355086815,3.5517300688733227,6.7281193497872565,0,0,1200,0.9,11,11,87.26464177119581,True
external_ipmsm,external_test,9,source_prior_prefix_calibrated_thermal_network,matched_20min,temp_rotor,6.084452217067409,4.8922602671475435,14.035692051998456,0,0,1200,0.9,11,11,72.05810209289089,True
external_ipmsm,external_test,9,source_thermal_network_plus_hist_gradient_residual,matched_20min,temp_winding,2.980846669636356,2.54170890362141,5.611167435109458,0,0,1200,0.9,11,11,100.59973429916747,True
external_ipmsm,external_test,9,source_thermal_network_plus_hist_gradient_residual,matched_20min,temp_stator_core,2.573734214132068,2.0373340427054947,5.751293021185305,0,0,1200,0.9,11,11,51.64725876607824,True
external_ipmsm,external_test,9,source_thermal_network_plus_hist_gradient_residual,matched_20min,temp_rotor,3.267875328521988,2.5568444955882783,7.011766336596807,0,0,1200,0.9,11,11,38.45485090596043,True
external_ipmsm,external_test,10,initial_state_persistence,matched_20min,temp_winding,15.01839746777265,12.059416666666664,30.099999999999994,0,0,1200,0.9,11,11,84.5393295288086,True
external_ipmsm,external_test,10,initial_state_persistence,matched_20min,temp_stator_core,8.696450065975196,6.9773749999999986,17.65,0,0,1200,0.9,11,11,43.12060832977295,True
external_ipmsm,external_test,10,initial_state_persistence,matched_20min,temp_rotor,15.656644415663802,14.219183509,24.785011609999998,0,0,1200,0.9,11,11,44.5918083190918,True
external_ipmsm,external_test,10,boundary_shift_persistence,matched_20min,temp_winding,14.486909752140606,11.589999999999998,29.39999999999999,0,0,1200,0.9,11,11,83.22904014587402,True
external_ipmsm,external_test,10,boundary_shift_persistence,matched_20min,temp_stator_core,8.162821586314378,6.504208333333332,16.900000000000006,0,0,1200,0.9,11,11,41.81879949569702,True
external_ipmsm,external_test,10,boundary_shift_persistence,matched_20min,temp_rotor,15.177296195766331,13.784016842333333,24.135011609999992,0,0,1200,0.9,11,11,43.09916067123413,True
external_ipmsm,external_test,10,source_ridge_arx,matched_20min,temp_winding,30.699502676195294,23.58205554079223,51.66940832175707,0,0,1200,0.9,11,11,44.40516317193192,False
external_ipmsm,external_test,10,source_ridge_arx,matched_20min,temp_stator_core,14.55238719546112,10.353435307470905,27.653026911767817,0,0,1200,0.9,11,11,20.165374811697745,False
external_ipmsm,external_test,10,source_ridge_arx,matched_20min,temp_rotor,5.741964682350332,4.752171118164329,12.42672229312641,0,0,1200,0.9,11,11,20.195055477343217,True
external_ipmsm,external_test,10,source_positive_thermal_network_raw,matched_20min,temp_winding,74.38293527120966,63.45349335992944,142.2168519602173,0,0,1200,0.9,11,11,8.058477992829793,False
external_ipmsm,external_test,10,source_positive_thermal_network_raw,matched_20min,temp_stator_core,36.162642447701835,31.03366412311026,65.38269829257348,0,0,1200,0.9,11,11,4.317487049649287,False
external_ipmsm,external_test,10,source_positive_thermal_network_raw,matched_20min,temp_rotor,22.416283585422118,19.376489431550382,39.22510693970167,0,0,1200,0.9,11,11,3.8103349184627646,False
external_ipmsm,external_test,10,source_positive_thermal_network_normalized,matched_20min,temp_winding,45.30168841115751,40.20261946825118,65.64053586530173,0,0,1200,0.9,11,11,91.6367414043593,True
external_ipmsm,external_test,10,source_positive_thermal_network_normalized,matched_20min,temp_stator_core,21.702639941000523,18.203960576989022,34.00166082695408,0,0,1200,0.9,11,11,46.703099435902075,True
external_ipmsm,external_test,10,source_positive_thermal_network_normalized,matched_20min,temp_rotor,5.545224013785492,4.747596153614532,9.961820587189017,0,0,1200,0.9,11,11,26.741334745280255,True
external_ipmsm,external_test,10,target_only_prefix_positive_thermal_network,matched_20min,temp_winding,12.785199415524447,10.224881832320923,21.73972465822397,0,0,1200,0.9,11,11,77.82053604032467,True
external_ipmsm,external_test,10,target_only_prefix_positive_thermal_network,matched_20min,temp_stator_core,10.133596603154556,8.977283790380072,15.773647910171583,0,0,1200,0.9,11,11,37.807280442993864,True
external_ipmsm,external_test,10,target_only_prefix_positive_thermal_network,matched_20min,temp_rotor,7.939539838083822,6.104642315400283,13.526286422055414,0,0,1200,0.9,11,11,66.9920696371392,True
external_ipmsm,external_test,10,source_prior_prefix_calibrated_thermal_network,matched_20min,temp_winding,16.381134098004573,14.600656559600218,24.847714855414694,0,0,1200,0.9,11,11,158.88348129701578,True
external_ipmsm,external_test,10,source_prior_prefix_calibrated_thermal_network,matched_20min,temp_stator_core,12.756773549658641,11.459501151605426,19.04001164147445,0,0,1200,0.9,11,11,87.26464177119581,True
external_ipmsm,external_test,10,source_prior_prefix_calibrated_thermal_network,matched_20min,temp_rotor,6.678723881176669,4.924812840715661,10.657728392008721,0,0,1200,0.9,11,11,72.05810209289089,True
external_ipmsm,external_test,10,source_thermal_network_plus_hist_gradient_residual,matched_20min,temp_winding,39.77870868982579,34.76037913813975,67.43619143036892,0,0,1200,0.9,11,11,100.59973429916747,True
external_ipmsm,external_test,10,source_thermal_network_plus_hist_gradient_residual,matched_20min,temp_stator_core,18.202577051394197,15.651685953346885,29.571011565876233,0,0,1200,0.9,11,11,51.64725876607824,True
external_ipmsm,external_test,10,source_thermal_network_plus_hist_gradient_residual,matched_20min,temp_rotor,4.77155986745175,4.010389943390234,9.687550641528489,0,0,1200,0.9,11,11,38.45485090596043,True
external_ipmsm,external_test,11,initial_state_persistence,matched_20min,temp_winding,5.696674102784301,4.411583333333332,12.200000000000003,0,0,1200,0.9,11,11,84.5393295288086,True
external_ipmsm,external_test,11,initial_state_persistence,matched_20min,temp_stator_core,2.8873235876846217,2.208416666666666,6.849999999999998,0,0,1200,0.9,11,11,43.12060832977295,True
external_ipmsm,external_test,11,initial_state_persistence,matched_20min,temp_rotor,8.516003659077159,7.514828411541666,12.449161070000002,0,0,1200,0.9,11,11,44.5918083190918,True
external_ipmsm,external_test,11,boundary_shift_persistence,matched_20min,temp_winding,5.600292775084768,4.353916666666666,12.100000000000009,0,0,1200,0.9,11,11,83.22904014587402,True
external_ipmsm,external_test,11,boundary_shift_persistence,matched_20min,temp_stator_core,2.7899014319505984,2.1348333333333334,6.799999999999997,0,0,1200,0.9,11,11,41.81879949569702,True
external_ipmsm,external_test,11,boundary_shift_persistence,matched_20min,temp_rotor,8.33316172727778,7.352581290458336,12.599161070000005,0,0,1200,0.9,11,11,43.09916067123413,True
external_ipmsm,external_test,11,source_ridge_arx,matched_20min,temp_winding,11.765441902066827,8.981956557186031,22.190941614444128,0,0,1200,0.9,11,11,44.40516317193192,True
external_ipmsm,external_test,11,source_ridge_arx,matched_20min,temp_stator_core,5.236196673344864,3.903904656679929,10.75990973538568,0,0,1200,0.9,11,11,20.165374811697745,True
external_ipmsm,external_test,11,source_ridge_arx,matched_20min,temp_rotor,1.6583798792708644,1.3672383403595612,3.645728064112859,0,0,1200,0.9,11,11,20.195055477343217,True
external_ipmsm,external_test,11,source_positive_thermal_network_raw,matched_20min,temp_winding,48.56238286903135,44.964863916212046,85.28038313374464,0,0,1200,0.9,11,11,8.058477992829793,False
external_ipmsm,external_test,11,source_positive_thermal_network_raw,matched_20min,temp_stator_core,23.353978225194314,21.451797148666763,37.8864734583426,0,0,1200,0.9,11,11,4.317487049649287,False
external_ipmsm,external_test,11,source_positive_thermal_network_raw,matched_20min,temp_rotor,11.867407453963445,10.864257029422312,16.469282342519477,0,0,1200,0.9,11,11,3.8103349184627646,False
external_ipmsm,external_test,11,source_positive_thermal_network_normalized,matched_20min,temp_winding,7.260311741427221,6.30168260324534,11.449835601194692,0,0,1200,0.9,11,11,91.6367414043593,True
external_ipmsm,external_test,11,source_positive_thermal_network_normalized,matched_20min,temp_stator_core,2.811421600189294,2.231467291791439,5.120475781355346,0,0,1200,0.9,11,11,46.703099435902075,True
external_ipmsm,external_test,11,source_positive_thermal_network_normalized,matched_20min,temp_rotor,3.0282406221738185,2.7244527043189173,4.842830424598198,0,0,1200,0.9,11,11,26.741334745280255,True
external_ipmsm,external_test,11,target_only_prefix_positive_thermal_network,matched_20min,temp_winding,4.988003908423984,4.067421295019229,11.674169799169682,0,0,1200,0.9,11,11,77.82053604032467,True
external_ipmsm,external_test,11,target_only_prefix_positive_thermal_network,matched_20min,temp_stator_core,2.415232606091768,2.083828936515172,5.346109708929802,0,0,1200,0.9,11,11,37.807280442993864,True
external_ipmsm,external_test,11,target_only_prefix_positive_thermal_network,matched_20min,temp_rotor,11.1615686797393,9.98528384311351,17.10557328278581,0,0,1200,0.9,11,11,66.9920696371392,True
external_ipmsm,external_test,11,source_prior_prefix_calibrated_thermal_network,matched_20min,temp_winding,7.277603093048848,6.267406314890001,11.788846299914717,0,0,1200,0.9,11,11,158.88348129701578,True
external_ipmsm,external_test,11,source_prior_prefix_calibrated_thermal_network,matched_20min,temp_stator_core,6.038062737985556,5.5087620845034175,8.757447347512887,0,0,1200,0.9,11,11,87.26464177119581,True
external_ipmsm,external_test,11,source_prior_prefix_calibrated_thermal_network,matched_20min,temp_rotor,4.577103092932432,3.426365307144416,9.646294472919262,0,0,1200,0.9,11,11,72.05810209289089,True
external_ipmsm,external_test,11,source_thermal_network_plus_hist_gradient_residual,matched_20min,temp_winding,18.377865465276333,16.772582109783098,33.802926412186736,0,0,1200,0.9,11,11,100.59973429916747,True
external_ipmsm,external_test,11,source_thermal_network_plus_hist_gradient_residual,matched_20min,temp_stator_core,8.075036784147514,7.205106339800984,14.272745329478298,0,0,1200,0.9,11,11,51.64725876607824,True
external_ipmsm,external_test,11,source_thermal_network_plus_hist_gradient_residual,matched_20min,temp_rotor,0.8658718321988996,0.754946632742934,2.094682503642744,0,0,1200,0.9,11,11,38.45485090596043,True
external_ipmsm,external_test,12,initial_state_persistence,matched_20min,temp_winding,4.977736475213071,4.556541666666664,9.400000000000006,0,0,1200,0.9,11,11,84.5393295288086,True
external_ipmsm,external_test,12,initial_state_persistence,matched_20min,temp_stator_core,2.8491903089591366,2.607624999999999,5.0,0,0,1200,0.9,11,11,43.12060832977295,True
external_ipmsm,external_test,12,initial_state_persistence,matched_20min,temp_rotor,4.4857684898049595,3.7083898259499977,7.9826196599999975,0,0,1200,0.9,11,11,44.5918083190918,True
external_ipmsm,external_test,12,boundary_shift_persistence,matched_20min,temp_winding,4.776115925449604,4.242499999999999,10.25,0,0,1200,0.9,11,11,83.22904014587402,True
external_ipmsm,external_test,12,boundary_shift_persistence,matched_20min,temp_stator_core,2.699502268937739,2.3180000000000005,6.049999999999997,0,0,1200,0.9,11,11,41.81879949569702,True
external_ipmsm,external_test,12,boundary_shift_persistence,matched_20min,temp_rotor,5.386060983843422,4.507367350883328,8.682619659999993,0,0,1200,0.9,11,11,43.09916067123413,True
external_ipmsm,external_test,12,source_ridge_arx,matched_20min,temp_winding,10.175632983581371,8.410638412007014,17.21315996048287,0,0,1200,0.9,11,11,44.40516317193192,True
external_ipmsm,external_test,12,source_ridge_arx,matched_20min,temp_stator_core,4.410926480342789,3.585829153194815,8.34921704428599,0,0,1200,0.9,11,11,20.165374811697745,True
external_ipmsm,external_test,12,source_ridge_arx,matched_20min,temp_rotor,1.9107637742939652,1.4384026906309444,5.179052404275723,0,0,1200,0.9,11,11,20.195055477343217,True
external_ipmsm,external_test,12,source_positive_thermal_network_raw,matched_20min,temp_winding,32.97035324990408,25.525741810576744,72.28345021645221,0,0,1200,0.9,11,11,8.058477992829793,False
external_ipmsm,external_test,12,source_positive_thermal_network_raw,matched_20min,temp_stator_core,15.093676599379185,11.569080573344666,30.102916883276507,0,0,1200,0.9,11,11,4.317487049649287,False
external_ipmsm,external_test,12,source_positive_thermal_network_raw,matched_20min,temp_rotor,3.5612901281546585,3.035804395199379,7.336190880011749,0,0,1200,0.9,11,11,3.8103349184627646,False
external_ipmsm,external_test,12,source_positive_thermal_network_normalized,matched_20min,temp_winding,2.6831007532796805,2.249576792192599,5.164314802187583,0,0,1200,0.9,11,11,91.6367414043593,True
external_ipmsm,external_test,12,source_positive_thermal_network_normalized,matched_20min,temp_stator_core,1.9935630337072514,1.458390210601902,4.953924086908518,0,0,1200,0.9,11,11,46.703099435902075,True
external_ipmsm,external_test,12,source_positive_thermal_network_normalized,matched_20min,temp_rotor,5.868374027106205,4.996418097971486,9.16816318644041,0,0,1200,0.9,11,11,26.741334745280255,True
external_ipmsm,external_test,12,target_only_prefix_positive_thermal_network,matched_20min,temp_winding,5.140422669435993,3.8046751810370347,11.855365782330516,0,0,1200,0.9,11,11,77.82053604032467,True
external_ipmsm,external_test,12,target_only_prefix_positive_thermal_network,matched_20min,temp_stator_core,2.6575067763983573,1.9609785551154764,6.527563480890191,0,0,1200,0.9,11,11,37.807280442993864,True
external_ipmsm,external_test,12,target_only_prefix_positive_thermal_network,matched_20min,temp_rotor,7.542199152750358,6.9419562329440625,11.09668595598356,0,0,1200,0.9,11,11,66.9920696371392,True
external_ipmsm,external_test,12,source_prior_prefix_calibrated_thermal_network,matched_20min,temp_winding,2.227942284741983,1.7280193789552383,6.176063020669794,0,0,1200,0.9,11,11,158.88348129701578,True
external_ipmsm,external_test,12,source_prior_prefix_calibrated_thermal_network,matched_20min,temp_stator_core,1.57001874513231,1.2722117929693404,3.571543422800225,0,0,1200,0.9,11,11,87.26464177119581,True
external_ipmsm,external_test,12,source_prior_prefix_calibrated_thermal_network,matched_20min,temp_rotor,6.023810898830856,5.425832591066299,9.020141300527825,0,0,1200,0.9,11,11,72.05810209289089,True
external_ipmsm,external_test,12,source_thermal_network_plus_hist_gradient_residual,matched_20min,temp_winding,3.817895834030338,3.1045067857348596,8.77592257232213,0,0,1200,0.9,11,11,100.59973429916747,True
external_ipmsm,external_test,12,source_thermal_network_plus_hist_gradient_residual,matched_20min,temp_stator_core,2.2215949142277682,1.8308230767124996,3.9890677007156086,0,0,1200,0.9,11,11,51.64725876607824,True
external_ipmsm,external_test,12,source_thermal_network_plus_hist_gradient_residual,matched_20min,temp_rotor,2.71152438855037,2.232513709228316,5.338475210568298,0,0,1200,0.9,11,11,38.45485090596043,True
external_ipmsm,external_test,13,initial_state_persistence,matched_20min,temp_winding,10.001723393162468,8.984583333333335,17.300000000000004,0,0,1200,0.9,11,11,84.5393295288086,True
external_ipmsm,external_test,13,initial_state_persistence,matched_20min,temp_stator_core,6.042771508174043,5.391833333333334,10.25,0,0,1200,0.9,11,11,43.12060832977295,True
external_ipmsm,external_test,13,initial_state_persistence,matched_20min,temp_rotor,10.024402891888437,8.790101818608331,16.754576779999997,0,0,1200,0.9,11,11,44.5918083190918,True
external_ipmsm,external_test,13,boundary_shift_persistence,matched_20min,temp_winding,9.06104700995788,8.298874999999999,15.8,0,0,1200,0.9,11,11,83.22904014587402,True
external_ipmsm,external_test,13,boundary_shift_persistence,matched_20min,temp_stator_core,5.0879709036772836,4.672041666666664,8.749999999999996,0,0,1200,0.9,11,11,41.81879949569702,True
external_ipmsm,external_test,13,boundary_shift_persistence,matched_20min,temp_rotor,9.04864352283831,8.104809387691661,15.068774539999996,0,0,1200,0.9,11,11,43.09916067123413,True
external_ipmsm,external_test,13,source_ridge_arx,matched_20min,temp_winding,31.668999789502593,26.503855773307357,57.14020852528195,0,0,1200,0.9,11,11,44.40516317193192,False
external_ipmsm,external_test,13,source_ridge_arx,matched_20min,temp_stator_core,14.421274369225516,11.646848915119143,28.34358067895614,0,0,1200,0.9,11,11,20.165374811697745,False
external_ipmsm,external_test,13,source_ridge_arx,matched_20min,temp_rotor,6.252130942587538,4.643938762111151,14.597132060612807,0,0,1200,0.9,11,11,20.195055477343217,True
external_ipmsm,external_test,13,source_positive_thermal_network_raw,matched_20min,temp_winding,37.37396201396122,33.689898689294495,66.71223028851526,0,0,1200,0.9,11,11,8.058477992829793,False
external_ipmsm,external_test,13,source_positive_thermal_network_raw,matched_20min,temp_stator_core,16.93668384687698,15.080590365617534,26.177141339622203,0,0,1200,0.9,11,11,4.317487049649287,False
external_ipmsm,external_test,13,source_positive_thermal_network_raw,matched_20min,temp_rotor,9.05070225663956,7.4920328513742875,17.52815460077835,0,0,1200,0.9,11,11,3.8103349184627646,False
external_ipmsm,external_test,13,source_positive_thermal_network_normalized,matched_20min,temp_winding,47.95267360637258,42.12782943524928,79.8890506341916,0,0,1200,0.9,11,11,91.6367414043593,True
external_ipmsm,external_test,13,source_positive_thermal_network_normalized,matched_20min,temp_stator_core,22.555983819999053,19.188585832399564,40.14716100628439,0,0,1200,0.9,11,11,46.703099435902075,True
external_ipmsm,external_test,13,source_positive_thermal_network_normalized,matched_20min,temp_rotor,11.722608047693095,9.100837648047653,24.94556357189574,0,0,1200,0.9,11,11,26.741334745280255,True
external_ipmsm,external_test,13,target_only_prefix_positive_thermal_network,matched_20min,temp_winding,4.857633829803358,4.0816786334659145,9.987537097999027,0,0,1200,0.9,11,11,77.82053604032467,True
external_ipmsm,external_test,13,target_only_prefix_positive_thermal_network,matched_20min,temp_stator_core,2.8930115653257493,2.345591135296826,6.0091611570261705,0,0,1200,0.9,11,11,37.807280442993864,True
external_ipmsm,external_test,13,target_only_prefix_positive_thermal_network,matched_20min,temp_rotor,8.628423870307426,7.540248072460451,14.180650546388957,0,0,1200,0.9,11,11,66.9920696371392,True
external_ipmsm,external_test,13,source_prior_prefix_calibrated_thermal_network,matched_20min,temp_winding,3.6169396288844156,2.777329922450111,11.284937898372547,0,0,1200,0.9,11,11,158.88348129701578,True
external_ipmsm,external_test,13,source_prior_prefix_calibrated_thermal_network,matched_20min,temp_stator_core,3.029380718068959,2.0726023288338284,9.131052385131817,0,0,1200,0.9,11,11,87.26464177119581,True
external_ipmsm,external_test,13,source_prior_prefix_calibrated_thermal_network,matched_20min,temp_rotor,5.80358459002341,4.984577931048764,9.668174334671548,0,0,1200,0.9,11,11,72.05810209289089,True
external_ipmsm,external_test,13,source_thermal_network_plus_hist_gradient_residual,matched_20min,temp_winding,53.929853340593645,50.993669741279845,69.9802959122401,0,0,1200,0.9,11,11,100.59973429916747,True
external_ipmsm,external_test,13,source_thermal_network_plus_hist_gradient_residual,matched_20min,temp_stator_core,25.772439214381937,23.80587328751034,36.12161640676864,0,0,1200,0.9,11,11,51.64725876607824,True
external_ipmsm,external_test,13,source_thermal_network_plus_hist_gradient_residual,matched_20min,temp_rotor,17.784421426378714,15.720999587707034,27.44643312750506,0,0,1200,0.9,11,11,38.45485090596043,True
external_ipmsm,external_test,14,initial_state_persistence,matched_20min,temp_winding,2.2768021834611325,2.0959854113291674,3.55489339,0,0,1200,0.9,11,11,84.5393295288086,True
external_ipmsm,external_test,14,initial_state_persistence,matched_20min,temp_stator_core,1.4135831141715283,1.3447180775125007,2.0795106600000004,0,0,1200,0.9,11,11,43.12060832977295,True
external_ipmsm,external_test,14,initial_state_persistence,matched_20min,temp_rotor,0.4707096891719109,0.40127357771666716,0.8698097699999998,0,0,1200,0.9,11,11,44.5918083190918,True
external_ipmsm,external_test,14,boundary_shift_persistence,matched_20min,temp_winding,2.4087925963794232,2.2106432806041685,3.9493421449999992,0,0,1200,0.9,11,11,83.22904014587402,True
external_ipmsm,external_test,14,boundary_shift_persistence,matched_20min,temp_stator_core,1.5402352310929575,1.459705607879168,2.240807855,0,0,1200,0.9,11,11,41.81879949569702,True
external_ipmsm,external_test,14,boundary_shift_persistence,matched_20min,temp_rotor,0.8379870965030604,0.7110719893500004,1.4335642900000032,0,0,1200,0.9,11,11,43.09916067123413,True
external_ipmsm,external_test,14,source_ridge_arx,matched_20min,temp_winding,145.54524250641475,121.47731552231484,228.114123105,306,0,1200,0.9,11,11,44.40516317193192,False
external_ipmsm,external_test,14,source_ridge_arx,matched_20min,temp_stator_core,72.81368464518678,58.68654526999773,125.10441421390948,306,0,1200,0.9,11,11,20.165374811697745,False
external_ipmsm,external_test,14,source_ridge_arx,matched_20min,temp_rotor,41.10183508166245,31.64873423174551,85.58656868691052,306,0,1200,0.9,11,11,20.195055477343217,False
external_ipmsm,external_test,14,source_positive_thermal_network_raw,matched_20min,temp_winding,2.339792524916079,1.8161312912025218,4.849242649840132,0,0,1200,0.9,11,11,8.058477992829793,True
external_ipmsm,external_test,14,source_positive_thermal_network_raw,matched_20min,temp_stator_core,0.8519476234726375,0.6514918019410373,1.83664450383338,0,0,1200,0.9,11,11,4.317487049649287,True
external_ipmsm,external_test,14,source_positive_thermal_network_raw,matched_20min,temp_rotor,0.17650398586844765,0.1418995158065512,0.36877337222156825,0,0,1200,0.9,11,11,3.8103349184627646,True
external_ipmsm,external_test,14,source_positive_thermal_network_normalized,matched_20min,temp_winding,194.74386241103886,180.58803489526528,229.944046745,683,0,1200,0.9,11,11,91.6367414043593,False
external_ipmsm,external_test,14,source_positive_thermal_network_normalized,matched_20min,temp_stator_core,105.48997840415267,94.81169927859474,138.54060366514503,683,0,1200,0.9,11,11,46.703099435902075,False
external_ipmsm,external_test,14,source_positive_thermal_network_normalized,matched_20min,temp_rotor,68.65258750736086,54.57085356005043,134.70938900963492,683,0,1200,0.9,11,11,26.741334745280255,False
external_ipmsm,external_test,14,target_only_prefix_positive_thermal_network,matched_20min,temp_winding,0.8656050570351765,0.6594786953388851,2.0661710564996767,0,0,1200,0.9,11,11,77.82053604032467,True
external_ipmsm,external_test,14,target_only_prefix_positive_thermal_network,matched_20min,temp_stator_core,48.059344403343296,36.59584346600314,105.19357756217562,0,0,1200,0.9,11,11,37.807280442993864,False
external_ipmsm,external_test,14,target_only_prefix_positive_thermal_network,matched_20min,temp_rotor,21.57118789931753,16.829554806362548,44.49189103307842,0,0,1200,0.9,11,11,66.9920696371392,True
external_ipmsm,external_test,14,source_prior_prefix_calibrated_thermal_network,matched_20min,temp_winding,194.91214929927924,179.63565622058647,229.944046745,999,0,1200,0.9,11,11,158.88348129701578,False
external_ipmsm,external_test,14,source_prior_prefix_calibrated_thermal_network,matched_20min,temp_stator_core,153.70572374470282,129.3923664215792,228.737565545,999,0,1200,0.9,11,11,87.26464177119581,False
external_ipmsm,external_test,14,source_prior_prefix_calibrated_thermal_network,matched_20min,temp_rotor,104.43752239735439,85.2581992253975,183.62002578203584,999,0,1200,0.9,11,11,72.05810209289089,False
external_ipmsm,external_test,14,source_thermal_network_plus_hist_gradient_residual,matched_20min,temp_winding,195.9010762707172,182.8714686151195,229.944046745,684,0,1200,0.9,11,11,100.59973429916747,False
external_ipmsm,external_test,14,source_thermal_network_plus_hist_gradient_residual,matched_20min,temp_stator_core,105.55205263270561,95.38277911666083,137.64941521303732,684,0,1200,0.9,11,11,51.64725876607824,False
external_ipmsm,external_test,14,source_thermal_network_plus_hist_gradient_residual,matched_20min,temp_rotor,61.397280340850024,48.331919405946934,121.7747735670905,684,0,1200,0.9,11,11,38.45485090596043,False
external_ipmsm,external_test,15,initial_state_persistence,matched_20min,temp_winding,9.147713398257876,8.131625000000001,14.899999999999999,0,0,1200,0.9,11,11,84.5393295288086,True
external_ipmsm,external_test,15,initial_state_persistence,matched_20min,temp_stator_core,5.523902040224828,4.985291666666668,8.850000000000001,0,0,1200,0.9,11,11,43.12060832977295,True
external_ipmsm,external_test,15,initial_state_persistence,matched_20min,temp_rotor,13.313391053054488,12.073008821175,19.68059832,0,0,1200,0.9,11,11,44.5918083190918,True
external_ipmsm,external_test,15,boundary_shift_persistence,matched_20min,temp_winding,8.439253891784508,7.451541666666666,14.700000000000003,0,0,1200,0.9,11,11,83.22904014587402,True
external_ipmsm,external_test,15,boundary_shift_persistence,matched_20min,temp_stator_core,4.792989455096544,4.295541666666666,7.850000000000001,0,0,1200,0.9,11,11,41.81879949569702,True
external_ipmsm,external_test,15,boundary_shift_persistence,matched_20min,temp_rotor,12.449039395865867,11.455175487841663,18.381402749999992,0,0,1200,0.9,11,11,43.09916067123413,True
external_ipmsm,external_test,15,source_ridge_arx,matched_20min,temp_winding,8.521269300583825,6.842561535030854,20.264855774484282,0,0,1200,0.9,11,11,44.40516317193192,True
external_ipmsm,external_test,15,source_ridge_arx,matched_20min,temp_stator_core,3.5310644211218043,2.7581062936422325,9.112018198393987,0,0,1200,0.9,11,11,20.165374811697745,True
external_ipmsm,external_test,15,source_ridge_arx,matched_20min,temp_rotor,3.9639330101575303,3.5926791633616206,7.274124593469928,0,0,1200,0.9,11,11,20.195055477343217,True
external_ipmsm,external_test,15,source_positive_thermal_network_raw,matched_20min,temp_winding,55.604435605881015,51.79197675969338,81.94128450599743,0,0,1200,0.9,11,11,8.058477992829793,False
external_ipmsm,external_test,15,source_positive_thermal_network_raw,matched_20min,temp_stator_core,26.41735091725666,24.299483489653884,35.15071048116447,0,0,1200,0.9,11,11,4.317487049649287,False
external_ipmsm,external_test,15,source_positive_thermal_network_raw,matched_20min,temp_rotor,14.833142234832684,12.785605776763479,23.175081459423374,0,0,1200,0.9,11,11,3.8103349184627646,False
external_ipmsm,external_test,15,source_positive_thermal_network_normalized,matched_20min,temp_winding,4.136318392990364,3.3536098163081776,8.946032788338542,0,0,1200,0.9,11,11,91.6367414043593,True
external_ipmsm,external_test,15,source_positive_thermal_network_normalized,matched_20min,temp_stator_core,1.9548541539521633,1.4918739342040555,4.405527730963037,0,0,1200,0.9,11,11,46.703099435902075,True
external_ipmsm,external_test,15,source_positive_thermal_network_normalized,matched_20min,temp_rotor,5.985570313529853,5.581778265004216,9.228609058008026,0,0,1200,0.9,11,11,26.741334745280255,True
external_ipmsm,external_test,15,target_only_prefix_positive_thermal_network,matched_20min,temp_winding,2.370411329895176,2.061498284077539,4.730871697156694,0,0,1200,0.9,11,11,77.82053604032467,True
external_ipmsm,external_test,15,target_only_prefix_positive_thermal_network,matched_20min,temp_stator_core,1.892758489639243,1.6403614156756332,3.7934543751826624,0,0,1200,0.9,11,11,37.807280442993864,True
external_ipmsm,external_test,15,target_only_prefix_positive_thermal_network,matched_20min,temp_rotor,11.626812208103189,10.439452592155043,18.53797420127852,0,0,1200,0.9,11,11,66.9920696371392,True
external_ipmsm,external_test,15,source_prior_prefix_calibrated_thermal_network,matched_20min,temp_winding,0.7768187855444882,0.6640978942774503,1.6595834254025021,0,0,1200,0.9,11,11,158.88348129701578,True
external_ipmsm,external_test,15,source_prior_prefix_calibrated_thermal_network,matched_20min,temp_stator_core,0.5619197700144696,0.4458746568501665,1.6579514872380763,0,0,1200,0.9,11,11,87.26464177119581,True
external_ipmsm,external_test,15,source_prior_prefix_calibrated_thermal_network,matched_20min,temp_rotor,11.553008718398745,10.356468577319202,18.405961554727778,0,0,1200,0.9,11,11,72.05810209289089,True
external_ipmsm,external_test,15,source_thermal_network_plus_hist_gradient_residual,matched_20min,temp_winding,21.428966806073607,19.826813505398313,34.31577271772301,0,0,1200,0.9,11,11,100.59973429916747,True
external_ipmsm,external_test,15,source_thermal_network_plus_hist_gradient_residual,matched_20min,temp_stator_core,9.411854942042234,8.328212756735626,15.065084856657336,0,0,1200,0.9,11,11,51.64725876607824,True
external_ipmsm,external_test,15,source_thermal_network_plus_hist_gradient_residual,matched_20min,temp_rotor,3.944805391629068,3.229411790126984,7.591400599562547,0,0,1200,0.9,11,11,38.45485090596043,True
